ISO-10303-21;
HEADER;
FILE_DESCRIPTION (( 'STEP AP214' ),
    '1' );
FILE_NAME ('JoyStickCap.STEP',
    '2026-07-24T02:59:12',
    ( '' ),
    ( '' ),
    'SwSTEP 2.0',
    'SolidWorks 2025',
    '' );
FILE_SCHEMA (( 'AUTOMOTIVE_DESIGN' ));
ENDSEC;

DATA;
#1 = VERTEX_POINT ( 'NONE', #1999 ) ;
#2 = DIRECTION ( 'NONE',  ( 0.000000000000000000, 0.000000000000000000, -1.000000000000000000 ) ) ;
#3 = AXIS2_PLACEMENT_3D ( 'NONE', #1174, #30, #688 ) ;
#4 = ADVANCED_FACE ( 'NONE', ( #874 ), #172, .T. ) ;
#5 = VERTEX_POINT ( 'NONE', #836 ) ;
#6 = DIRECTION ( 'NONE',  ( 0.000000000000000000, -2.134256245050205701E-16, 1.000000000000000000 ) ) ;
#7 = CARTESIAN_POINT ( 'NONE',  ( 0.01749015748031423553, 0.01000000000000000021, 0.09374015748031494510 ) ) ;
#8 = CIRCLE ( 'NONE', #1450, 0.009999999999999995004 ) ;
#9 = ORIENTED_EDGE ( 'NONE', *, *, #1695, .T. ) ;
#10 = DIRECTION ( 'NONE',  ( -0.000000000000000000, -0.000000000000000000, 1.000000000000000000 ) ) ;
#11 = CARTESIAN_POINT ( 'NONE',  ( -0.02052124344467704323, 0.01000000000000006439, -0.03499999999999998945 ) ) ;
#12 = CARTESIAN_POINT ( 'NONE',  ( 0.03874999999999999972, 0.2999999999999999889, -0.006771243444677038821 ) ) ;
#13 = DIRECTION ( 'NONE',  ( 1.000000000000000000, 0.000000000000000000, 0.000000000000000000 ) ) ;
#14 = AXIS2_PLACEMENT_3D ( 'NONE', #2039, #556, #2058 ) ;
#15 = VECTOR ( 'NONE', #1275, 39.37007874015748143 ) ;
#16 = TOROIDAL_SURFACE ( 'NONE', #77, 0.02000000000000000042, 0.01000000000000000021 ) ;
#17 = ORIENTED_EDGE ( 'NONE', *, *, #1212, .T. ) ;
#18 = EDGE_CURVE ( 'NONE', #1536, #239, #1973, .T. ) ;
#19 = ORIENTED_EDGE ( 'NONE', *, *, #1153, .T. ) ;
#20 = EDGE_CURVE ( 'NONE', #1967, #1497, #1003, .T. ) ;
#21 = CARTESIAN_POINT ( 'NONE',  ( 0.1074901574803149712, 0.2999999999999999889, -0.003740157480314316562 ) ) ;
#22 = CARTESIAN_POINT ( 'NONE',  ( -0.01749015748031423553, 0.01000000000000006439, -0.1037401574803149540 ) ) ;
#23 = DIRECTION ( 'NONE',  ( 0.000000000000000000, 0.000000000000000000, -1.000000000000000000 ) ) ;
#24 = DIRECTION ( 'NONE',  ( 0.000000000000000000, 0.000000000000000000, -1.000000000000000000 ) ) ;
#25 = CARTESIAN_POINT ( 'NONE',  ( 0.04874999999999999473, 0.2999999999999999889, 0.006771243444677038821 ) ) ;
#26 = EDGE_LOOP ( 'NONE', ( #533, #1352, #1115, #1006 ) ) ;
#27 = ADVANCED_FACE ( 'NONE', ( #1494 ), #1170, .T. ) ;
#28 = ORIENTED_EDGE ( 'NONE', *, *, #2126, .T. ) ;
#29 = ADVANCED_FACE ( 'NONE', ( #1533 ), #1634, .T. ) ;
#30 = DIRECTION ( 'NONE',  ( 0.000000000000000000, 0.000000000000000000, -1.000000000000000000 ) ) ;
#31 = CIRCLE ( 'NONE', #1230, 0.01000000000000000021 ) ;
#32 = DIRECTION ( 'NONE',  ( 8.774164562984179294E-16, 0.000000000000000000, -1.000000000000000000 ) ) ;
#33 = CARTESIAN_POINT ( 'NONE',  ( 0.04874999999999999473, 0.009999999999999995004, 0.006771243444677038821 ) ) ;
#34 = CARTESIAN_POINT ( 'NONE',  ( -0.02713562172233852099, 0.2999999999999999889, 0.02749999999999998973 ) ) ;
#35 = FACE_OUTER_BOUND ( 'NONE', #1615, .T. ) ;
#36 = ORIENTED_EDGE ( 'NONE', *, *, #752, .T. ) ;
#37 = AXIS2_PLACEMENT_3D ( 'NONE', #999, #1650, #180 ) ;
#38 = ORIENTED_EDGE ( 'NONE', *, *, #793, .T. ) ;
#39 = CARTESIAN_POINT ( 'NONE',  ( 0.03374999999999999528, 0.000000000000000000, -0.01999999999999998654 ) ) ;
#40 = VECTOR ( 'NONE', #345, 39.37007874015748143 ) ;
#41 = VECTOR ( 'NONE', #645, 39.37007874015748143 ) ;
#42 = LINE ( 'NONE', #1531, #2044 ) ;
#43 = ADVANCED_FACE ( 'NONE', ( #204 ), #1699, .T. ) ;
#44 = ORIENTED_EDGE ( 'NONE', *, *, #1323, .F. ) ;
#45 = CARTESIAN_POINT ( 'NONE',  ( -0.1174901574803149662, 0.009999999999999995004, 0.003740157480314210744 ) ) ;
#46 = CARTESIAN_POINT ( 'NONE',  ( 0.02052124344467704323, 0.009999999999999995004, 0.03499999999999998945 ) ) ;
#47 = ORIENTED_EDGE ( 'NONE', *, *, #1835, .F. ) ;
#48 = AXIS2_PLACEMENT_3D ( 'NONE', #1522, #714, #2019 ) ;
#49 = AXIS2_PLACEMENT_3D ( 'NONE', #1329, #337, #1981 ) ;
#50 = VERTEX_POINT ( 'NONE', #1689 ) ;
#51 = CARTESIAN_POINT ( 'NONE',  ( -0.03374999999999999528, 0.01000000000000002970, -0.01999999999999998654 ) ) ;
#52 = CARTESIAN_POINT ( 'NONE',  ( -0.01749015748031423553, 0.2999999999999999889, -0.1037401574803149540 ) ) ;
#53 = EDGE_CURVE ( 'NONE', #541, #1245, #185, .T. ) ;
#54 = CARTESIAN_POINT ( 'NONE',  ( 0.01749015748031430839, 0.2899999999999999800, 0.09374015748031494510 ) ) ;
#55 = EDGE_CURVE ( 'NONE', #50, #285, #1733, .T. ) ;
#56 = ORIENTED_EDGE ( 'NONE', *, *, #1780, .F. ) ;
#57 = DIRECTION ( 'NONE',  ( 0.7500000000000000000, 0.000000000000000000, 0.6614378277661477901 ) ) ;
#58 = ORIENTED_EDGE ( 'NONE', *, *, #374, .T. ) ;
#59 = DIRECTION ( 'NONE',  ( 0.000000000000000000, 0.000000000000000000, -1.000000000000000000 ) ) ;
#60 = DIRECTION ( 'NONE',  ( 1.000000000000000000, 0.000000000000000000, 0.000000000000000000 ) ) ;
#61 = DIRECTION ( 'NONE',  ( 0.000000000000000000, 1.000000000000000000, -0.000000000000000000 ) ) ;
#62 = DIRECTION ( 'NONE',  ( -0.000000000000000000, -1.000000000000000000, -0.000000000000000000 ) ) ;
#63 = ORIENTED_EDGE ( 'NONE', *, *, #1708, .T. ) ;
#64 = CARTESIAN_POINT ( 'NONE',  ( 0.1174901574803149662, 0.2999999999999999889, 0.003740157480314240668 ) ) ;
#65 = EDGE_CURVE ( 'NONE', #198, #308, #1159, .T. ) ;
#66 = EDGE_LOOP ( 'NONE', ( #1693, #294, #1729 ) ) ;
#67 = MANIFOLD_SOLID_BREP ( 'Fillet1', #1598 ) ;
#68 = AXIS2_PLACEMENT_3D ( 'NONE', #722, #1049, #59 ) ;
#69 = CARTESIAN_POINT ( 'NONE',  ( -0.01749015748031496759, 0.2899999999999999800, 0.003740157480314928052 ) ) ;
#70 = DIRECTION ( 'NONE',  ( 1.000000000000000000, 0.000000000000000000, 0.000000000000000000 ) ) ;
#71 = CARTESIAN_POINT ( 'NONE',  ( -0.04874999999999999473, 0.000000000000000000, 0.006771243444677038821 ) ) ;
#72 = VERTEX_POINT ( 'NONE', #2047 ) ;
#73 = CARTESIAN_POINT ( 'NONE',  ( -0.03374999999999999528, 0.000000000000000000, -0.01999999999999998654 ) ) ;
#74 = CIRCLE ( 'NONE', #147, 0.02000000000000000042 ) ;
#75 = EDGE_LOOP ( 'NONE', ( #1172, #19, #562, #2023 ) ) ;
#76 = EDGE_CURVE ( 'NONE', #534, #1283, #1324, .T. ) ;
#77 = AXIS2_PLACEMENT_3D ( 'NONE', #2093, #483, #1753 ) ;
#78 = VECTOR ( 'NONE', #1576, 39.37007874015748143 ) ;
#79 = DIRECTION ( 'NONE',  ( -0.7499999999999996669, 0.000000000000000000, 0.6614378277661479011 ) ) ;
#80 = EDGE_CURVE ( 'NONE', #1497, #859, #74, .T. ) ;
#81 = CIRCLE ( 'NONE', #2113, 0.01000000000000000021 ) ;
#82 = FACE_OUTER_BOUND ( 'NONE', #231, .T. ) ;
#83 = DIRECTION ( 'NONE',  ( -0.000000000000000000, -1.000000000000000000, -0.000000000000000000 ) ) ;
#84 = CARTESIAN_POINT ( 'NONE',  ( -0.03374999999999999528, 0.2999999999999999889, -0.01999999999999998654 ) ) ;
#85 = ORIENTED_EDGE ( 'NONE', *, *, #118, .T. ) ;
#86 = DIRECTION ( 'NONE',  ( 1.000000000000000000, 0.000000000000000000, 0.000000000000000000 ) ) ;
#87 = VERTEX_POINT ( 'NONE', #247 ) ;
#88 = DIRECTION ( 'NONE',  ( -0.000000000000000000, -1.000000000000000000, 0.000000000000000000 ) ) ;
#89 = EDGE_LOOP ( 'NONE', ( #1977, #1286, #1888 ) ) ;
#90 = DIRECTION ( 'NONE',  ( 1.000000000000000000, 0.000000000000000000, 0.000000000000000000 ) ) ;
#91 = ADVANCED_FACE ( 'NONE', ( #906 ), #1890, .T. ) ;
#92 = CARTESIAN_POINT ( 'NONE',  ( 0.03374999999999999528, 0.2899999999999999800, -0.03999999999999998002 ) ) ;
#93 = AXIS2_PLACEMENT_3D ( 'NONE', #637, #992, #1298 ) ;
#94 = ORIENTED_EDGE ( 'NONE', *, *, #1346, .F. ) ;
#95 = EDGE_LOOP ( 'NONE', ( #1475, #1490, #1721, #1091 ) ) ;
#96 = CARTESIAN_POINT ( 'NONE',  ( 0.04124999999999999500, 0.01000000000000009909, 0.01338562172233851398 ) ) ;
#97 = ORIENTED_EDGE ( 'NONE', *, *, #1386, .T. ) ;
#98 = CARTESIAN_POINT ( 'NONE',  ( 0.02052124344467704323, 0.2899999999999999800, 0.02499999999999999098 ) ) ;
#99 = TOROIDAL_SURFACE ( 'NONE', #933, 0.02000000000000000042, 0.01000000000000000021 ) ;
#100 = CARTESIAN_POINT ( 'NONE',  ( 0.04874999999999999473, 0.009999999999999995004, 0.006771243444677038821 ) ) ;
#101 = EDGE_CURVE ( 'NONE', #932, #2007, #219, .T. ) ;
#102 = CARTESIAN_POINT ( 'NONE',  ( 0.03874999999999999972, 0.01000000000000006439, 0.006771243444677040556 ) ) ;
#103 = ORIENTED_EDGE ( 'NONE', *, *, #2049, .F. ) ;
#104 = ADVANCED_FACE ( 'NONE', ( #1410 ), #666, .T. ) ;
#105 = AXIS2_PLACEMENT_3D ( 'NONE', #1121, #983, #331 ) ;
#106 = DIRECTION ( 'NONE',  ( -0.000000000000000000, -1.000000000000000000, -0.000000000000000000 ) ) ;
#107 = VERTEX_POINT ( 'NONE', #1061 ) ;
#108 = CARTESIAN_POINT ( 'NONE',  ( -0.03874999999999999972, 0.01000000000000006439, -0.006771243444677039688 ) ) ;
#109 = ORIENTED_EDGE ( 'NONE', *, *, #1178, .T. ) ;
#110 = CARTESIAN_POINT ( 'NONE',  ( 0.03374999999999999528, 0.2999999999999999889, 0.01999999999999998654 ) ) ;
#111 = AXIS2_PLACEMENT_3D ( 'NONE', #1504, #1199, #350 ) ;
#112 = CIRCLE ( 'NONE', #456, 0.09999999999999999167 ) ;
#113 = CIRCLE ( 'NONE', #1187, 0.01000000000000000021 ) ;
#114 = CARTESIAN_POINT ( 'NONE',  ( 0.02052124344467704323, 0.009999999999999995004, -0.03499999999999998945 ) ) ;
#115 = DIRECTION ( 'NONE',  ( 0.000000000000000000, 0.000000000000000000, 1.000000000000000000 ) ) ;
#116 = EDGE_LOOP ( 'NONE', ( #273, #443, #1037, #1024 ) ) ;
#117 = DIRECTION ( 'NONE',  ( -0.000000000000000000, -1.000000000000000000, 0.000000000000000000 ) ) ;
#118 = EDGE_CURVE ( 'NONE', #1420, #776, #1499, .T. ) ;
#119 = ORIENTED_EDGE ( 'NONE', *, *, #435, .F. ) ;
#120 = CARTESIAN_POINT ( 'NONE',  ( -0.02052124344467704323, 0.2899999999999999800, -0.02499999999999999098 ) ) ;
#121 = CARTESIAN_POINT ( 'NONE',  ( 0.1074901574803149712, 0.000000000000000000, 0.003740157480314240668 ) ) ;
#122 = LINE ( 'NONE', #2107, #1941 ) ;
#123 = CYLINDRICAL_SURFACE ( 'NONE', #1243, 0.01000000000000000021 ) ;
#124 = ORIENTED_EDGE ( 'NONE', *, *, #1603, .F. ) ;
#125 = DIRECTION ( 'NONE',  ( 0.000000000000000000, 1.000000000000000000, -0.000000000000000000 ) ) ;
#126 = AXIS2_PLACEMENT_3D ( 'NONE', #359, #1025, #230 ) ;
#127 = ORIENTED_EDGE ( 'NONE', *, *, #1831, .F. ) ;
#128 = ADVANCED_FACE ( 'NONE', ( #1872 ), #1054, .T. ) ;
#129 = DIRECTION ( 'NONE',  ( 0.000000000000000000, 0.000000000000000000, -1.000000000000000000 ) ) ;
#130 = FACE_OUTER_BOUND ( 'NONE', #75, .T. ) ;
#131 = ORIENTED_EDGE ( 'NONE', *, *, #348, .T. ) ;
#132 = CARTESIAN_POINT ( 'NONE',  ( 0.1074901574803149712, 0.01000000000000000021, 0.003740157480314310924 ) ) ;
#133 = DIRECTION ( 'NONE',  ( 0.000000000000000000, 0.000000000000000000, -1.000000000000000000 ) ) ;
#134 = CARTESIAN_POINT ( 'NONE',  ( -0.02052124344467704323, 0.009999999999999998473, 0.03499999999999998945 ) ) ;
#135 = CIRCLE ( 'NONE', #1857, 0.009999999999999995004 ) ;
#136 = ORIENTED_EDGE ( 'NONE', *, *, #940, .F. ) ;
#137 = DIRECTION ( 'NONE',  ( 1.000000000000000000, 0.000000000000000000, 0.000000000000000000 ) ) ;
#138 = APPLICATION_PROTOCOL_DEFINITION ( 'draft international standard', 'automotive_design', 1998, #1149 ) ;
#139 = DIRECTION ( 'NONE',  ( 0.000000000000000000, 0.000000000000000000, -1.000000000000000000 ) ) ;
#140 = AXIS2_PLACEMENT_3D ( 'NONE', #1385, #1898, #1231 ) ;
#141 = VERTEX_POINT ( 'NONE', #1901 ) ;
#142 = DIRECTION ( 'NONE',  ( 0.000000000000000000, -1.000000000000000000, -2.134256245050205701E-16 ) ) ;
#143 = EDGE_CURVE ( 'NONE', #881, #534, #1089, .T. ) ;
#144 = DIRECTION ( 'NONE',  ( 0.7500000000000002220, 0.000000000000000000, -0.6614378277661476790 ) ) ;
#145 = ORIENTED_EDGE ( 'NONE', *, *, #765, .F. ) ;
#146 = ADVANCED_FACE ( 'NONE', ( #886 ), #1541, .T. ) ;
#147 = AXIS2_PLACEMENT_3D ( 'NONE', #1216, #228, #750 ) ;
#148 = CARTESIAN_POINT ( 'NONE',  ( 0.1074901574803149712, 0.009999999999999995004, 0.003740157480314210744 ) ) ;
#149 = DIRECTION ( 'NONE',  ( -0.000000000000000000, -1.000000000000000000, -0.000000000000000000 ) ) ;
#150 = CIRCLE ( 'NONE', #1156, 0.009999999999999995004 ) ;
#151 = AXIS2_PLACEMENT_3D ( 'NONE', #1382, #1727, #250 ) ;
#152 = EDGE_LOOP ( 'NONE', ( #592, #2055, #1846 ) ) ;
#153 = DIRECTION ( 'NONE',  ( -0.000000000000000000, -1.000000000000000000, -0.000000000000000000 ) ) ;
#154 = DIRECTION ( 'NONE',  ( 0.6614378277661476790, 0.000000000000000000, -0.7500000000000001110 ) ) ;
#155 = ORIENTED_EDGE ( 'NONE', *, *, #1256, .T. ) ;
#156 = DIRECTION ( 'NONE',  ( 0.000000000000000000, 0.000000000000000000, -1.000000000000000000 ) ) ;
#157 = LINE ( 'NONE', #121, #839 ) ;
#158 = ORIENTED_EDGE ( 'NONE', *, *, #1253, .F. ) ;
#159 = CARTESIAN_POINT ( 'NONE',  ( -0.1074901574803149712, 0.2899999999999999800, 0.003740157480314282301 ) ) ;
#160 = DIRECTION ( 'NONE',  ( 0.000000000000000000, -0.000000000000000000, -1.000000000000000000 ) ) ;
#161 = EDGE_CURVE ( 'NONE', #627, #998, #1020, .T. ) ;
#162 = ORIENTED_EDGE ( 'NONE', *, *, #1346, .T. ) ;
#163 = CARTESIAN_POINT ( 'NONE',  ( 0.04124999999999999500, 0.2899999999999999800, 0.01338562172233851398 ) ) ;
#164 = ORIENTED_EDGE ( 'NONE', *, *, #1038, .T. ) ;
#165 = DIRECTION ( 'NONE',  ( -1.000000000000000000, 0.000000000000000000, 0.000000000000000000 ) ) ;
#166 = CARTESIAN_POINT ( 'NONE',  ( 0.04874999999999999473, 0.000000000000000000, 0.003740157480314928052 ) ) ;
#167 = ORIENTED_EDGE ( 'NONE', *, *, #1655, .F. ) ;
#168 = DIRECTION ( 'NONE',  ( -1.000000000000000000, 0.000000000000000000, -7.149758420918192217E-15 ) ) ;
#169 = CARTESIAN_POINT ( 'NONE',  ( 0.03874999999999999972, 0.2999999999999999889, 0.006771243444677038821 ) ) ;
#170 = CARTESIAN_POINT ( 'NONE',  ( -0.04874999999999999473, 0.2899999999999999800, -0.006771243444677038821 ) ) ;
#171 = ADVANCED_FACE ( 'NONE', ( #1377 ), #895, .T. ) ;
#172 = PLANE ( 'NONE',  #527 ) ;
#173 =( NAMED_UNIT ( * ) SI_UNIT ( $, .STERADIAN. ) SOLID_ANGLE_UNIT ( ) );
#174 = CARTESIAN_POINT ( 'NONE',  ( -0.01749015748031495024, 0.2999999999999999889, -0.003740157480314961879 ) ) ;
#175 = ADVANCED_FACE ( 'NONE', ( #1879 ), #404, .F. ) ;
#176 = ORIENTED_EDGE ( 'NONE', *, *, #1203, .F. ) ;
#177 = AXIS2_PLACEMENT_3D ( 'NONE', #84, #1745, #1418 ) ;
#178 = EDGE_LOOP ( 'NONE', ( #664, #2104, #155, #1018 ) ) ;
#179 = TOROIDAL_SURFACE ( 'NONE', #1726, 0.02000000000000000042, 0.01000000000000000021 ) ;
#180 = DIRECTION ( 'NONE',  ( 0.000000000000000000, 0.000000000000000000, -1.000000000000000000 ) ) ;
#181 = CARTESIAN_POINT ( 'NONE',  ( 0.01749015748031496759, 0.2899999999999999800, 0.003740157480314944966 ) ) ;
#182 = CARTESIAN_POINT ( 'NONE',  ( -0.02052124344467704323, 0.2899999999999999800, -0.03499999999999998251 ) ) ;
#183 = DIRECTION ( 'NONE',  ( 1.000000000000000000, -0.000000000000000000, 0.000000000000000000 ) ) ;
#184 = DIRECTION ( 'NONE',  ( 0.000000000000000000, 1.000000000000000000, 0.000000000000000000 ) ) ;
#185 = CIRCLE ( 'NONE', #48, 0.009999999999999995004 ) ;
#186 = AXIS2_PLACEMENT_3D ( 'NONE', #1602, #956, #450 ) ;
#187 = VECTOR ( 'NONE', #644, 39.37007874015748143 ) ;
#188 = VERTEX_POINT ( 'NONE', #1100 ) ;
#189 = VECTOR ( 'NONE', #197, 39.37007874015748143 ) ;
#190 = ADVANCED_FACE ( 'NONE', ( #785 ), #276, .T. ) ;
#191 = EDGE_LOOP ( 'NONE', ( #1785, #2061, #1922 ) ) ;
#192 = DIRECTION ( 'NONE',  ( 7.309827639296956443E-15, 0.000000000000000000, 1.000000000000000000 ) ) ;
#193 = AXIS2_PLACEMENT_3D ( 'NONE', #2135, #349, #484 ) ;
#194 = FACE_OUTER_BOUND ( 'NONE', #674, .T. ) ;
#195 = DIRECTION ( 'NONE',  ( 0.000000000000000000, 0.000000000000000000, -1.000000000000000000 ) ) ;
#196 = LINE ( 'NONE', #1700, #1882 ) ;
#197 = DIRECTION ( 'NONE',  ( -0.000000000000000000, -1.000000000000000000, -0.000000000000000000 ) ) ;
#198 = VERTEX_POINT ( 'NONE', #619 ) ;
#199 = ORIENTED_EDGE ( 'NONE', *, *, #1920, .F. ) ;
#200 = ADVANCED_FACE ( 'NONE', ( #2080 ), #1184, .T. ) ;
#201 = LINE ( 'NONE', #1996, #867 ) ;
#202 = CIRCLE ( 'NONE', #1136, 0.009999999999999996739 ) ;
#203 = FACE_OUTER_BOUND ( 'NONE', #1133, .T. ) ;
#204 = FACE_OUTER_BOUND ( 'NONE', #1940, .T. ) ;
#205 = DIRECTION ( 'NONE',  ( -0.6614378277661476790, -0.000000000000000000, -0.7500000000000000000 ) ) ;
#206 = CARTESIAN_POINT ( 'NONE',  ( -0.04124999999999999500, 0.2999999999999999889, 0.01338562172233851051 ) ) ;
#207 = ORIENTED_EDGE ( 'NONE', *, *, #588, .T. ) ;
#208 = VECTOR ( 'NONE', #1606, 39.37007874015748143 ) ;
#209 = CIRCLE ( 'NONE', #1106, 0.009999999999999995004 ) ;
#210 = ORIENTED_EDGE ( 'NONE', *, *, #540, .F. ) ;
#211 = ADVANCED_FACE ( 'NONE', ( #1629 ), #1925, .T. ) ;
#212 = CARTESIAN_POINT ( 'NONE',  ( -0.1074901574803149434, 0.009999999999999993269, -0.003740157480314306154 ) ) ;
#213 = AXIS2_PLACEMENT_3D ( 'NONE', #134, #1819, #1158 ) ;
#214 = DIRECTION ( 'NONE',  ( 0.000000000000000000, 1.000000000000000000, -0.000000000000000000 ) ) ;
#215 = ADVANCED_FACE ( 'NONE', ( #1958 ), #16, .T. ) ;
#216 = DIRECTION ( 'NONE',  ( 1.000000000000000000, 0.000000000000000000, 0.000000000000000000 ) ) ;
#217 = CARTESIAN_POINT ( 'NONE',  ( -0.03374999999999999528, 0.2899999999999999800, -0.01999999999999998654 ) ) ;
#218 = ORIENTED_EDGE ( 'NONE', *, *, #1728, .T. ) ;
#219 = CIRCLE ( 'NONE', #1672, 0.08999999999999999667 ) ;
#220 = DIRECTION ( 'NONE',  ( -0.000000000000000000, -1.000000000000000000, 0.000000000000000000 ) ) ;
#221 = CIRCLE ( 'NONE', #1421, 0.01000000000000000021 ) ;
#222 = AXIS2_PLACEMENT_3D ( 'NONE', #1458, #106, #139 ) ;
#223 = EDGE_LOOP ( 'NONE', ( #923, #1781, #2043, #569 ) ) ;
#224 = AXIS2_PLACEMENT_3D ( 'NONE', #1791, #1613, #156 ) ;
#225 = AXIS2_PLACEMENT_3D ( 'NONE', #174, #1321, #1811 ) ;
#226 = CARTESIAN_POINT ( 'NONE',  ( 0.1174901574803149662, 0.009999999999999995004, -0.003740157480314245005 ) ) ;
#227 = CARTESIAN_POINT ( 'NONE',  ( 0.01749015748031423553, 0.000000000000000000, 0.09374015748031494510 ) ) ;
#228 = DIRECTION ( 'NONE',  ( 0.000000000000000000, 1.000000000000000000, -0.000000000000000000 ) ) ;
#229 = EDGE_CURVE ( 'NONE', #239, #521, #122, .T. ) ;
#230 = DIRECTION ( 'NONE',  ( 0.000000000000000000, 0.000000000000000000, -1.000000000000000000 ) ) ;
#231 = EDGE_LOOP ( 'NONE', ( #523, #1263, #1943 ) ) ;
#232 = ORIENTED_EDGE ( 'NONE', *, *, #2077, .T. ) ;
#233 = DIRECTION ( 'NONE',  ( 0.000000000000000000, 0.000000000000000000, -1.000000000000000000 ) ) ;
#234 = LINE ( 'NONE', #1582, #2062 ) ;
#235 = AXIS2_PLACEMENT_3D ( 'NONE', #693, #1710, #2029 ) ;
#236 = DIRECTION ( 'NONE',  ( -0.000000000000000000, -1.000000000000000000, -0.000000000000000000 ) ) ;
#237 = DIRECTION ( 'NONE',  ( 0.6614378277661476790, 0.000000000000000000, -0.7500000000000000000 ) ) ;
#238 = EDGE_CURVE ( 'NONE', #848, #1351, #2037, .T. ) ;
#239 = VERTEX_POINT ( 'NONE', #963 ) ;
#240 = LINE ( 'NONE', #64, #1735 ) ;
#241 = EDGE_CURVE ( 'NONE', #5, #636, #821, .T. ) ;
#242 = EDGE_LOOP ( 'NONE', ( #1694, #1622, #824, #1775 ) ) ;
#243 = CARTESIAN_POINT ( 'NONE',  ( -0.04874999999999999473, -2.051412021955554024E-18, -0.006771243444677038821 ) ) ;
#244 = EDGE_LOOP ( 'NONE', ( #97, #44, #2067, #1221 ) ) ;
#245 = DIRECTION ( 'NONE',  ( 1.000000000000000000, 0.000000000000000000, 0.000000000000000000 ) ) ;
#246 = AXIS2_PLACEMENT_3D ( 'NONE', #894, #444, #90 ) ;
#247 = CARTESIAN_POINT ( 'NONE',  ( -0.02713562172233852099, 0.2899999999999999800, 0.02749999999999998973 ) ) ;
#248 = FACE_OUTER_BOUND ( 'NONE', #116, .T. ) ;
#249 = ORIENTED_EDGE ( 'NONE', *, *, #1718, .F. ) ;
#250 = DIRECTION ( 'NONE',  ( -0.7499999999999997780, 0.000000000000000000, 0.6614378277661477901 ) ) ;
#251 = ORIENTED_EDGE ( 'NONE', *, *, #516, .F. ) ;
#252 = EDGE_CURVE ( 'NONE', #661, #521, #2109, .T. ) ;
#253 = CARTESIAN_POINT ( 'NONE',  ( -0.02052124344467704323, 0.2899999999999999800, 0.03499999999999998945 ) ) ;
#254 = CARTESIAN_POINT ( 'NONE',  ( -0.01749015748031495024, 0.2899999999999999800, -0.003740157480314961879 ) ) ;
#255 = AXIS2_PLACEMENT_3D ( 'NONE', #802, #283, #1605 ) ;
#256 = DIRECTION ( 'NONE',  ( 0.000000000000000000, 1.000000000000000000, -0.000000000000000000 ) ) ;
#257 = DIRECTION ( 'NONE',  ( -1.000000000000000000, 0.000000000000000000, 0.000000000000000000 ) ) ;
#258 = ORIENTED_EDGE ( 'NONE', *, *, #76, .F. ) ;
#259 = AXIS2_PLACEMENT_3D ( 'NONE', #1688, #2010, #723 ) ;
#260 = DIRECTION ( 'NONE',  ( 0.000000000000000000, 0.000000000000000000, -1.000000000000000000 ) ) ;
#261 = VERTEX_POINT ( 'NONE', #989 ) ;
#262 = ADVANCED_FACE ( 'NONE', ( #974 ), #952, .T. ) ;
#263 = DIRECTION ( 'NONE',  ( 0.000000000000000000, 0.000000000000000000, -1.000000000000000000 ) ) ;
#264 = ORIENTED_EDGE ( 'NONE', *, *, #80, .F. ) ;
#265 = DIRECTION ( 'NONE',  ( 1.707404996040164561E-15, 0.000000000000000000, -1.000000000000000000 ) ) ;
#266 = EDGE_CURVE ( 'NONE', #908, #864, #561, .T. ) ;
#267 = CARTESIAN_POINT ( 'NONE',  ( 0.01749015748031496759, 0.2999999999999999889, -0.003740157480314961879 ) ) ;
#268 = DIRECTION ( 'NONE',  ( -1.000000000000000000, 0.000000000000000000, 0.000000000000000000 ) ) ;
#269 = ORIENTED_EDGE ( 'NONE', *, *, #1521, .T. ) ;
#270 = DIRECTION ( 'NONE',  ( -0.000000000000000000, -0.000000000000000000, -1.000000000000000000 ) ) ;
#271 = ORIENTED_EDGE ( 'NONE', *, *, #1777, .F. ) ;
#272 = LINE ( 'NONE', #1267, #1181 ) ;
#273 = ORIENTED_EDGE ( 'NONE', *, *, #398, .T. ) ;
#274 = AXIS2_PLACEMENT_3D ( 'NONE', #903, #1067, #2045 ) ;
#275 = AXIS2_PLACEMENT_3D ( 'NONE', #132, #1452, #1021 ) ;
#276 = CYLINDRICAL_SURFACE ( 'NONE', #985, 0.009999999999999995004 ) ;
#277 = DIRECTION ( 'NONE',  ( -0.000000000000000000, -1.000000000000000000, 0.000000000000000000 ) ) ;
#278 = EDGE_CURVE ( 'NONE', #392, #945, #113, .T. ) ;
#279 = EDGE_LOOP ( 'NONE', ( #850, #1906, #1150, #1072 ) ) ;
#280 = CIRCLE ( 'NONE', #1863, 0.09999999999999999167 ) ;
#281 = DIRECTION ( 'NONE',  ( 0.000000000000000000, 0.000000000000000000, -1.000000000000000000 ) ) ;
#282 = ORIENTED_EDGE ( 'NONE', *, *, #1708, .F. ) ;
#283 = DIRECTION ( 'NONE',  ( -1.000000000000000000, 0.000000000000000000, 0.000000000000000000 ) ) ;
#284 = CARTESIAN_POINT ( 'NONE',  ( -0.04124999999999999500, 0.2999999999999999889, -0.01338562172233851398 ) ) ;
#285 = VERTEX_POINT ( 'NONE', #1640 ) ;
#286 = AXIS2_PLACEMENT_3D ( 'NONE', #855, #216, #1042 ) ;
#287 = AXIS2_PLACEMENT_3D ( 'NONE', #1916, #125, #1928 ) ;
#288 = DIRECTION ( 'NONE',  ( 0.000000000000000000, 1.000000000000000000, -0.000000000000000000 ) ) ;
#289 = AXIS2_PLACEMENT_3D ( 'NONE', #2064, #1083, #1065 ) ;
#290 = DIRECTION ( 'NONE',  ( -1.000000000000000000, 0.000000000000000000, 0.000000000000000000 ) ) ;
#291 = ADVANCED_FACE ( 'NONE', ( #1126 ), #437, .T. ) ;
#292 = ORIENTED_EDGE ( 'NONE', *, *, #1424, .F. ) ;
#293 = DIRECTION ( 'NONE',  ( -0.000000000000000000, -1.000000000000000000, 0.000000000000000000 ) ) ;
#294 = ORIENTED_EDGE ( 'NONE', *, *, #238, .F. ) ;
#295 = CARTESIAN_POINT ( 'NONE',  ( 0.1074901574803149712, 0.2999999999999999889, 0.003740157480314240668 ) ) ;
#296 = CARTESIAN_POINT ( 'NONE',  ( 0.02052124344467704323, 0.2899999999999999800, -0.03499999999999998945 ) ) ;
#297 = ORIENTED_EDGE ( 'NONE', *, *, #406, .T. ) ;
#298 = CARTESIAN_POINT ( 'NONE',  ( 0.03374999999999999528, 0.2899999999999999800, -0.01999999999999998654 ) ) ;
#299 = DIRECTION ( 'NONE',  ( -0.000000000000000000, -1.000000000000000000, 0.000000000000000000 ) ) ;
#300 = CARTESIAN_POINT ( 'NONE',  ( -0.02052124344467704323, 0.2899999999999999800, -0.03499999999999998945 ) ) ;
#301 = ORIENTED_EDGE ( 'NONE', *, *, #305, .F. ) ;
#302 = CARTESIAN_POINT ( 'NONE',  ( -0.04874999999999999473, 0.2999999999999999889, -0.006771243444677040556 ) ) ;
#303 = EDGE_CURVE ( 'NONE', #1380, #1045, #1501, .T. ) ;
#304 = ORIENTED_EDGE ( 'NONE', *, *, #490, .T. ) ;
#305 = EDGE_CURVE ( 'NONE', #571, #422, #806, .T. ) ;
#306 = CARTESIAN_POINT ( 'NONE',  ( -0.03874999999999999972, 0.009999999999999995004, 0.006771243444677038821 ) ) ;
#307 = CARTESIAN_POINT ( 'NONE',  ( -0.03374999999999999528, 0.01000000000000002970, 0.01999999999999998654 ) ) ;
#308 = VERTEX_POINT ( 'NONE', #1454 ) ;
#309 = CARTESIAN_POINT ( 'NONE',  ( 0.03874999999999999972, 0.2899999999999999800, -0.006771243444677038821 ) ) ;
#310 = DIRECTION ( 'NONE',  ( -0.6614378277661476790, 0.000000000000000000, -0.7500000000000001110 ) ) ;
#311 = TOROIDAL_SURFACE ( 'NONE', #37, 0.02000000000000000042, 0.01000000000000000021 ) ;
#312 = ORIENTED_EDGE ( 'NONE', *, *, #676, .T. ) ;
#313 = SHAPE_DEFINITION_REPRESENTATION ( #984, #1125 ) ;
#314 = CYLINDRICAL_SURFACE ( 'NONE', #1358, 0.01000000000000000021 ) ;
#315 = ORIENTED_EDGE ( 'NONE', *, *, #1780, .T. ) ;
#316 = CIRCLE ( 'NONE', #1453, 0.01000000000000000021 ) ;
#317 = CARTESIAN_POINT ( 'NONE',  ( -0.02052124344467704323, 0.009999999999999995004, -0.02499999999999999098 ) ) ;
#318 = DIRECTION ( 'NONE',  ( -1.000000000000000000, 0.000000000000000000, 0.000000000000000000 ) ) ;
#319 = ORIENTED_EDGE ( 'NONE', *, *, #241, .F. ) ;
#320 = EDGE_CURVE ( 'NONE', #864, #1075, #1467, .T. ) ;
#321 = CARTESIAN_POINT ( 'NONE',  ( 0.01749015748031423553, 0.01000000000000006439, 0.1037401574803149401 ) ) ;
#322 = STYLED_ITEM ( 'NONE', ( #537 ), #67 ) ;
#323 = DIRECTION ( 'NONE',  ( 0.000000000000000000, 1.000000000000000000, 0.000000000000000000 ) ) ;
#324 = CARTESIAN_POINT ( 'NONE',  ( 0.02713562172233852099, 0.2899999999999999800, 0.02749999999999998973 ) ) ;
#325 = AXIS2_PLACEMENT_3D ( 'NONE', #866, #352, #1645 ) ;
#326 = VERTEX_POINT ( 'NONE', #1305 ) ;
#327 = CARTESIAN_POINT ( 'NONE',  ( 0.01749015748031496759, 0.2899999999999999800, 0.003740157480314944966 ) ) ;
#328 = AXIS2_PLACEMENT_3D ( 'NONE', #817, #2130, #129 ) ;
#329 = ORIENTED_EDGE ( 'NONE', *, *, #2035, .T. ) ;
#330 = CARTESIAN_POINT ( 'NONE',  ( -0.03374999999999999528, 0.2899999999999999800, -0.01999999999999998654 ) ) ;
#331 = DIRECTION ( 'NONE',  ( -1.000000000000000000, 0.000000000000000000, 0.000000000000000000 ) ) ;
#332 = EDGE_LOOP ( 'NONE', ( #164, #249, #136 ) ) ;
#333 = AXIS2_PLACEMENT_3D ( 'NONE', #473, #1145, #620 ) ;
#334 = ADVANCED_FACE ( 'NONE', ( #1157 ), #2134, .T. ) ;
#335 = DIRECTION ( 'NONE',  ( 1.000000000000000000, 0.000000000000000000, -7.043045608665681944E-15 ) ) ;
#336 = AXIS2_PLACEMENT_3D ( 'NONE', #182, #1520, #854 ) ;
#337 = DIRECTION ( 'NONE',  ( -0.000000000000000000, -1.000000000000000000, 0.000000000000000000 ) ) ;
#338 = DIRECTION ( 'NONE',  ( 0.000000000000000000, 0.000000000000000000, -1.000000000000000000 ) ) ;
#339 = ADVANCED_FACE ( 'NONE', ( #1970 ), #1675, .T. ) ;
#340 =( LENGTH_UNIT ( ) NAMED_UNIT ( * ) SI_UNIT ( $, .METRE. ) );
#341 = APPLICATION_PROTOCOL_DEFINITION ( 'draft international standard', 'automotive_design', 1998, #1041 ) ;
#342 = DIRECTION ( 'NONE',  ( 0.000000000000000000, 0.000000000000000000, -1.000000000000000000 ) ) ;
#343 = ORIENTED_EDGE ( 'NONE', *, *, #987, .T. ) ;
#344 = AXIS2_PLACEMENT_3D ( 'NONE', #2012, #715, #725 ) ;
#345 = DIRECTION ( 'NONE',  ( 0.000000000000000000, 0.000000000000000000, 1.000000000000000000 ) ) ;
#346 = EDGE_LOOP ( 'NONE', ( #109, #1402, #1705, #451 ) ) ;
#347 = DIRECTION ( 'NONE',  ( -0.000000000000000000, -1.000000000000000000, 0.000000000000000000 ) ) ;
#348 = EDGE_CURVE ( 'NONE', #1380, #2099, #739, .T. ) ;
#349 = DIRECTION ( 'NONE',  ( 0.000000000000000000, 0.000000000000000000, 1.000000000000000000 ) ) ;
#350 = DIRECTION ( 'NONE',  ( 0.000000000000000000, 0.000000000000000000, -1.000000000000000000 ) ) ;
#351 = ADVANCED_FACE ( 'NONE', ( #1809 ), #1938, .T. ) ;
#352 = DIRECTION ( 'NONE',  ( -1.000000000000000000, 0.000000000000000000, 0.000000000000000000 ) ) ;
#353 = ORIENTED_EDGE ( 'NONE', *, *, #266, .F. ) ;
#354 = ORIENTED_EDGE ( 'NONE', *, *, #873, .F. ) ;
#355 = VECTOR ( 'NONE', #641, 39.37007874015748143 ) ;
#356 = DIRECTION ( 'NONE',  ( -0.000000000000000000, -1.000000000000000000, -0.000000000000000000 ) ) ;
#357 = FACE_OUTER_BOUND ( 'NONE', #152, .T. ) ;
#358 = VERTEX_POINT ( 'NONE', #22 ) ;
#359 = CARTESIAN_POINT ( 'NONE',  ( 0.03374999999999999528, 0.009999999999999995004, -0.01999999999999998654 ) ) ;
#360 = DIRECTION ( 'NONE',  ( -0.000000000000000000, -1.000000000000000000, -0.000000000000000000 ) ) ;
#361 = AXIS2_PLACEMENT_3D ( 'NONE', #1166, #1818, #1663 ) ;
#362 = AXIS2_PLACEMENT_3D ( 'NONE', #1787, #475, #2114 ) ;
#363 = EDGE_CURVE ( 'NONE', #2099, #819, #1285, .T. ) ;
#364 = ORIENTED_EDGE ( 'NONE', *, *, #957, .T. ) ;
#365 = CIRCLE ( 'NONE', #1465, 0.01000000000000000021 ) ;
#366 = EDGE_LOOP ( 'NONE', ( #1886, #1751, #812, #1893 ) ) ;
#367 = DIRECTION ( 'NONE',  ( 0.000000000000000000, 1.000000000000000000, -0.000000000000000000 ) ) ;
#368 = AXIS2_PLACEMENT_3D ( 'NONE', #515, #555, #1989 ) ;
#369 = DIRECTION ( 'NONE',  ( -1.000000000000000000, -0.000000000000000000, -0.000000000000000000 ) ) ;
#370 = DIRECTION ( 'NONE',  ( -0.000000000000000000, -1.000000000000000000, -0.000000000000000000 ) ) ;
#371 = EDGE_LOOP ( 'NONE', ( #1635, #1486, #1342, #1268 ) ) ;
#372 = ADVANCED_FACE ( 'NONE', ( #1478 ), #508, .T. ) ;
#373 = ORIENTED_EDGE ( 'NONE', *, *, #1016, .F. ) ;
#374 = EDGE_CURVE ( 'NONE', #1395, #624, #1561, .T. ) ;
#375 = CIRCLE ( 'NONE', #542, 0.01999999999999999695 ) ;
#376 = CARTESIAN_POINT ( 'NONE',  ( 0.1074901574803149712, 0.2899999999999999800, 0.003740157480314240668 ) ) ;
#377 = DIRECTION ( 'NONE',  ( 1.000000000000000000, 0.000000000000000000, 0.000000000000000000 ) ) ;
#378 = DIMENSIONAL_EXPONENTS ( 1.000000000000000000, 0.000000000000000000, 0.000000000000000000, 0.000000000000000000, 0.000000000000000000, 0.000000000000000000, 0.000000000000000000 ) ;
#379 = LINE ( 'NONE', #1043, #685 ) ;
#380 = EDGE_LOOP ( 'NONE', ( #162, #1255, #1211, #1096 ) ) ;
#381 = ORIENTED_EDGE ( 'NONE', *, *, #320, .F. ) ;
#382 = EDGE_CURVE ( 'NONE', #831, #868, #1120, .T. ) ;
#383 = CARTESIAN_POINT ( 'NONE',  ( -0.02052124344467704323, 0.000000000000000000, -0.03499999999999998251 ) ) ;
#384 = AXIS2_PLACEMENT_3D ( 'NONE', #1474, #997, #2131 ) ;
#385 = AXIS2_PLACEMENT_3D ( 'NONE', #975, #834, #823 ) ;
#386 = LINE ( 'NONE', #1050, #466 ) ;
#387 = DIRECTION ( 'NONE',  ( -0.000000000000000000, -1.000000000000000000, -0.000000000000000000 ) ) ;
#388 = EDGE_LOOP ( 'NONE', ( #1909, #1383, #1836, #1722 ) ) ;
#389 = DIRECTION ( 'NONE',  ( 0.000000000000000000, 1.000000000000000000, -0.000000000000000000 ) ) ;
#390 = CIRCLE ( 'NONE', #1599, 0.01000000000000000021 ) ;
#391 = VECTOR ( 'NONE', #1948, 39.37007874015748143 ) ;
#392 = VERTEX_POINT ( 'NONE', #467 ) ;
#393 = DIRECTION ( 'NONE',  ( 0.000000000000000000, 0.000000000000000000, 1.000000000000000000 ) ) ;
#394 = CYLINDRICAL_SURFACE ( 'NONE', #1175, 0.009999999999999995004 ) ;
#395 = EDGE_CURVE ( 'NONE', #1380, #1515, #1734, .T. ) ;
#396 = DIRECTION ( 'NONE',  ( 0.000000000000000000, 0.000000000000000000, -1.000000000000000000 ) ) ;
#397 = CARTESIAN_POINT ( 'NONE',  ( 0.1074901574803149712, 0.01000000000000000021, -0.003740157480314245005 ) ) ;
#398 = EDGE_CURVE ( 'NONE', #1481, #756, #221, .T. ) ;
#399 = EDGE_LOOP ( 'NONE', ( #1987, #1470, #747, #1578, #2053, #1739, #708, #717, #329, #1575 ) ) ;
#400 = DIRECTION ( 'NONE',  ( 3.628235616585350062E-15, 0.000000000000000000, -1.000000000000000000 ) ) ;
#401 = ORIENTED_EDGE ( 'NONE', *, *, #678, .T. ) ;
#402 = CARTESIAN_POINT ( 'NONE',  ( 0.03874999999999999972, 0.2899999999999999800, 0.006771243444677040556 ) ) ;
#403 = EDGE_CURVE ( 'NONE', #534, #889, #150, .T. ) ;
#404 = PLANE ( 'NONE',  #421 ) ;
#405 = CARTESIAN_POINT ( 'NONE',  ( 0.01749015748031496759, 0.009999999999999995004, -0.003740157480314961879 ) ) ;
#406 = EDGE_CURVE ( 'NONE', #1497, #1460, #81, .T. ) ;
#407 = EDGE_LOOP ( 'NONE', ( #1326, #1581, #1631, #1864 ) ) ;
#408 = SPHERICAL_SURFACE ( 'NONE', #289, 0.01000000000000000021 ) ;
#409 = VERTEX_POINT ( 'NONE', #1488 ) ;
#410 = AXIS2_PLACEMENT_3D ( 'NONE', #1714, #1539, #1677 ) ;
#411 = CARTESIAN_POINT ( 'NONE',  ( -0.02052124344467704323, 0.2899999999999999800, -0.02499999999999999098 ) ) ;
#412 = ORIENTED_EDGE ( 'NONE', *, *, #703, .T. ) ;
#413 = CARTESIAN_POINT ( 'NONE',  ( -0.02052124344467704323, 0.01000000000000000021, 0.03499999999999998945 ) ) ;
#414 = AXIS2_PLACEMENT_3D ( 'NONE', #791, #804, #1638 ) ;
#415 = AXIS2_PLACEMENT_3D ( 'NONE', #1262, #268, #115 ) ;
#416 = CARTESIAN_POINT ( 'NONE',  ( -0.01749015748031496759, 0.2999999999999999889, 0.003740157480314928052 ) ) ;
#417 = CARTESIAN_POINT ( 'NONE',  ( 0.03374999999999999528, 0.2899999999999999800, -0.02999999999999998848 ) ) ;
#418 = EDGE_LOOP ( 'NONE', ( #961, #1393, #470, #1844 ) ) ;
#419 = FACE_OUTER_BOUND ( 'NONE', #2082, .T. ) ;
#420 = EDGE_CURVE ( 'NONE', #2007, #1738, #1277, .T. ) ;
#421 = AXIS2_PLACEMENT_3D ( 'NONE', #2028, #1069, #1563 ) ;
#422 = VERTEX_POINT ( 'NONE', #959 ) ;
#423 = CIRCLE ( 'NONE', #287, 0.01000000000000000021 ) ;
#424 = DIRECTION ( 'NONE',  ( 0.000000000000000000, 0.000000000000000000, -1.000000000000000000 ) ) ;
#425 = DIRECTION ( 'NONE',  ( 0.7500000000000001110, 0.000000000000000000, -0.6614378277661476790 ) ) ;
#426 = CARTESIAN_POINT ( 'NONE',  ( 0.03874999999999999972, 0.2899999999999999800, -0.006771243444677038821 ) ) ;
#427 = CARTESIAN_POINT ( 'NONE',  ( 0.03374999999999999528, 0.2999999999999999889, -0.01999999999999998654 ) ) ;
#428 = VERTEX_POINT ( 'NONE', #295 ) ;
#429 = AXIS2_PLACEMENT_3D ( 'NONE', #1641, #1455, #160 ) ;
#430 = LINE ( 'NONE', #880, #1419 ) ;
#431 = AXIS2_PLACEMENT_3D ( 'NONE', #1345, #526, #2027 ) ;
#432 = ORIENTED_EDGE ( 'NONE', *, *, #1282, .F. ) ;
#433 = DIRECTION ( 'NONE',  ( 1.000000000000000000, 0.000000000000000000, 0.000000000000000000 ) ) ;
#434 = ORIENTED_EDGE ( 'NONE', *, *, #1212, .F. ) ;
#435 = EDGE_CURVE ( 'NONE', #1395, #392, #1782, .T. ) ;
#436 = CYLINDRICAL_SURFACE ( 'NONE', #606, 0.01000000000000000021 ) ;
#437 = CYLINDRICAL_SURFACE ( 'NONE', #1218, 0.01000000000000000021 ) ;
#438 = CARTESIAN_POINT ( 'NONE',  ( -0.02713562172233852099, 0.2899999999999999800, -0.02749999999999998973 ) ) ;
#439 = EDGE_LOOP ( 'NONE', ( #28, #292, #271 ) ) ;
#440 = CARTESIAN_POINT ( 'NONE',  ( -0.02052124344467704323, 0.009999999999999995004, 0.02499999999999999098 ) ) ;
#441 = ORIENTED_EDGE ( 'NONE', *, *, #1269, .T. ) ;
#442 = DIRECTION ( 'NONE',  ( -7.256471233170700123E-15, 1.000000000000000000, 0.000000000000000000 ) ) ;
#443 = ORIENTED_EDGE ( 'NONE', *, *, #1099, .T. ) ;
#444 = DIRECTION ( 'NONE',  ( 0.000000000000000000, 0.000000000000000000, 1.000000000000000000 ) ) ;
#445 = EDGE_CURVE ( 'NONE', #1420, #859, #1123, .T. ) ;
#446 = CIRCLE ( 'NONE', #1238, 0.01000000000000000021 ) ;
#447 = CARTESIAN_POINT ( 'NONE',  ( -0.04874999999999999473, 0.009999999999999995004, -0.006771243444677038821 ) ) ;
#448 = CARTESIAN_POINT ( 'NONE',  ( -0.04124999999999999500, 0.01000000000000009909, -0.01338562172233851398 ) ) ;
#449 = VERTEX_POINT ( 'NONE', #1266 ) ;
#450 = DIRECTION ( 'NONE',  ( -1.000000000000000000, 0.000000000000000000, 0.000000000000000000 ) ) ;
#451 = ORIENTED_EDGE ( 'NONE', *, *, #1236, .F. ) ;
#452 = CARTESIAN_POINT ( 'NONE',  ( -0.02052124344467704323, 0.2999999999999999889, 0.03499999999999998251 ) ) ;
#453 = VECTOR ( 'NONE', #1716, 39.37007874015748143 ) ;
#454 = DIRECTION ( 'NONE',  ( 1.000000000000000000, -0.000000000000000000, -0.000000000000000000 ) ) ;
#455 = ORIENTED_EDGE ( 'NONE', *, *, #1294, .T. ) ;
#456 = AXIS2_PLACEMENT_3D ( 'NONE', #1299, #600, #2084 ) ;
#457 = FACE_OUTER_BOUND ( 'NONE', #2091, .T. ) ;
#458 = CARTESIAN_POINT ( 'NONE',  ( 0.02052124344467704323, 0.2999999999999999889, 0.03499999999999998945 ) ) ;
#459 = ADVANCED_FACE ( 'NONE', ( #1805 ), #951, .T. ) ;
#460 = CARTESIAN_POINT ( 'NONE',  ( -0.03874999999999999972, 0.2899999999999999800, -0.006771243444677039688 ) ) ;
#461 = ORIENTED_EDGE ( 'NONE', *, *, #1012, .F. ) ;
#462 = EDGE_CURVE ( 'NONE', #627, #787, #910, .T. ) ;
#463 = DIRECTION ( 'NONE',  ( 1.000000000000000000, 0.000000000000000000, -1.067128122525103344E-16 ) ) ;
#464 = CIRCLE ( 'NONE', #1194, 0.08999999999999999667 ) ;
#465 = EDGE_LOOP ( 'NONE', ( #434, #343, #304, #558 ) ) ;
#466 = VECTOR ( 'NONE', #1678, 39.37007874015748143 ) ;
#467 = CARTESIAN_POINT ( 'NONE',  ( 0.02052124344467704323, 0.01000000000000006439, -0.02499999999999999098 ) ) ;
#468 = CARTESIAN_POINT ( 'NONE',  ( -0.02713562172233852099, 0.2999999999999999889, -0.02749999999999998973 ) ) ;
#469 = AXIS2_PLACEMENT_3D ( 'NONE', #52, #1368, #2018 ) ;
#470 = ORIENTED_EDGE ( 'NONE', *, *, #403, .F. ) ;
#471 = DIRECTION ( 'NONE',  ( 7.149758420918192217E-15, -7.149758420918192217E-15, -1.000000000000000000 ) ) ;
#472 = DIRECTION ( 'NONE',  ( 1.000000000000000000, 0.000000000000000000, 0.000000000000000000 ) ) ;
#473 = CARTESIAN_POINT ( 'NONE',  ( -0.01749015748031423553, 0.009999999999999995004, -0.09374015748031495898 ) ) ;
#474 = ORIENTED_EDGE ( 'NONE', *, *, #540, .T. ) ;
#475 = DIRECTION ( 'NONE',  ( -0.000000000000000000, -1.000000000000000000, 0.000000000000000000 ) ) ;
#476 = ADVANCED_FACE ( 'NONE', ( #948 ), #1312, .T. ) ;
#477 = AXIS2_PLACEMENT_3D ( 'NONE', #217, #1512, #875 ) ;
#478 = ORIENTED_EDGE ( 'NONE', *, *, #101, .F. ) ;
#479 = CARTESIAN_POINT ( 'NONE',  ( 0.04874999999999999473, 0.2899999999999999800, -0.006771243444677038821 ) ) ;
#480 = CARTESIAN_POINT ( 'NONE',  ( -0.03874999999999999972, 0.2899999999999999800, 0.006771243444677038821 ) ) ;
#481 = ORIENTED_EDGE ( 'NONE', *, *, #1920, .T. ) ;
#482 = LINE ( 'NONE', #1816, #1589 ) ;
#483 = DIRECTION ( 'NONE',  ( -0.000000000000000000, -1.000000000000000000, 0.000000000000000000 ) ) ;
#484 = DIRECTION ( 'NONE',  ( 1.000000000000000000, 0.000000000000000000, 0.000000000000000000 ) ) ;
#485 = CIRCLE ( 'NONE', #1414, 0.009999999999999998473 ) ;
#486 = ORIENTED_EDGE ( 'NONE', *, *, #727, .T. ) ;
#487 = DIRECTION ( 'NONE',  ( 0.000000000000000000, 0.000000000000000000, -1.000000000000000000 ) ) ;
#488 = DIRECTION ( 'NONE',  ( 0.000000000000000000, 0.000000000000000000, -1.000000000000000000 ) ) ;
#489 = ORIENTED_EDGE ( 'NONE', *, *, #1765, .F. ) ;
#490 = EDGE_CURVE ( 'NONE', #1756, #1812, #781, .T. ) ;
#491 = DIRECTION ( 'NONE',  ( 0.000000000000000000, 1.000000000000000000, -0.000000000000000000 ) ) ;
#492 = ORIENTED_EDGE ( 'NONE', *, *, #1907, .F. ) ;
#493 = EDGE_CURVE ( 'NONE', #1303, #2076, #1804, .T. ) ;
#494 = DIRECTION ( 'NONE',  ( 0.000000000000000000, 0.000000000000000000, -1.000000000000000000 ) ) ;
#495 = DIRECTION ( 'NONE',  ( -0.000000000000000000, -1.000000000000000000, 0.000000000000000000 ) ) ;
#496 = CIRCLE ( 'NONE', #1084, 0.01999999999999999695 ) ;
#497 = AXIS2_PLACEMENT_3D ( 'NONE', #447, #1112, #1144 ) ;
#498 = EDGE_LOOP ( 'NONE', ( #282, #870, #232, #1108 ) ) ;
#499 = VECTOR ( 'NONE', #1623, 39.37007874015748143 ) ;
#500 = CARTESIAN_POINT ( 'NONE',  ( -0.04874999999999999473, 0.000000000000000000, 0.003740157480314928052 ) ) ;
#501 = EDGE_LOOP ( 'NONE', ( #2132, #1802, #726, #1526 ) ) ;
#502 = EDGE_CURVE ( 'NONE', #1812, #848, #1647, .T. ) ;
#503 = DIRECTION ( 'NONE',  ( -1.000000000000000000, 0.000000000000000000, 0.000000000000000000 ) ) ;
#504 = ORIENTED_EDGE ( 'NONE', *, *, #852, .F. ) ;
#505 = VECTOR ( 'NONE', #1510, 39.37007874015748143 ) ;
#506 = ADVANCED_FACE ( 'NONE', ( #1761 ), #1461, .T. ) ;
#507 = DIRECTION ( 'NONE',  ( 0.000000000000000000, 0.000000000000000000, -1.000000000000000000 ) ) ;
#508 = SPHERICAL_SURFACE ( 'NONE', #361, 0.01000000000000000021 ) ;
#509 = CYLINDRICAL_SURFACE ( 'NONE', #193, 0.009999999999999995004 ) ;
#510 =( CONVERSION_BASED_UNIT ( 'INCH', #1847 ) LENGTH_UNIT ( ) NAMED_UNIT ( #1354 ) );
#511 = DIRECTION ( 'NONE',  ( 0.000000000000000000, 0.000000000000000000, -1.000000000000000000 ) ) ;
#512 = ORIENTED_EDGE ( 'NONE', *, *, #554, .T. ) ;
#513 = ORIENTED_EDGE ( 'NONE', *, *, #1570, .T. ) ;
#514 = LINE ( 'NONE', #226, #1587 ) ;
#515 = CARTESIAN_POINT ( 'NONE',  ( 0.02052124344467704323, 0.2899999999999999800, -0.03499999999999998945 ) ) ;
#516 = EDGE_CURVE ( 'NONE', #1434, #188, #365, .T. ) ;
#517 = VERTEX_POINT ( 'NONE', #1931 ) ;
#518 = CARTESIAN_POINT ( 'NONE',  ( 0.04874999999999999473, 0.009999999999999998473, 0.006771243444677038821 ) ) ;
#519 = CARTESIAN_POINT ( 'NONE',  ( 0.000000000000000000, 0.000000000000000000, 0.000000000000000000 ) ) ;
#520 = DIRECTION ( 'NONE',  ( 3.414809992080329122E-15, 0.000000000000000000, -1.000000000000000000 ) ) ;
#521 = VERTEX_POINT ( 'NONE', #452 ) ;
#522 = AXIS2_PLACEMENT_3D ( 'NONE', #1889, #1098, #1744 ) ;
#523 = ORIENTED_EDGE ( 'NONE', *, *, #1086, .T. ) ;
#524 = AXIS2_PLACEMENT_3D ( 'NONE', #596, #760, #1417 ) ;
#525 = DIRECTION ( 'NONE',  ( -0.6614378277661476790, -7.247403442277054261E-16, 0.7499999999999998890 ) ) ;
#526 = DIRECTION ( 'NONE',  ( 1.000000000000000000, 0.000000000000000000, 0.000000000000000000 ) ) ;
#527 = AXIS2_PLACEMENT_3D ( 'NONE', #1821, #183, #195 ) ;
#528 = ADVANCED_FACE ( 'NONE', ( #1773 ), #1566, .T. ) ;
#529 = DIRECTION ( 'NONE',  ( 0.7500000000000002220, -0.000000000000000000, 0.6614378277661476790 ) ) ;
#530 = LINE ( 'NONE', #1992, #1097 ) ;
#531 = CARTESIAN_POINT ( 'NONE',  ( -0.04874999999999999473, 0.01000000000000000021, 0.006771243444677038821 ) ) ;
#532 = EDGE_CURVE ( 'NONE', #1425, #1674, #1842, .T. ) ;
#533 = ORIENTED_EDGE ( 'NONE', *, *, #676, .F. ) ;
#534 = VERTEX_POINT ( 'NONE', #309 ) ;
#535 = CARTESIAN_POINT ( 'NONE',  ( 0.03374999999999999528, -2.134256245050205639E-18, -0.03999999999999998002 ) ) ;
#536 = SPHERICAL_SURFACE ( 'NONE', #1162, 0.01000000000000000021 ) ;
#537 = PRESENTATION_STYLE_ASSIGNMENT (( #1369 ) ) ;
#538 = DIRECTION ( 'NONE',  ( -0.000000000000000000, 0.000000000000000000, 1.000000000000000000 ) ) ;
#539 = ORIENTED_EDGE ( 'NONE', *, *, #1848, .F. ) ;
#540 = EDGE_CURVE ( 'NONE', #2111, #358, #1466, .T. ) ;
#541 = VERTEX_POINT ( 'NONE', #21 ) ;
#542 = AXIS2_PLACEMENT_3D ( 'NONE', #1332, #1984, #1822 ) ;
#543 = CARTESIAN_POINT ( 'NONE',  ( 0.03374999999999999528, 0.01000000000000002970, -0.01999999999999998654 ) ) ;
#544 = FACE_OUTER_BOUND ( 'NONE', #66, .T. ) ;
#545 = LINE ( 'NONE', #45, #1815 ) ;
#546 = EDGE_LOOP ( 'NONE', ( #1719, #1994, #1131, #1507 ) ) ;
#547 = AXIS2_PLACEMENT_3D ( 'NONE', #1416, #88, #1557 ) ;
#548 = DIRECTION ( 'NONE',  ( -2.134256245050206687E-16, 0.000000000000000000, -1.000000000000000000 ) ) ;
#549 = AXIS2_PLACEMENT_3D ( 'NONE', #1039, #1696, #1988 ) ;
#550 = ORIENTED_EDGE ( 'NONE', *, *, #1279, .F. ) ;
#551 = ADVANCED_FACE ( 'NONE', ( #1009 ), #643, .T. ) ;
#552 = CIRCLE ( 'NONE', #2063, 0.09999999999999999167 ) ;
#553 = PLANE ( 'NONE',  #3 ) ;
#554 = EDGE_CURVE ( 'NONE', #50, #2111, #209, .T. ) ;
#555 = DIRECTION ( 'NONE',  ( -0.000000000000000000, -1.000000000000000000, -0.000000000000000000 ) ) ;
#556 = DIRECTION ( 'NONE',  ( -0.000000000000000000, -1.000000000000000000, 0.000000000000000000 ) ) ;
#557 = DIRECTION ( 'NONE',  ( -0.000000000000000000, -1.000000000000000000, -0.000000000000000000 ) ) ;
#558 = ORIENTED_EDGE ( 'NONE', *, *, #502, .T. ) ;
#559 = LINE ( 'NONE', #922, #78 ) ;
#560 = CIRCLE ( 'NONE', #1023, 0.01000000000000000021 ) ;
#561 = CIRCLE ( 'NONE', #1392, 0.009999999999999995004 ) ;
#562 = ORIENTED_EDGE ( 'NONE', *, *, #1870, .T. ) ;
#563 = EDGE_CURVE ( 'NONE', #1245, #261, #482, .T. ) ;
#564 = CARTESIAN_POINT ( 'NONE',  ( 0.03374999999999999528, 0.2899999999999999800, 0.01999999999999998654 ) ) ;
#565 = ADVANCED_FACE ( 'NONE', ( #457 ), #973, .T. ) ;
#566 = DIRECTION ( 'NONE',  ( 0.000000000000000000, 0.000000000000000000, -1.000000000000000000 ) ) ;
#567 = DIRECTION ( 'NONE',  ( 0.000000000000000000, 0.000000000000000000, 1.000000000000000000 ) ) ;
#568 = EDGE_LOOP ( 'NONE', ( #1591, #753, #1058, #432 ) ) ;
#569 = ORIENTED_EDGE ( 'NONE', *, *, #1937, .F. ) ;
#570 = LINE ( 'NONE', #284, #898 ) ;
#571 = VERTEX_POINT ( 'NONE', #321 ) ;
#572 = CIRCLE ( 'NONE', #2050, 0.09999999999999999167 ) ;
#573 = CYLINDRICAL_SURFACE ( 'NONE', #246, 0.009999999999999995004 ) ;
#574 = CIRCLE ( 'NONE', #1794, 0.01000000000000000021 ) ;
#575 = DIRECTION ( 'NONE',  ( 0.000000000000000000, 0.000000000000000000, -1.000000000000000000 ) ) ;
#576 = EDGE_CURVE ( 'NONE', #449, #932, #757, .T. ) ;
#577 = DIRECTION ( 'NONE',  ( 0.7499999999999998890, 0.000000000000000000, 0.6614378277661476790 ) ) ;
#578 = ORIENTED_EDGE ( 'NONE', *, *, #1128, .F. ) ;
#579 = DIRECTION ( 'NONE',  ( -0.000000000000000000, -0.000000000000000000, 1.000000000000000000 ) ) ;
#580 = AXIS2_PLACEMENT_3D ( 'NONE', #1868, #1827, #393 ) ;
#581 = ORIENTED_EDGE ( 'NONE', *, *, #1508, .F. ) ;
#582 = CARTESIAN_POINT ( 'NONE',  ( 0.02052124344467704323, 0.2899999999999999800, -0.02499999999999999098 ) ) ;
#583 = CARTESIAN_POINT ( 'NONE',  ( 0.01749015748031425982, 0.2899999999999999800, -0.1037401574803149540 ) ) ;
#584 = AXIS2_PLACEMENT_3D ( 'NONE', #254, #1399, #2079 ) ;
#585 = CIRCLE ( 'NONE', #1895, 0.08999999999999999667 ) ;
#586 = DIRECTION ( 'NONE',  ( 1.000000000000000000, 0.000000000000000000, 0.000000000000000000 ) ) ;
#587 = CARTESIAN_POINT ( 'NONE',  ( -0.04874999999999999473, 0.009999999999999995004, 0.006771243444677038821 ) ) ;
#588 = EDGE_CURVE ( 'NONE', #1746, #2076, #820, .T. ) ;
#589 = EDGE_LOOP ( 'NONE', ( #2021, #858, #127, #1334 ) ) ;
#590 = DIRECTION ( 'NONE',  ( -0.000000000000000000, -1.000000000000000000, -0.000000000000000000 ) ) ;
#591 = EDGE_CURVE ( 'NONE', #945, #787, #446, .T. ) ;
#592 = ORIENTED_EDGE ( 'NONE', *, *, #1446, .F. ) ;
#593 = AXIS2_PLACEMENT_3D ( 'NONE', #11, #2102, #625 ) ;
#594 = AXIS2_PLACEMENT_3D ( 'NONE', #25, #1993, #993 ) ;
#595 = ORIENTED_EDGE ( 'NONE', *, *, #1950, .F. ) ;
#596 = CARTESIAN_POINT ( 'NONE',  ( -0.02052124344467704323, 0.2899999999999999800, 0.03499999999999998945 ) ) ;
#597 = DIRECTION ( 'NONE',  ( 0.000000000000000000, 0.000000000000000000, -1.000000000000000000 ) ) ;
#598 = DIRECTION ( 'NONE',  ( 0.000000000000000000, 0.000000000000000000, -1.000000000000000000 ) ) ;
#599 = EDGE_LOOP ( 'NONE', ( #744, #1085, #2031, #759, #1102, #1506, #1030, #1276, #131, #912 ) ) ;
#600 = DIRECTION ( 'NONE',  ( 0.000000000000000000, 1.000000000000000000, -0.000000000000000000 ) ) ;
#601 = ORIENTED_EDGE ( 'NONE', *, *, #2088, .T. ) ;
#602 = ADVANCED_FACE ( 'NONE', ( #962 ), #311, .T. ) ;
#603 = LINE ( 'NONE', #1921, #2095 ) ;
#604 = EDGE_CURVE ( 'NONE', #1425, #787, #832, .T. ) ;
#605 = DIRECTION ( 'NONE',  ( -0.000000000000000000, -1.000000000000000000, -0.000000000000000000 ) ) ;
#606 = AXIS2_PLACEMENT_3D ( 'NONE', #110, #773, #1428 ) ;
#607 = CARTESIAN_POINT ( 'NONE',  ( -0.04874999999999999473, 0.2899999999999999800, -0.006771243444677038821 ) ) ;
#608 = PLANE ( 'NONE',  #1628 ) ;
#609 = CIRCLE ( 'NONE', #1817, 0.01000000000000000021 ) ;
#610 = ORIENTED_EDGE ( 'NONE', *, *, #1435, .F. ) ;
#611 = CARTESIAN_POINT ( 'NONE',  ( -0.01749015748031496759, 0.2899999999999999800, 0.09374015748031494510 ) ) ;
#612 = ORIENTED_EDGE ( 'NONE', *, *, #618, .T. ) ;
#613 = DIRECTION ( 'NONE',  ( 0.000000000000000000, 0.000000000000000000, 1.000000000000000000 ) ) ;
#614 = ADVANCED_FACE ( 'NONE', ( #1328 ), #99, .T. ) ;
#615 = CARTESIAN_POINT ( 'NONE',  ( 0.02052124344467704323, 0.2999999999999999889, -0.03499999999999998251 ) ) ;
#616 = VERTEX_POINT ( 'NONE', #1662 ) ;
#617 = CIRCLE ( 'NONE', #931, 0.009999999999999995004 ) ;
#618 = EDGE_CURVE ( 'NONE', #1588, #422, #1519, .T. ) ;
#619 = CARTESIAN_POINT ( 'NONE',  ( 0.01749015748031423553, 0.2899999999999999800, 0.1037401574803149401 ) ) ;
#620 = DIRECTION ( 'NONE',  ( 0.000000000000000000, 0.000000000000000000, -1.000000000000000000 ) ) ;
#621 = EDGE_LOOP ( 'NONE', ( #251, #47, #779, #1027 ) ) ;
#622 = CIRCLE ( 'NONE', #1830, 0.009999999999999995004 ) ;
#623 = DIRECTION ( 'NONE',  ( 1.067128122525103220E-16, 0.000000000000000000, 1.000000000000000000 ) ) ;
#624 = VERTEX_POINT ( 'NONE', #383 ) ;
#625 = DIRECTION ( 'NONE',  ( 0.000000000000000000, 0.000000000000000000, -1.000000000000000000 ) ) ;
#626 = DIRECTION ( 'NONE',  ( -0.000000000000000000, -0.000000000000000000, 1.000000000000000000 ) ) ;
#627 = VERTEX_POINT ( 'NONE', #535 ) ;
#628 = AXIS2_PLACEMENT_3D ( 'NONE', #814, #1758, #281 ) ;
#629 = DIRECTION ( 'NONE',  ( -1.000000000000000000, 0.000000000000000000, 0.000000000000000000 ) ) ;
#630 = VECTOR ( 'NONE', #1944, 39.37007874015748143 ) ;
#631 = AXIS2_PLACEMENT_3D ( 'NONE', #1362, #2002, #488 ) ;
#632 = CARTESIAN_POINT ( 'NONE',  ( -0.1174901574803149384, 0.2999999999999999889, -0.003740157480314233295 ) ) ;
#633 = CARTESIAN_POINT ( 'NONE',  ( -0.03374999999999999528, 0.2999999999999999889, 0.01999999999999998654 ) ) ;
#634 = EDGE_CURVE ( 'NONE', #1258, #616, #485, .T. ) ;
#635 = AXIS2_PLACEMENT_3D ( 'NONE', #809, #842, #507 ) ;
#636 = VERTEX_POINT ( 'NONE', #882 ) ;
#637 = CARTESIAN_POINT ( 'NONE',  ( 0.03374999999999999528, 0.2899999999999999800, -0.01999999999999998654 ) ) ;
#638 = CARTESIAN_POINT ( 'NONE',  ( -0.1074901574803149434, 0.2899999999999999800, -0.003740157480314233295 ) ) ;
#639 = ORIENTED_EDGE ( 'NONE', *, *, #576, .T. ) ;
#640 = CARTESIAN_POINT ( 'NONE',  ( -0.01749015748031432574, 0.009999999999999993269, 0.09374015748031491735 ) ) ;
#641 = DIRECTION ( 'NONE',  ( -0.000000000000000000, -1.000000000000000000, -0.000000000000000000 ) ) ;
#642 = ORIENTED_EDGE ( 'NONE', *, *, #1002, .T. ) ;
#643 = CYLINDRICAL_SURFACE ( 'NONE', #1788, 0.01000000000000000021 ) ;
#644 = DIRECTION ( 'NONE',  ( -0.000000000000000000, -0.000000000000000000, -1.000000000000000000 ) ) ;
#645 = DIRECTION ( 'NONE',  ( -0.000000000000000000, -1.000000000000000000, -0.000000000000000000 ) ) ;
#646 = EDGE_CURVE ( 'NONE', #188, #1, #1491, .T. ) ;
#647 = EDGE_LOOP ( 'NONE', ( #1013, #1274, #805, #1413 ) ) ;
#648 = DIRECTION ( 'NONE',  ( 0.000000000000000000, 0.000000000000000000, -1.000000000000000000 ) ) ;
#649 = ADVANCED_FACE ( 'NONE', ( #710 ), #1707, .T. ) ;
#650 = ORIENTED_EDGE ( 'NONE', *, *, #1859, .T. ) ;
#651 = EDGE_LOOP ( 'NONE', ( #1604, #601, #1161, #1036 ) ) ;
#652 = DIRECTION ( 'NONE',  ( 0.000000000000000000, 1.000000000000000000, -0.000000000000000000 ) ) ;
#653 = CIRCLE ( 'NONE', #68, 0.08999999999999999667 ) ;
#654 = DIRECTION ( 'NONE',  ( 0.000000000000000000, 0.000000000000000000, -1.000000000000000000 ) ) ;
#655 = VECTOR ( 'NONE', #1292, 39.37007874015748143 ) ;
#656 = ORIENTED_EDGE ( 'NONE', *, *, #838, .F. ) ;
#657 = DIRECTION ( 'NONE',  ( -0.000000000000000000, -1.000000000000000000, -0.000000000000000000 ) ) ;
#658 = FACE_OUTER_BOUND ( 'NONE', #1660, .T. ) ;
#659 = EDGE_CURVE ( 'NONE', #787, #1258, #1757, .T. ) ;
#660 = VECTOR ( 'NONE', #1923, 39.37007874015748143 ) ;
#661 = VERTEX_POINT ( 'NONE', #1687 ) ;
#662 = EDGE_CURVE ( 'NONE', #616, #627, #2026, .T. ) ;
#663 = DIRECTION ( 'NONE',  ( 0.000000000000000000, 1.000000000000000000, 0.000000000000000000 ) ) ;
#664 = ORIENTED_EDGE ( 'NONE', *, *, #749, .F. ) ;
#665 = DIRECTION ( 'NONE',  ( -0.000000000000000000, -1.000000000000000000, 0.000000000000000000 ) ) ;
#666 = TOROIDAL_SURFACE ( 'NONE', #14, 0.02000000000000000042, 0.01000000000000000021 ) ;
#667 = DIRECTION ( 'NONE',  ( -0.000000000000000000, -1.000000000000000000, 0.000000000000000000 ) ) ;
#668 = LINE ( 'NONE', #2124, #815 ) ;
#669 = CIRCLE ( 'NONE', #186, 0.009999999999999995004 ) ;
#670 = AXIS2_PLACEMENT_3D ( 'NONE', #705, #837, #1496 ) ;
#671 = CARTESIAN_POINT ( 'NONE',  ( 0.02052124344467704323, 0.2899999999999999800, 0.03499999999999998945 ) ) ;
#672 = FACE_OUTER_BOUND ( 'NONE', #2117, .T. ) ;
#673 = FACE_OUTER_BOUND ( 'NONE', #1855, .T. ) ;
#674 = EDGE_LOOP ( 'NONE', ( #1649, #878, #578 ) ) ;
#675 = ORIENTED_EDGE ( 'NONE', *, *, #659, .F. ) ;
#676 = EDGE_CURVE ( 'NONE', #661, #409, #201, .T. ) ;
#677 = CARTESIAN_POINT ( 'NONE',  ( 0.03374999999999999528, 0.01000000000000002970, -0.01999999999999998654 ) ) ;
#678 = EDGE_CURVE ( 'NONE', #950, #1536, #2057, .T. ) ;
#679 = DIRECTION ( 'NONE',  ( 0.000000000000000000, 0.000000000000000000, -1.000000000000000000 ) ) ;
#680 = DIRECTION ( 'NONE',  ( -1.000000000000000000, 0.000000000000000000, 0.000000000000000000 ) ) ;
#681 = DIRECTION ( 'NONE',  ( 0.000000000000000000, 0.000000000000000000, -1.000000000000000000 ) ) ;
#682 =( NAMED_UNIT ( * ) PLANE_ANGLE_UNIT ( ) SI_UNIT ( $, .RADIAN. ) );
#683 = DIRECTION ( 'NONE',  ( -0.000000000000000000, -1.000000000000000000, -0.000000000000000000 ) ) ;
#684 = ORIENTED_EDGE ( 'NONE', *, *, #927, .T. ) ;
#685 = VECTOR ( 'NONE', #1717, 39.37007874015748143 ) ;
#686 = EDGE_LOOP ( 'NONE', ( #1064, #1347, #1237, #1789 ) ) ;
#687 = EDGE_CURVE ( 'NONE', #1588, #1746, #653, .T. ) ;
#688 = DIRECTION ( 'NONE',  ( -1.000000000000000000, 0.000000000000000000, -0.000000000000000000 ) ) ;
#689 = UNCERTAINTY_MEASURE_WITH_UNIT (LENGTH_MEASURE( 1.000000000000000082E-05 ), #743, 'distance_accuracy_value', 'NONE');
#690 = EDGE_CURVE ( 'NONE', #422, #1232, #514, .T. ) ;
#691 = CIRCLE ( 'NONE', #1516, 0.01000000000000000021 ) ;
#692 = FILL_AREA_STYLE_COLOUR ( '', #701 ) ;
#693 = CARTESIAN_POINT ( 'NONE',  ( -0.01749015748031496759, 0.01000000000000000021, 0.03499999999999998251 ) ) ;
#694 = FACE_OUTER_BOUND ( 'NONE', #279, .T. ) ;
#695 = AXIS2_PLACEMENT_3D ( 'NONE', #376, #1580, #934 ) ;
#696 = EDGE_LOOP ( 'NONE', ( #766, #218, #1143, #1209 ) ) ;
#697 = AXIS2_PLACEMENT_3D ( 'NONE', #170, #149, #1664 ) ;
#698 = VERTEX_POINT ( 'NONE', #1529 ) ;
#699 = CARTESIAN_POINT ( 'NONE',  ( -0.02052124344467704323, 0.2999999999999999889, -0.02499999999999999098 ) ) ;
#700 = CARTESIAN_POINT ( 'NONE',  ( 0.01749015748031430839, 0.2999999999999999889, 0.09374015748031494510 ) ) ;
#701 = COLOUR_RGB ( '',0.7921568627450980005, 0.8196078431372548767, 0.9333333333333333481 ) ;
#702 = EDGE_LOOP ( 'NONE', ( #1548, #124, #1712, #492 ) ) ;
#703 = EDGE_CURVE ( 'NONE', #636, #1075, #617, .T. ) ;
#704 = DIRECTION ( 'NONE',  ( -0.000000000000000000, -1.000000000000000000, -0.000000000000000000 ) ) ;
#705 = CARTESIAN_POINT ( 'NONE',  ( -0.01749015748031423553, 0.009999999999999995004, -0.09374015748031495898 ) ) ;
#706 = AXIS2_PLACEMENT_3D ( 'NONE', #939, #1796, #1596 ) ;
#707 = VECTOR ( 'NONE', #270, 39.37007874015748143 ) ;
#708 = ORIENTED_EDGE ( 'NONE', *, *, #1835, .T. ) ;
#709 = ORIENTED_EDGE ( 'NONE', *, *, #238, .T. ) ;
#710 = FACE_OUTER_BOUND ( 'NONE', #388, .T. ) ;
#711 = AXIS2_PLACEMENT_3D ( 'NONE', #1441, #2094, #654 ) ;
#712 = CARTESIAN_POINT ( 'NONE',  ( 0.02713562172233852099, 0.2899999999999999800, -0.02749999999999998973 ) ) ;
#713 = AXIS2_PLACEMENT_3D ( 'NONE', #872, #1032, #1022 ) ;
#714 = DIRECTION ( 'NONE',  ( 7.149758420918192217E-15, 0.000000000000000000, -1.000000000000000000 ) ) ;
#715 = DIRECTION ( 'NONE',  ( 0.000000000000000000, 1.000000000000000000, -0.000000000000000000 ) ) ;
#716 = EDGE_CURVE ( 'NONE', #308, #449, #794, .T. ) ;
#717 = ORIENTED_EDGE ( 'NONE', *, *, #1253, .T. ) ;
#718 = PLANE ( 'NONE',  #1768 ) ;
#719 = ADVANCED_FACE ( 'NONE', ( #2025 ), #1031, .T. ) ;
#720 = EDGE_LOOP ( 'NONE', ( #1364, #1336, #1826, #921 ) ) ;
#721 = AXIS2_PLACEMENT_3D ( 'NONE', #1034, #237, #1542 ) ;
#722 = CARTESIAN_POINT ( 'NONE',  ( 0.01749015748031496759, 0.000000000000000000, 0.003740157480314944966 ) ) ;
#723 = DIRECTION ( 'NONE',  ( 0.000000000000000000, 0.000000000000000000, -1.000000000000000000 ) ) ;
#724 = DIRECTION ( 'NONE',  ( 0.000000000000000000, 0.000000000000000000, -1.000000000000000000 ) ) ;
#725 = DIRECTION ( 'NONE',  ( 0.000000000000000000, 0.000000000000000000, -1.000000000000000000 ) ) ;
#726 = ORIENTED_EDGE ( 'NONE', *, *, #1859, .F. ) ;
#727 = EDGE_CURVE ( 'NONE', #980, #2041, #135, .T. ) ;
#728 = DIRECTION ( 'NONE',  ( -1.000000000000000000, 0.000000000000000000, 0.000000000000000000 ) ) ;
#729 = ORIENTED_EDGE ( 'NONE', *, *, #1880, .F. ) ;
#730 = ADVANCED_FACE ( 'NONE', ( #1338 ), #553, .F. ) ;
#731 = DIRECTION ( 'NONE',  ( -0.000000000000000000, -1.000000000000000000, 0.000000000000000000 ) ) ;
#732 = FACE_OUTER_BOUND ( 'NONE', #841, .T. ) ;
#733 = CARTESIAN_POINT ( 'NONE',  ( 0.02052124344467704323, 0.009999999999999995004, 0.03499999999999998945 ) ) ;
#734 = DIRECTION ( 'NONE',  ( 2.487594223397406398E-14, 0.000000000000000000, -1.000000000000000000 ) ) ;
#735 = EDGE_LOOP ( 'NONE', ( #789, #207, #1200, #1849, #269, #1290, #1897, #684 ) ) ;
#736 = AXIS2_PLACEMENT_3D ( 'NONE', #1010, #833, #1502 ) ;
#737 = DIRECTION ( 'NONE',  ( -0.000000000000000000, -1.000000000000000000, -0.000000000000000000 ) ) ;
#738 = AXIS2_PLACEMENT_3D ( 'NONE', #1116, #1747, #648 ) ;
#739 = CIRCLE ( 'NONE', #736, 0.01999999999999999695 ) ;
#740 = EDGE_LOOP ( 'NONE', ( #1670, #581, #2096 ) ) ;
#741 = ADVANCED_FACE ( 'NONE', ( #1850 ), #1213, .T. ) ;
#742 = DIRECTION ( 'NONE',  ( -0.000000000000000000, -1.000000000000000000, 0.000000000000000000 ) ) ;
#743 =( CONVERSION_BASED_UNIT ( 'INCH', #763 ) LENGTH_UNIT ( ) NAMED_UNIT ( #378 ) );
#744 = ORIENTED_EDGE ( 'NONE', *, *, #1016, .T. ) ;
#745 = DIRECTION ( 'NONE',  ( -0.000000000000000000, -1.000000000000000000, -0.000000000000000000 ) ) ;
#746 = EDGE_LOOP ( 'NONE', ( #1371, #1343, #639, #461 ) ) ;
#747 = ORIENTED_EDGE ( 'NONE', *, *, #943, .T. ) ;
#748 = SPHERICAL_SURFACE ( 'NONE', #522, 0.01000000000000000021 ) ;
#749 = EDGE_CURVE ( 'NONE', #1536, #1825, #1059, .T. ) ;
#750 = DIRECTION ( 'NONE',  ( 1.707404996040164561E-15, 0.000000000000000000, -1.000000000000000000 ) ) ;
#751 = DIRECTION ( 'NONE',  ( 0.000000000000000000, 0.000000000000000000, -1.000000000000000000 ) ) ;
#752 = EDGE_CURVE ( 'NONE', #261, #428, #1104, .T. ) ;
#753 = ORIENTED_EDGE ( 'NONE', *, *, #1384, .F. ) ;
#754 = CARTESIAN_POINT ( 'NONE',  ( 0.04874999999999999473, 0.2899999999999999800, 0.006771243444677038821 ) ) ;
#755 = CIRCLE ( 'NONE', #274, 0.02000000000000000042 ) ;
#756 = VERTEX_POINT ( 'NONE', #2054 ) ;
#757 = CIRCLE ( 'NONE', #1963, 0.009999999999999995004 ) ;
#758 = DIRECTION ( 'NONE',  ( -0.000000000000000000, -1.000000000000000000, -0.000000000000000000 ) ) ;
#759 = ORIENTED_EDGE ( 'NONE', *, *, #885, .T. ) ;
#760 = DIRECTION ( 'NONE',  ( 1.000000000000000000, 0.000000000000000000, 0.000000000000000000 ) ) ;
#761 = CIRCLE ( 'NONE', #1592, 0.01000000000000000021 ) ;
#762 = AXIS2_PLACEMENT_3D ( 'NONE', #1797, #1317, #310 ) ;
#763 = LENGTH_MEASURE_WITH_UNIT ( LENGTH_MEASURE( 0.02539999999999999897 ), #340 );
#764 = DIRECTION ( 'NONE',  ( 0.000000000000000000, 0.000000000000000000, -1.000000000000000000 ) ) ;
#765 = EDGE_CURVE ( 'NONE', #998, #624, #603, .T. ) ;
#766 = ORIENTED_EDGE ( 'NONE', *, *, #1062, .F. ) ;
#767 = FACE_OUTER_BOUND ( 'NONE', #1954, .T. ) ;
#768 = AXIS2_PLACEMENT_3D ( 'NONE', #1852, #1991, #681 ) ;
#769 = ORIENTED_EDGE ( 'NONE', *, *, #662, .F. ) ;
#770 = AXIS2_PLACEMENT_3D ( 'NONE', #1035, #1668, #2 ) ;
#771 = ORIENTED_EDGE ( 'NONE', *, *, #1547, .T. ) ;
#772 = AXIS2_PLACEMENT_3D ( 'NONE', #640, #1151, #442 ) ;
#773 = DIRECTION ( 'NONE',  ( -0.000000000000000000, -1.000000000000000000, -0.000000000000000000 ) ) ;
#774 = CARTESIAN_POINT ( 'NONE',  ( 0.02052124344467704323, 0.2999999999999999889, -0.03499999999999998945 ) ) ;
#775 = FACE_OUTER_BOUND ( 'NONE', #696, .T. ) ;
#776 = VERTEX_POINT ( 'NONE', #96 ) ;
#777 = CARTESIAN_POINT ( 'NONE',  ( -0.02052124344467704323, 0.000000000000000000, 0.03499999999999998945 ) ) ;
#778 = EDGE_CURVE ( 'NONE', #87, #661, #691, .T. ) ;
#779 = ORIENTED_EDGE ( 'NONE', *, *, #1686, .F. ) ;
#780 = EDGE_CURVE ( 'NONE', #72, #980, #1426, .T. ) ;
#781 = LINE ( 'NONE', #1966, #1903 ) ;
#782 = CARTESIAN_POINT ( 'NONE',  ( -0.01749015748031423553, 0.2999999999999999889, -0.1037401574803149540 ) ) ;
#783 = EDGE_LOOP ( 'NONE', ( #1320, #994, #901, #2073 ) ) ;
#784 = AXIS2_PLACEMENT_3D ( 'NONE', #1786, #657, #1632 ) ;
#785 = FACE_OUTER_BOUND ( 'NONE', #380, .T. ) ;
#786 = CARTESIAN_POINT ( 'NONE',  ( 0.01749015748031423553, 0.009999999999999995004, 0.1037401574803149401 ) ) ;
#787 = VERTEX_POINT ( 'NONE', #1222 ) ;
#788 = LINE ( 'NONE', #302, #707 ) ;
#789 = ORIENTED_EDGE ( 'NONE', *, *, #687, .T. ) ;
#790 = CARTESIAN_POINT ( 'NONE',  ( 0.02052124344467704323, 0.01000000000000000021, 0.03499999999999998251 ) ) ;
#791 = CARTESIAN_POINT ( 'NONE',  ( 0.01749015748031496759, 0.2999999999999999889, 0.003740157480314944966 ) ) ;
#792 = EDGE_LOOP ( 'NONE', ( #612, #301, #799, #1854 ) ) ;
#793 = EDGE_CURVE ( 'NONE', #1351, #851, #1235, .T. ) ;
#794 = CIRCLE ( 'NONE', #969, 0.09999999999999999167 ) ;
#795 = CARTESIAN_POINT ( 'NONE',  ( 0.01749015748031496759, 0.009999999999999995004, 0.003740157480314944966 ) ) ;
#796 = FACE_OUTER_BOUND ( 'NONE', #735, .T. ) ;
#797 = VECTOR ( 'NONE', #2103, 39.37007874015748143 ) ;
#798 = CIRCLE ( 'NONE', #1760, 0.01000000000000000021 ) ;
#799 = ORIENTED_EDGE ( 'NONE', *, *, #1002, .F. ) ;
#800 = FACE_OUTER_BOUND ( 'NONE', #783, .T. ) ;
#801 = ORIENTED_EDGE ( 'NONE', *, *, #1508, .T. ) ;
#802 = CARTESIAN_POINT ( 'NONE',  ( -0.01749015748031496759, 0.2899999999999999800, -0.09374015748031495898 ) ) ;
#803 = AXIS2_PLACEMENT_3D ( 'NONE', #267, #236, #1723 ) ;
#804 = DIRECTION ( 'NONE',  ( -0.000000000000000000, -1.000000000000000000, -0.000000000000000000 ) ) ;
#805 = ORIENTED_EDGE ( 'NONE', *, *, #1062, .T. ) ;
#806 = CIRCLE ( 'NONE', #2005, 0.09999999999999999167 ) ;
#807 = CIRCLE ( 'NONE', #151, 0.009999999999999998473 ) ;
#808 = EDGE_CURVE ( 'NONE', #1202, #1967, #755, .T. ) ;
#809 = CARTESIAN_POINT ( 'NONE',  ( 0.01749015748031496759, 0.009999999999999995004, 0.003740157480314944966 ) ) ;
#810 = CARTESIAN_POINT ( 'NONE',  ( -0.1074901574803149712, 0.009999999999999995004, 0.003740157480314210744 ) ) ;
#811 = FACE_BOUND ( 'NONE', #399, .T. ) ;
#812 = ORIENTED_EDGE ( 'NONE', *, *, #2126, .F. ) ;
#813 = CARTESIAN_POINT ( 'NONE',  ( 0.04874999999999999473, 0.2899999999999999800, -0.006771243444677038821 ) ) ;
#814 = CARTESIAN_POINT ( 'NONE',  ( 0.03374999999999999528, 0.01000000000000002970, 0.01999999999999998654 ) ) ;
#815 = VECTOR ( 'NONE', #2108, 39.37007874015748143 ) ;
#816 = ORIENTED_EDGE ( 'NONE', *, *, #20, .F. ) ;
#817 = CARTESIAN_POINT ( 'NONE',  ( -0.04874999999999999473, 0.2999999999999999889, -0.006771243444677038821 ) ) ;
#818 = LINE ( 'NONE', #480, #976 ) ;
#819 = VERTEX_POINT ( 'NONE', #1076 ) ;
#820 = LINE ( 'NONE', #1476, #1044 ) ;
#821 = LINE ( 'NONE', #632, #391 ) ;
#822 = PRODUCT_RELATED_PRODUCT_CATEGORY ( 'part', '', ( #2086 ) ) ;
#823 = DIRECTION ( 'NONE',  ( 0.000000000000000000, 0.000000000000000000, -1.000000000000000000 ) ) ;
#824 = ORIENTED_EDGE ( 'NONE', *, *, #1990, .F. ) ;
#825 = EDGE_CURVE ( 'NONE', #1806, #889, #1487, .T. ) ;
#826 = AXIS2_PLACEMENT_3D ( 'NONE', #54, #1361, #1190 ) ;
#827 = LINE ( 'NONE', #500, #1532 ) ;
#828 = ORIENTED_EDGE ( 'NONE', *, *, #1639, .T. ) ;
#829 = DIRECTION ( 'NONE',  ( 8.537024980200822804E-16, 0.000000000000000000, -1.000000000000000000 ) ) ;
#830 = CARTESIAN_POINT ( 'NONE',  ( -0.01749015748031430839, 0.2999999999999999889, -0.09374015748031495898 ) ) ;
#831 = VERTEX_POINT ( 'NONE', #582 ) ;
#832 = LINE ( 'NONE', #1492, #655 ) ;
#833 = DIRECTION ( 'NONE',  ( -0.000000000000000000, -1.000000000000000000, 0.000000000000000000 ) ) ;
#834 = DIRECTION ( 'NONE',  ( 1.000000000000000000, 0.000000000000000000, 0.000000000000000000 ) ) ;
#835 = AXIS2_PLACEMENT_3D ( 'NONE', #543, #1204, #1185 ) ;
#836 = CARTESIAN_POINT ( 'NONE',  ( -0.1174901574803149384, 0.2899999999999999800, -0.003740157480314233295 ) ) ;
#837 = DIRECTION ( 'NONE',  ( -1.000000000000000000, -0.000000000000000000, -0.000000000000000000 ) ) ;
#838 = EDGE_CURVE ( 'NONE', #1045, #1351, #570, .T. ) ;
#839 = VECTOR ( 'NONE', #971, 39.37007874015748143 ) ;
#840 = ORIENTED_EDGE ( 'NONE', *, *, #917, .T. ) ;
#841 = EDGE_LOOP ( 'NONE', ( #486, #354, #958, #199 ) ) ;
#842 = DIRECTION ( 'NONE',  ( -0.000000000000000000, -1.000000000000000000, 0.000000000000000000 ) ) ;
#843 = AXIS2_PLACEMENT_3D ( 'NONE', #33, #1340, #24 ) ;
#844 = CARTESIAN_POINT ( 'NONE',  ( 0.03374999999999999528, 0.009999999999999995004, 0.01999999999999998654 ) ) ;
#845 = CARTESIAN_POINT ( 'NONE',  ( -0.04874999999999999473, 0.2899999999999999800, 0.006771243444677038821 ) ) ;
#846 = CIRCLE ( 'NONE', #1636, 0.009999999999999995004 ) ;
#847 = VECTOR ( 'NONE', #360, 39.37007874015748143 ) ;
#848 = VERTEX_POINT ( 'NONE', #108 ) ;
#849 = LINE ( 'NONE', #1681, #189 ) ;
#850 = ORIENTED_EDGE ( 'NONE', *, *, #161, .F. ) ;
#851 = VERTEX_POINT ( 'NONE', #243 ) ;
#852 = EDGE_CURVE ( 'NONE', #1351, #188, #2030, .T. ) ;
#853 = DIRECTION ( 'NONE',  ( -1.000000000000000000, 0.000000000000000000, -7.256471233170703279E-15 ) ) ;
#854 = DIRECTION ( 'NONE',  ( 0.000000000000000000, 0.000000000000000000, -1.000000000000000000 ) ) ;
#855 = CARTESIAN_POINT ( 'NONE',  ( 0.02052124344467704323, 0.2899999999999999800, 0.03499999999999998945 ) ) ;
#856 = CARTESIAN_POINT ( 'NONE',  ( 0.04124999999999999500, 0.2899999999999999800, -0.01338562172233851398 ) ) ;
#857 = CARTESIAN_POINT ( 'NONE',  ( -0.03374999999999999528, 0.2999999999999999889, -0.03999999999999998002 ) ) ;
#858 = ORIENTED_EDGE ( 'NONE', *, *, #420, .F. ) ;
#859 = VERTEX_POINT ( 'NONE', #1750 ) ;
#860 = ADVANCED_FACE ( 'NONE', ( #1244 ), #1257, .F. ) ;
#861 = DIRECTION ( 'NONE',  ( -0.000000000000000000, -1.000000000000000000, -0.000000000000000000 ) ) ;
#862 = CYLINDRICAL_SURFACE ( 'NONE', #336, 0.009999999999999995004 ) ;
#863 = ADVANCED_FACE ( 'NONE', ( #1087 ), #179, .T. ) ;
#864 = VERTEX_POINT ( 'NONE', #2036 ) ;
#865 = LINE ( 'NONE', #34, #1577 ) ;
#866 = CARTESIAN_POINT ( 'NONE',  ( -0.01749015748031425288, 0.009999999999999995004, 0.09374015748031494510 ) ) ;
#867 = VECTOR ( 'NONE', #861, 39.37007874015748143 ) ;
#868 = VERTEX_POINT ( 'NONE', #411 ) ;
#869 = VECTOR ( 'NONE', #1724, 39.37007874015748143 ) ;
#870 = ORIENTED_EDGE ( 'NONE', *, *, #382, .T. ) ;
#871 = DIRECTION ( 'NONE',  ( 0.000000000000000000, 0.000000000000000000, -1.000000000000000000 ) ) ;
#872 = CARTESIAN_POINT ( 'NONE',  ( -0.02052124344467704323, 0.009999999999999962044, -0.03499999999999998945 ) ) ;
#873 = EDGE_CURVE ( 'NONE', #5, #2041, #280, .T. ) ;
#874 = FACE_OUTER_BOUND ( 'NONE', #465, .T. ) ;
#875 = DIRECTION ( 'NONE',  ( 0.000000000000000000, 0.000000000000000000, -1.000000000000000000 ) ) ;
#876 = ADVANCED_FACE ( 'NONE', ( #1095 ), #2066, .T. ) ;
#877 = AXIS2_PLACEMENT_3D ( 'NONE', #611, #1942, #1103 ) ;
#878 = ORIENTED_EDGE ( 'NONE', *, *, #2046, .T. ) ;
#879 =( GEOMETRIC_REPRESENTATION_CONTEXT ( 3 ) GLOBAL_UNCERTAINTY_ASSIGNED_CONTEXT ( ( #1186 ) ) GLOBAL_UNIT_ASSIGNED_CONTEXT ( ( #510, #682, #173 ) ) REPRESENTATION_CONTEXT ( 'NONE', 'WORKASPACE' ) );
#880 = CARTESIAN_POINT ( 'NONE',  ( 0.1174901574803149662, 0.2999999999999999889, -0.003740157480314245005 ) ) ;
#881 = VERTEX_POINT ( 'NONE', #402 ) ;
#882 = CARTESIAN_POINT ( 'NONE',  ( -0.1174901574803149384, 0.01000000000000006439, -0.003740157480314233295 ) ) ;
#883 = CIRCLE ( 'NONE', #1429, 0.01000000000000000021 ) ;
#884 = CARTESIAN_POINT ( 'NONE',  ( 0.01749015748031496759, 0.2999999999999999889, 0.003740157480314944966 ) ) ;
#885 = EDGE_CURVE ( 'NONE', #889, #326, #272, .T. ) ;
#886 = FACE_OUTER_BOUND ( 'NONE', #897, .T. ) ;
#887 = CARTESIAN_POINT ( 'NONE',  ( 0.01749015748031496759, 0.2999999999999999889, -0.003740157480314961879 ) ) ;
#888 = EDGE_CURVE ( 'NONE', #698, #517, #2098, .T. ) ;
#889 = VERTEX_POINT ( 'NONE', #2090 ) ;
#890 = CARTESIAN_POINT ( 'NONE',  ( 0.02713562172233852099, 0.01000000000000006439, 0.02749999999999998973 ) ) ;
#891 = CIRCLE ( 'NONE', #2083, 0.08999999999999999667 ) ;
#892 = EDGE_LOOP ( 'NONE', ( #158, #1374, #504, #38 ) ) ;
#893 = CARTESIAN_POINT ( 'NONE',  ( 0.02713562172233852099, 0.2999999999999999889, 0.02749999999999998973 ) ) ;
#894 = CARTESIAN_POINT ( 'NONE',  ( -0.04874999999999999473, 0.01000000000000000021, 0.003740157480314928052 ) ) ;
#895 = SPHERICAL_SURFACE ( 'NONE', #1353, 0.01000000000000000021 ) ;
#896 = DIRECTION ( 'NONE',  ( -0.000000000000000000, -1.000000000000000000, -0.000000000000000000 ) ) ;
#897 = EDGE_LOOP ( 'NONE', ( #1464, #1366, #315, #1139 ) ) ;
#898 = VECTOR ( 'NONE', #758, 39.37007874015748143 ) ;
#899 = CARTESIAN_POINT ( 'NONE',  ( 0.03374999999999999528, 0.2999999999999999889, -0.03999999999999998002 ) ) ;
#900 = ADVANCED_FACE ( 'NONE', ( #1624 ), #1142, .T. ) ;
#901 = ORIENTED_EDGE ( 'NONE', *, *, #838, .T. ) ;
#902 = CIRCLE ( 'NONE', #1047, 0.009999999999999995004 ) ;
#903 = CARTESIAN_POINT ( 'NONE',  ( -0.03374999999999999528, 0.000000000000000000, 0.01999999999999998654 ) ) ;
#904 = ORIENTED_EDGE ( 'NONE', *, *, #968, .T. ) ;
#905 = DIRECTION ( 'NONE',  ( 0.000000000000000000, 0.000000000000000000, -1.000000000000000000 ) ) ;
#906 = FACE_OUTER_BOUND ( 'NONE', #1300, .T. ) ;
#907 = CYLINDRICAL_SURFACE ( 'NONE', #177, 0.01000000000000000021 ) ;
#908 = VERTEX_POINT ( 'NONE', #1774 ) ;
#909 = CIRCLE ( 'NONE', #1252, 0.01000000000000000021 ) ;
#910 = CIRCLE ( 'NONE', #1871, 0.01000000000000000021 ) ;
#911 = AXIS2_PLACEMENT_3D ( 'NONE', #531, #1191, #13 ) ;
#912 = ORIENTED_EDGE ( 'NONE', *, *, #363, .T. ) ;
#913 = EDGE_CURVE ( 'NONE', #141, #616, #1318, .T. ) ;
#914 = AXIS2_PLACEMENT_3D ( 'NONE', #298, #652, #1808 ) ;
#915 = DIRECTION ( 'NONE',  ( -1.000000000000000000, 0.000000000000000000, 0.000000000000000000 ) ) ;
#916 = EDGE_LOOP ( 'NONE', ( #1472, #650, #1883 ) ) ;
#917 = EDGE_CURVE ( 'NONE', #409, #698, #761, .T. ) ;
#918 = LINE ( 'NONE', #1573, #1702 ) ;
#919 = DIRECTION ( 'NONE',  ( 0.000000000000000000, 0.000000000000000000, -1.000000000000000000 ) ) ;
#920 = CARTESIAN_POINT ( 'NONE',  ( 0.02052124344467704323, 0.2999999999999999889, -0.03499999999999998251 ) ) ;
#921 = ORIENTED_EDGE ( 'NONE', *, *, #1695, .F. ) ;
#922 = CARTESIAN_POINT ( 'NONE',  ( 0.01749015748031423553, 0.2999999999999999889, 0.1037401574803149401 ) ) ;
#923 = ORIENTED_EDGE ( 'NONE', *, *, #1884, .T. ) ;
#924 = ORIENTED_EDGE ( 'NONE', *, *, #888, .T. ) ;
#925 = AXIS2_PLACEMENT_3D ( 'NONE', #813, #137, #1457 ) ;
#926 = DIRECTION ( 'NONE',  ( 0.000000000000000000, 0.000000000000000000, -1.000000000000000000 ) ) ;
#927 = EDGE_CURVE ( 'NONE', #285, #1588, #157, .T. ) ;
#928 =( NAMED_UNIT ( * ) SI_UNIT ( $, .STERADIAN. ) SOLID_ANGLE_UNIT ( ) );
#929 = CARTESIAN_POINT ( 'NONE',  ( -0.02052124344467704323, 0.01000000000000006439, -0.02499999999999999098 ) ) ;
#930 = ORIENTED_EDGE ( 'NONE', *, *, #1831, .T. ) ;
#931 = AXIS2_PLACEMENT_3D ( 'NONE', #212, #192, #1375 ) ;
#932 = VERTEX_POINT ( 'NONE', #1648 ) ;
#933 = AXIS2_PLACEMENT_3D ( 'NONE', #1934, #1124, #1616 ) ;
#934 = DIRECTION ( 'NONE',  ( 1.000000000000000000, 0.000000000000000000, 0.000000000000000000 ) ) ;
#935 = ORIENTED_EDGE ( 'NONE', *, *, #943, .F. ) ;
#936 = DIRECTION ( 'NONE',  ( 0.000000000000000000, 1.000000000000000000, 0.000000000000000000 ) ) ;
#937 = CIRCLE ( 'NONE', #1015, 0.09999999999999999167 ) ;
#938 = AXIS2_PLACEMENT_3D ( 'NONE', #1732, #742, #926 ) ;
#939 = CARTESIAN_POINT ( 'NONE',  ( -0.1074901574803149712, 0.009999999999999995004, 0.003740157480314210744 ) ) ;
#940 = EDGE_CURVE ( 'NONE', #1432, #1674, #1665, .T. ) ;
#941 = DIRECTION ( 'NONE',  ( 0.000000000000000000, 0.000000000000000000, -1.000000000000000000 ) ) ;
#942 = ORIENTED_EDGE ( 'NONE', *, *, #1327, .T. ) ;
#943 = EDGE_CURVE ( 'NONE', #859, #616, #1945, .T. ) ;
#944 = CARTESIAN_POINT ( 'NONE',  ( 0.03374999999999999528, 0.2999999999999999889, 0.01999999999999998654 ) ) ;
#945 = VERTEX_POINT ( 'NONE', #960 ) ;
#946 = TOROIDAL_SURFACE ( 'NONE', #1974, 0.08999999999999999667, 0.01000000000000000021 ) ;
#947 = AXIS2_PLACEMENT_3D ( 'NONE', #458, #1440, #133 ) ;
#948 = FACE_OUTER_BOUND ( 'NONE', #1960, .T. ) ;
#949 = DIRECTION ( 'NONE',  ( 0.000000000000000000, 0.000000000000000000, -1.000000000000000000 ) ) ;
#950 = VERTEX_POINT ( 'NONE', #1792 ) ;
#951 = TOROIDAL_SURFACE ( 'NONE', #224, 0.02000000000000000042, 0.01000000000000000021 ) ;
#952 = CYLINDRICAL_SURFACE ( 'NONE', #706, 0.009999999999999995004 ) ;
#953 = DIRECTION ( 'NONE',  ( 0.000000000000000000, 1.000000000000000000, -0.000000000000000000 ) ) ;
#954 = ADVANCED_FACE ( 'NONE', ( #130 ), #1932, .T. ) ;
#955 = EDGE_LOOP ( 'NONE', ( #1555, #2003, #1929, #264 ) ) ;
#956 = DIRECTION ( 'NONE',  ( 0.000000000000000000, 0.000000000000000000, -1.000000000000000000 ) ) ;
#957 = EDGE_CURVE ( 'NONE', #1481, #1, #1463, .T. ) ;
#958 = ORIENTED_EDGE ( 'NONE', *, *, #1911, .F. ) ;
#959 = CARTESIAN_POINT ( 'NONE',  ( 0.1174901574803149662, 0.01000000000000006439, 0.003740157480314240668 ) ) ;
#960 = CARTESIAN_POINT ( 'NONE',  ( 0.02713562172233852099, 0.01000000000000009909, -0.02749999999999998973 ) ) ;
#961 = ORIENTED_EDGE ( 'NONE', *, *, #1790, .T. ) ;
#962 = FACE_OUTER_BOUND ( 'NONE', #407, .T. ) ;
#963 = CARTESIAN_POINT ( 'NONE',  ( 0.02052124344467704323, 0.2999999999999999889, 0.03499999999999998945 ) ) ;
#964 = DIRECTION ( 'NONE',  ( 0.000000000000000000, 0.000000000000000000, -1.000000000000000000 ) ) ;
#965 = ORIENTED_EDGE ( 'NONE', *, *, #65, .T. ) ;
#966 = CARTESIAN_POINT ( 'NONE',  ( -0.04874999999999999473, 0.009999999999999998473, -0.006771243444677038821 ) ) ;
#967 = EDGE_LOOP ( 'NONE', ( #1173, #769, #2014, #675 ) ) ;
#968 = EDGE_CURVE ( 'NONE', #2041, #358, #2119, .T. ) ;
#969 = AXIS2_PLACEMENT_3D ( 'NONE', #69, #1518, #871 ) ;
#970 = DIRECTION ( 'NONE',  ( 1.000000000000000000, 0.000000000000000000, 0.000000000000000000 ) ) ;
#971 = DIRECTION ( 'NONE',  ( -0.000000000000000000, -0.000000000000000000, 1.000000000000000000 ) ) ;
#972 = ORIENTED_EDGE ( 'NONE', *, *, #825, .F. ) ;
#973 = TOROIDAL_SURFACE ( 'NONE', #1379, 0.02000000000000000042, 0.01000000000000000021 ) ;
#974 = FACE_OUTER_BOUND ( 'NONE', #1876, .T. ) ;
#975 = CARTESIAN_POINT ( 'NONE',  ( -0.04874999999999999473, 0.009999999999999995004, 0.006771243444677038821 ) ) ;
#976 = VECTOR ( 'NONE', #1313, 39.37007874015748143 ) ;
#977 = AXIS2_PLACEMENT_3D ( 'NONE', #300, #1618, #1468 ) ;
#978 = ORIENTED_EDGE ( 'NONE', *, *, #554, .F. ) ;
#979 = FACE_OUTER_BOUND ( 'NONE', #720, .T. ) ;
#980 = VERTEX_POINT ( 'NONE', #830 ) ;
#981 = CARTESIAN_POINT ( 'NONE',  ( 0.03374999999999999528, 0.009999999999999995004, -0.03999999999999998002 ) ) ;
#982 = EDGE_CURVE ( 'NONE', #756, #2099, #1968, .T. ) ;
#983 = DIRECTION ( 'NONE',  ( 0.000000000000000000, 0.000000000000000000, -1.000000000000000000 ) ) ;
#984 = PRODUCT_DEFINITION_SHAPE ( 'NONE', 'NONE',  #1397 ) ;
#985 = AXIS2_PLACEMENT_3D ( 'NONE', #148, #1293, #1272 ) ;
#986 = CIRCLE ( 'NONE', #1838, 0.009999999999999995004 ) ;
#987 = EDGE_CURVE ( 'NONE', #1515, #1756, #818, .T. ) ;
#988 = CARTESIAN_POINT ( 'NONE',  ( 0.01749015748031432921, 0.01000000000000000021, -0.09374015748031495898 ) ) ;
#989 = CARTESIAN_POINT ( 'NONE',  ( 0.1174901574803149662, 0.2899999999999999800, 0.003740157480314240668 ) ) ;
#990 = CARTESIAN_POINT ( 'NONE',  ( -0.01749015748031495024, 0.000000000000000000, -0.003740157480314961879 ) ) ;
#991 = ORIENTED_EDGE ( 'NONE', *, *, #1411, .F. ) ;
#992 = DIRECTION ( 'NONE',  ( 0.000000000000000000, 1.000000000000000000, -0.000000000000000000 ) ) ;
#993 = DIRECTION ( 'NONE',  ( 0.000000000000000000, 0.000000000000000000, -1.000000000000000000 ) ) ;
#994 = ORIENTED_EDGE ( 'NONE', *, *, #1335, .T. ) ;
#995 = AXIS2_PLACEMENT_3D ( 'NONE', #1843, #1503, #1060 ) ;
#996 = DIRECTION ( 'NONE',  ( -1.000000000000000000, 0.000000000000000000, 0.000000000000000000 ) ) ;
#997 = DIRECTION ( 'NONE',  ( 0.000000000000000000, 0.000000000000000000, 1.000000000000000000 ) ) ;
#998 = VERTEX_POINT ( 'NONE', #1437 ) ;
#999 = CARTESIAN_POINT ( 'NONE',  ( -0.03374999999999999528, 0.2899999999999999800, 0.01999999999999998654 ) ) ;
#1000 = DIRECTION ( 'NONE',  ( 0.000000000000000000, 0.000000000000000000, 1.000000000000000000 ) ) ;
#1001 = FACE_OUTER_BOUND ( 'NONE', #1731, .T. ) ;
#1002 = EDGE_CURVE ( 'NONE', #1746, #571, #1017, .T. ) ;
#1003 = LINE ( 'NONE', #1832, #1767 ) ;
#1004 = CYLINDRICAL_SURFACE ( 'NONE', #784, 0.01000000000000000021 ) ;
#1005 = DIRECTION ( 'NONE',  ( 0.000000000000000000, 0.000000000000000000, 1.000000000000000000 ) ) ;
#1006 = ORIENTED_EDGE ( 'NONE', *, *, #1950, .T. ) ;
#1007 = LINE ( 'NONE', #615, #1554 ) ;
#1008 = EDGE_LOOP ( 'NONE', ( #978, #1995, #1769, #210 ) ) ;
#1009 = FACE_OUTER_BOUND ( 'NONE', #1129, .T. ) ;
#1010 = CARTESIAN_POINT ( 'NONE',  ( -0.03374999999999999528, 0.2999999999999999889, -0.01999999999999998654 ) ) ;
#1011 = LINE ( 'NONE', #786, #1365 ) ;
#1012 = EDGE_CURVE ( 'NONE', #1093, #932, #1976, .T. ) ;
#1013 = ORIENTED_EDGE ( 'NONE', *, *, #1626, .F. ) ;
#1014 = CYLINDRICAL_SURFACE ( 'NONE', #594, 0.009999999999999995004 ) ;
#1015 = AXIS2_PLACEMENT_3D ( 'NONE', #1926, #277, #751 ) ;
#1016 = EDGE_CURVE ( 'NONE', #819, #1432, #1007, .T. ) ;
#1017 = CIRCLE ( 'NONE', #1046, 0.009999999999999995004 ) ;
#1018 = ORIENTED_EDGE ( 'NONE', *, *, #1965, .T. ) ;
#1019 = ORIENTED_EDGE ( 'NONE', *, *, #1485, .T. ) ;
#1020 = CIRCLE ( 'NONE', #1080, 0.01999999999999999695 ) ;
#1021 = DIRECTION ( 'NONE',  ( 1.000000000000000000, 0.000000000000000000, -7.043045608665681944E-15 ) ) ;
#1022 = DIRECTION ( 'NONE',  ( 0.6614378277661476790, 0.000000000000000000, -0.7500000000000001110 ) ) ;
#1023 = AXIS2_PLACEMENT_3D ( 'NONE', #1553, #737, #2042 ) ;
#1024 = ORIENTED_EDGE ( 'NONE', *, *, #957, .F. ) ;
#1025 = DIRECTION ( 'NONE',  ( -0.000000000000000000, -1.000000000000000000, 0.000000000000000000 ) ) ;
#1026 = CARTESIAN_POINT ( 'NONE',  ( -0.04874999999999999473, 0.2899999999999999800, 0.006771243444677038821 ) ) ;
#1027 = ORIENTED_EDGE ( 'NONE', *, *, #646, .F. ) ;
#1028 = ADVANCED_FACE ( 'NONE', ( #1878 ), #573, .T. ) ;
#1029 = VECTOR ( 'NONE', #1040, 39.37007874015748143 ) ;
#1030 = ORIENTED_EDGE ( 'NONE', *, *, #1556, .T. ) ;
#1031 = PLANE ( 'NONE',  #1659 ) ;
#1032 = DIRECTION ( 'NONE',  ( 0.7500000000000000000, 0.000000000000000000, 0.6614378277661476790 ) ) ;
#1033 = FILL_AREA_STYLE ('',( #692 ) ) ;
#1034 = CARTESIAN_POINT ( 'NONE',  ( -0.04874999999999999473, 0.2899999999999999800, 0.006771243444677038821 ) ) ;
#1035 = CARTESIAN_POINT ( 'NONE',  ( 0.02052124344467704323, 0.01000000000000000021, -0.03499999999999998945 ) ) ;
#1036 = ORIENTED_EDGE ( 'NONE', *, *, #1424, .T. ) ;
#1037 = ORIENTED_EDGE ( 'NONE', *, *, #646, .T. ) ;
#1038 = EDGE_CURVE ( 'NONE', #1432, #831, #622, .T. ) ;
#1039 = CARTESIAN_POINT ( 'NONE',  ( 0.04874999999999999473, 0.2999999999999999889, -0.006771243444677038821 ) ) ;
#1040 = DIRECTION ( 'NONE',  ( -0.000000000000000000, -1.000000000000000000, -0.000000000000000000 ) ) ;
#1041 = APPLICATION_CONTEXT ( 'automotive_design' ) ;
#1042 = DIRECTION ( 'NONE',  ( 0.000000000000000000, 0.000000000000000000, -1.000000000000000000 ) ) ;
#1043 = CARTESIAN_POINT ( 'NONE',  ( -0.01749015748031423553, 0.2899999999999999800, -0.1037401574803149540 ) ) ;
#1044 = VECTOR ( 'NONE', #2106, 39.37007874015748143 ) ;
#1045 = VERTEX_POINT ( 'NONE', #2068 ) ;
#1046 = AXIS2_PLACEMENT_3D ( 'NONE', #7, #318, #1325 ) ;
#1047 = AXIS2_PLACEMENT_3D ( 'NONE', #1090, #1914, #764 ) ;
#1048 = ORIENTED_EDGE ( 'NONE', *, *, #752, .F. ) ;
#1049 = DIRECTION ( 'NONE',  ( -0.000000000000000000, -1.000000000000000000, 0.000000000000000000 ) ) ;
#1050 = CARTESIAN_POINT ( 'NONE',  ( 0.02052124344467704323, 0.2999999999999999889, -0.02499999999999999098 ) ) ;
#1051 = EDGE_CURVE ( 'NONE', #661, #950, #1387, .T. ) ;
#1052 = AXIS2_PLACEMENT_3D ( 'NONE', #671, #529, #1177 ) ;
#1053 = CIRCLE ( 'NONE', #628, 0.01000000000000000021 ) ;
#1054 = SPHERICAL_SURFACE ( 'NONE', #1560, 0.01000000000000000021 ) ;
#1055 = CARTESIAN_POINT ( 'NONE',  ( -0.01749015748031496759, 0.2999999999999999889, 0.003740157480314928052 ) ) ;
#1056 = ORIENTED_EDGE ( 'NONE', *, *, #1373, .F. ) ;
#1057 = CARTESIAN_POINT ( 'NONE',  ( 0.01749015748031496759, 0.009999999999999995004, -0.003740157480314961879 ) ) ;
#1058 = ORIENTED_EDGE ( 'NONE', *, *, #1386, .F. ) ;
#1059 = LINE ( 'NONE', #893, #1621 ) ;
#1060 = DIRECTION ( 'NONE',  ( 0.000000000000000000, 0.000000000000000000, -1.000000000000000000 ) ) ;
#1061 = CARTESIAN_POINT ( 'NONE',  ( -0.04874999999999999473, 0.2999999999999999889, 0.006771243444677038821 ) ) ;
#1062 = EDGE_CURVE ( 'NONE', #449, #908, #234, .T. ) ;
#1063 = DIRECTION ( 'NONE',  ( 0.000000000000000000, 0.000000000000000000, -1.000000000000000000 ) ) ;
#1064 = ORIENTED_EDGE ( 'NONE', *, *, #1335, .F. ) ;
#1065 = DIRECTION ( 'NONE',  ( 0.000000000000000000, 0.000000000000000000, -1.000000000000000000 ) ) ;
#1066 = ORIENTED_EDGE ( 'NONE', *, *, #749, .T. ) ;
#1067 = DIRECTION ( 'NONE',  ( 0.000000000000000000, 1.000000000000000000, -0.000000000000000000 ) ) ;
#1068 = CARTESIAN_POINT ( 'NONE',  ( 0.02052124344467704323, 0.2899999999999999800, -0.03499999999999998251 ) ) ;
#1069 = DIRECTION ( 'NONE',  ( -1.000000000000000000, 0.000000000000000000, 0.000000000000000000 ) ) ;
#1070 = DIRECTION ( 'NONE',  ( 2.219626494852214304E-14, 0.000000000000000000, -1.000000000000000000 ) ) ;
#1071 = ADVANCED_FACE ( 'NONE', ( #1559 ), #1449, .T. ) ;
#1072 = ORIENTED_EDGE ( 'NONE', *, *, #1128, .T. ) ;
#1073 = FACE_OUTER_BOUND ( 'NONE', #418, .T. ) ;
#1074 = ADVANCED_FACE ( 'NONE', ( #82 ), #748, .T. ) ;
#1075 = VERTEX_POINT ( 'NONE', #1271 ) ;
#1076 = CARTESIAN_POINT ( 'NONE',  ( -0.02052124344467704323, 0.2999999999999999889, -0.03499999999999998945 ) ) ;
#1077 = ORIENTED_EDGE ( 'NONE', *, *, #1570, .F. ) ;
#1078 = CARTESIAN_POINT ( 'NONE',  ( -0.1074901574803149434, 0.2999999999999999889, -0.003740157480314233295 ) ) ;
#1079 = DIRECTION ( 'NONE',  ( -0.000000000000000000, -1.000000000000000000, 0.000000000000000000 ) ) ;
#1080 = AXIS2_PLACEMENT_3D ( 'NONE', #1584, #61, #724 ) ;
#1081 = ORIENTED_EDGE ( 'NONE', *, *, #493, .T. ) ;
#1082 = AXIS2_PLACEMENT_3D ( 'NONE', #2118, #1637, #1301 ) ;
#1083 = DIRECTION ( 'NONE',  ( 1.000000000000000000, 0.000000000000000000, 0.000000000000000000 ) ) ;
#1084 = AXIS2_PLACEMENT_3D ( 'NONE', #73, #389, #400 ) ;
#1085 = ORIENTED_EDGE ( 'NONE', *, *, #1201, .T. ) ;
#1086 = EDGE_CURVE ( 'NONE', #1967, #698, #1627, .T. ) ;
#1087 = FACE_OUTER_BOUND ( 'NONE', #501, .T. ) ;
#1088 = SPHERICAL_SURFACE ( 'NONE', #524, 0.01000000000000000021 ) ;
#1089 = LINE ( 'NONE', #426, #453 ) ;
#1090 = CARTESIAN_POINT ( 'NONE',  ( 0.04874999999999999473, 0.009999999999999995004, -0.006771243444677038821 ) ) ;
#1091 = ORIENTED_EDGE ( 'NONE', *, *, #1051, .F. ) ;
#1092 = FACE_OUTER_BOUND ( 'NONE', #589, .T. ) ;
#1093 = VERTEX_POINT ( 'NONE', #1078 ) ;
#1094 = ADVANCED_FACE ( 'NONE', ( #732 ), #1525, .T. ) ;
#1095 = FACE_OUTER_BOUND ( 'NONE', #191, .T. ) ;
#1096 = ORIENTED_EDGE ( 'NONE', *, *, #927, .F. ) ;
#1097 = VECTOR ( 'NONE', #62, 39.37007874015748143 ) ;
#1098 = DIRECTION ( 'NONE',  ( 1.000000000000000000, 0.000000000000000000, 0.000000000000000000 ) ) ;
#1099 = EDGE_CURVE ( 'NONE', #756, #188, #918, .T. ) ;
#1100 = CARTESIAN_POINT ( 'NONE',  ( -0.03374999999999999528, 0.01000000000000002970, -0.02999999999999998848 ) ) ;
#1101 = CARTESIAN_POINT ( 'NONE',  ( 0.04874999999999999473, 0.2899999999999999800, 0.006771243444677038821 ) ) ;
#1102 = ORIENTED_EDGE ( 'NONE', *, *, #1978, .T. ) ;
#1103 = DIRECTION ( 'NONE',  ( 0.000000000000000000, 0.000000000000000000, -1.000000000000000000 ) ) ;
#1104 = CIRCLE ( 'NONE', #695, 0.009999999999999995004 ) ;
#1105 = VERTEX_POINT ( 'NONE', #583 ) ;
#1106 = AXIS2_PLACEMENT_3D ( 'NONE', #988, #335, #2133 ) ;
#1107 = DIRECTION ( 'NONE',  ( -0.000000000000000000, -0.000000000000000000, -1.000000000000000000 ) ) ;
#1108 = ORIENTED_EDGE ( 'NONE', *, *, #435, .T. ) ;
#1109 = EDGE_CURVE ( 'NONE', #1, #1395, #316, .T. ) ;
#1110 = CIRCLE ( 'NONE', #1350, 0.009999999999999995004 ) ;
#1111 = VECTOR ( 'NONE', #1163, 39.37007874015748143 ) ;
#1112 = DIRECTION ( 'NONE',  ( 0.000000000000000000, 1.000000000000000000, 0.000000000000000000 ) ) ;
#1113 = LINE ( 'NONE', #1766, #869 ) ;
#1114 = ADVANCED_FACE ( 'NONE', ( #1246 ), #1088, .T. ) ;
#1115 = ORIENTED_EDGE ( 'NONE', *, *, #1373, .T. ) ;
#1116 = CARTESIAN_POINT ( 'NONE',  ( -0.01749015748031495024, 0.2999999999999999889, -0.003740157480314961879 ) ) ;
#1117 = AXIS2_PLACEMENT_3D ( 'NONE', #100, #1207, #1861 ) ;
#1118 = ORIENTED_EDGE ( 'NONE', *, *, #913, .T. ) ;
#1119 = VECTOR ( 'NONE', #579, 39.37007874015748143 ) ;
#1120 = LINE ( 'NONE', #120, #1801 ) ;
#1121 = CARTESIAN_POINT ( 'NONE',  ( 0.04874999999999999473, 0.01000000000000000021, 0.003740157480314928052 ) ) ;
#1122 = ORIENTED_EDGE ( 'NONE', *, *, #678, .F. ) ;
#1123 = CIRCLE ( 'NONE', #1254, 0.01000000000000000021 ) ;
#1124 = DIRECTION ( 'NONE',  ( -0.000000000000000000, -1.000000000000000000, 0.000000000000000000 ) ) ;
#1125 = ADVANCED_BREP_SHAPE_REPRESENTATION ( 'JoyStickCap', ( #67, #1462 ), #879 ) ;
#1126 = FACE_OUTER_BOUND ( 'NONE', #1874, .T. ) ;
#1127 = FACE_OUTER_BOUND ( 'NONE', #439, .T. ) ;
#1128 = EDGE_CURVE ( 'NONE', #945, #998, #1169, .T. ) ;
#1129 = EDGE_LOOP ( 'NONE', ( #1763, #1438, #364, #1137 ) ) ;
#1130 = CARTESIAN_POINT ( 'NONE',  ( -0.02052124344467704323, 0.2899999999999999800, -0.03499999999999998945 ) ) ;
#1131 = ORIENTED_EDGE ( 'NONE', *, *, #1543, .T. ) ;
#1132 = DIRECTION ( 'NONE',  ( 0.000000000000000000, 0.000000000000000000, -1.000000000000000000 ) ) ;
#1133 = EDGE_LOOP ( 'NONE', ( #1569, #1725, #1644, #373 ) ) ;
#1134 = DIRECTION ( 'NONE',  ( -0.000000000000000000, -1.000000000000000000, -0.000000000000000000 ) ) ;
#1135 = CARTESIAN_POINT ( 'NONE',  ( -0.04124999999999999500, 0.2899999999999999800, 0.01338562172233851051 ) ) ;
#1136 = AXIS2_PLACEMENT_3D ( 'NONE', #518, #205, #1179 ) ;
#1137 = ORIENTED_EDGE ( 'NONE', *, *, #1109, .T. ) ;
#1138 = DIRECTION ( 'NONE',  ( -1.000000000000000000, 0.000000000000000000, -0.000000000000000000 ) ) ;
#1139 = ORIENTED_EDGE ( 'NONE', *, *, #1435, .T. ) ;
#1140 = ADVANCED_FACE ( 'NONE', ( #1912 ), #436, .F. ) ;
#1141 = DIRECTION ( 'NONE',  ( -1.000000000000000000, 0.000000000000000000, 0.000000000000000000 ) ) ;
#1142 = CYLINDRICAL_SURFACE ( 'NONE', #105, 0.009999999999999995004 ) ;
#1143 = ORIENTED_EDGE ( 'NONE', *, *, #241, .T. ) ;
#1144 = DIRECTION ( 'NONE',  ( -6.829619984160661399E-15, 0.000000000000000000, -1.000000000000000000 ) ) ;
#1145 = DIRECTION ( 'NONE',  ( 1.000000000000000000, 0.000000000000000000, 0.000000000000000000 ) ) ;
#1146 = CIRCLE ( 'NONE', #213, 0.01000000000000000021 ) ;
#1147 = ORIENTED_EDGE ( 'NONE', *, *, #1086, .F. ) ;
#1148 = SPHERICAL_SURFACE ( 'NONE', #631, 0.01000000000000000021 ) ;
#1149 = APPLICATION_CONTEXT ( 'automotive_design' ) ;
#1150 = ORIENTED_EDGE ( 'NONE', *, *, #591, .F. ) ;
#1151 = DIRECTION ( 'NONE',  ( 1.000000000000000000, 7.256471233170703279E-15, -7.256471233170696968E-15 ) ) ;
#1152 = ORIENTED_EDGE ( 'NONE', *, *, #2075, .F. ) ;
#1153 = EDGE_CURVE ( 'NONE', #261, #198, #572, .T. ) ;
#1154 = AXIS2_PLACEMENT_3D ( 'NONE', #1776, #299, #597 ) ;
#1155 = AXIS2_PLACEMENT_3D ( 'NONE', #1422, #1284, #1138 ) ;
#1156 = AXIS2_PLACEMENT_3D ( 'NONE', #479, #1473, #1141 ) ;
#1157 = FACE_OUTER_BOUND ( 'NONE', #546, .T. ) ;
#1158 = DIRECTION ( 'NONE',  ( 0.000000000000000000, 0.000000000000000000, -1.000000000000000000 ) ) ;
#1159 = LINE ( 'NONE', #1360, #1249 ) ;
#1160 = LINE ( 'NONE', #1657, #847 ) ;
#1161 = ORIENTED_EDGE ( 'NONE', *, *, #2075, .T. ) ;
#1162 = AXIS2_PLACEMENT_3D ( 'NONE', #1851, #377, #1698 ) ;
#1163 = DIRECTION ( 'NONE',  ( -0.000000000000000000, -1.000000000000000000, -0.000000000000000000 ) ) ;
#1164 = VERTEX_POINT ( 'NONE', #1505 ) ;
#1165 = ADVANCED_FACE ( 'NONE', ( #672 ), #1308, .T. ) ;
#1166 = CARTESIAN_POINT ( 'NONE',  ( -0.04874999999999999473, 0.2899999999999999800, -0.006771243444677038821 ) ) ;
#1167 = DIRECTION ( 'NONE',  ( 0.000000000000000000, 0.000000000000000000, -1.000000000000000000 ) ) ;
#1168 = ADVANCED_FACE ( 'NONE', ( #1495 ), #2127, .F. ) ;
#1169 = CIRCLE ( 'NONE', #1228, 0.01000000000000000021 ) ;
#1170 = SPHERICAL_SURFACE ( 'NONE', #286, 0.01000000000000000021 ) ;
#1171 = DIRECTION ( 'NONE',  ( -0.000000000000000000, -1.000000000000000000, -0.000000000000000000 ) ) ;
#1172 = ORIENTED_EDGE ( 'NONE', *, *, #1807, .F. ) ;
#1173 = ORIENTED_EDGE ( 'NONE', *, *, #462, .F. ) ;
#1174 = CARTESIAN_POINT ( 'NONE',  ( -0.01749015748031425288, 0.2999999999999999889, 0.1037401574803149401 ) ) ;
#1175 = AXIS2_PLACEMENT_3D ( 'NONE', #845, #23, #680 ) ;
#1176 = SPHERICAL_SURFACE ( 'NONE', #1667, 0.01000000000000000021 ) ;
#1177 = DIRECTION ( 'NONE',  ( 0.6614378277661476790, 0.000000000000000000, -0.7500000000000001110 ) ) ;
#1178 = EDGE_CURVE ( 'NONE', #1283, #1425, #1404, .T. ) ;
#1179 = DIRECTION ( 'NONE',  ( -0.7500000000000000000, 0.000000000000000000, 0.6614378277661477901 ) ) ;
#1180 = CYLINDRICAL_SURFACE ( 'NONE', #325, 0.009999999999999995004 ) ;
#1181 = VECTOR ( 'NONE', #626, 39.37007874015748143 ) ;
#1182 = VERTEX_POINT ( 'NONE', #163 ) ;
#1183 = ORIENTED_EDGE ( 'NONE', *, *, #1669, .T. ) ;
#1184 = TOROIDAL_SURFACE ( 'NONE', #1154, 0.08999999999999999667, 0.01000000000000000021 ) ;
#1185 = DIRECTION ( 'NONE',  ( 0.000000000000000000, 0.000000000000000000, -1.000000000000000000 ) ) ;
#1186 = UNCERTAINTY_MEASURE_WITH_UNIT (LENGTH_MEASURE( 1.000000000000000082E-05 ), #510, 'distance_accuracy_value', 'NONE');
#1187 = AXIS2_PLACEMENT_3D ( 'NONE', #114, #323, #1764 ) ;
#1188 = DIRECTION ( 'NONE',  ( 0.6614378277661477901, -2.401038275681482122E-16, -0.7499999999999998890 ) ) ;
#1189 = CIRCLE ( 'NONE', #738, 0.08999999999999999667 ) ;
#1190 = DIRECTION ( 'NONE',  ( -7.256471233170703279E-15, 0.000000000000000000, 1.000000000000000000 ) ) ;
#1191 = DIRECTION ( 'NONE',  ( -0.000000000000000000, 0.000000000000000000, 1.000000000000000000 ) ) ;
#1192 = ADVANCED_FACE ( 'NONE', ( #1952 ), #1004, .T. ) ;
#1193 = EDGE_LOOP ( 'NONE', ( #481, #1866, #1572, #1654, #828, #1265, #1749, #2051 ) ) ;
#1194 = AXIS2_PLACEMENT_3D ( 'NONE', #884, #214, #32 ) ;
#1195 = ORIENTED_EDGE ( 'NONE', *, *, #532, .F. ) ;
#1196 = CIRCLE ( 'NONE', #713, 0.01000000000000000021 ) ;
#1197 = DIRECTION ( 'NONE',  ( -7.256471233170703279E-15, 0.000000000000000000, 1.000000000000000000 ) ) ;
#1198 = DIRECTION ( 'NONE',  ( -0.000000000000000000, -0.000000000000000000, -1.000000000000000000 ) ) ;
#1199 = DIRECTION ( 'NONE',  ( -0.000000000000000000, -1.000000000000000000, 0.000000000000000000 ) ) ;
#1200 = ORIENTED_EDGE ( 'NONE', *, *, #1603, .T. ) ;
#1201 = EDGE_CURVE ( 'NONE', #1432, #1806, #375, .T. ) ;
#1202 = VERTEX_POINT ( 'NONE', #71 ) ;
#1203 = EDGE_CURVE ( 'NONE', #87, #698, #865, .T. ) ;
#1204 = DIRECTION ( 'NONE',  ( -0.000000000000000000, -1.000000000000000000, 0.000000000000000000 ) ) ;
#1205 = FACE_OUTER_BOUND ( 'NONE', #1314, .T. ) ;
#1206 = AXIS2_PLACEMENT_3D ( 'NONE', #1571, #1887, #79 ) ;
#1207 = DIRECTION ( 'NONE',  ( 0.000000000000000000, 1.000000000000000000, 0.000000000000000000 ) ) ;
#1208 = DIRECTION ( 'NONE',  ( 0.000000000000000000, 1.000000000000000000, -0.000000000000000000 ) ) ;
#1209 = ORIENTED_EDGE ( 'NONE', *, *, #1279, .T. ) ;
#1210 = DIRECTION ( 'NONE',  ( 0.000000000000000000, -0.000000000000000000, -1.000000000000000000 ) ) ;
#1211 = ORIENTED_EDGE ( 'NONE', *, *, #618, .F. ) ;
#1212 = EDGE_CURVE ( 'NONE', #1515, #848, #1217, .T. ) ;
#1213 = CYLINDRICAL_SURFACE ( 'NONE', #580, 0.01000000000000000021 ) ;
#1214 = DIRECTION ( 'NONE',  ( 0.000000000000000000, 0.000000000000000000, -1.000000000000000000 ) ) ;
#1215 = TOROIDAL_SURFACE ( 'NONE', #1939, 0.08999999999999999667, 0.01000000000000000021 ) ;
#1216 = CARTESIAN_POINT ( 'NONE',  ( 0.03374999999999999528, 0.000000000000000000, 0.01999999999999998654 ) ) ;
#1217 = LINE ( 'NONE', #1348, #1477 ) ;
#1218 = AXIS2_PLACEMENT_3D ( 'NONE', #774, #1134, #1430 ) ;
#1219 = ORIENTED_EDGE ( 'NONE', *, *, #278, .T. ) ;
#1220 = FACE_OUTER_BOUND ( 'NONE', #1193, .T. ) ;
#1221 = ORIENTED_EDGE ( 'NONE', *, *, #780, .F. ) ;
#1222 = CARTESIAN_POINT ( 'NONE',  ( 0.03374999999999999528, 0.01000000000000002970, -0.02999999999999998848 ) ) ;
#1223 = DIRECTION ( 'NONE',  ( -1.000000000000000000, 0.000000000000000000, 0.000000000000000000 ) ) ;
#1224 = FACE_OUTER_BOUND ( 'NONE', #95, .T. ) ;
#1225 = EDGE_CURVE ( 'NONE', #198, #1738, #1748, .T. ) ;
#1226 = EDGE_LOOP ( 'NONE', ( #1918, #1250, #1713, #972 ) ) ;
#1227 = CARTESIAN_POINT ( 'NONE',  ( -0.04874999999999999473, 0.009999999999999998473, 0.006771243444677038821 ) ) ;
#1228 = AXIS2_PLACEMENT_3D ( 'NONE', #1259, #425, #1595 ) ;
#1229 = EDGE_LOOP ( 'NONE', ( #297, #103, #991 ) ) ;
#1230 = AXIS2_PLACEMENT_3D ( 'NONE', #1574, #953, #1902 ) ;
#1231 = DIRECTION ( 'NONE',  ( 0.000000000000000000, 0.000000000000000000, -1.000000000000000000 ) ) ;
#1232 = VERTEX_POINT ( 'NONE', #1680 ) ;
#1233 = CARTESIAN_POINT ( 'NONE',  ( 0.1074901574803149712, 0.2899999999999999800, 0.003740157480314928052 ) ) ;
#1234 = DIRECTION ( 'NONE',  ( 0.6614378277661476790, 0.000000000000000000, -0.7500000000000001110 ) ) ;
#1235 = CIRCLE ( 'NONE', #1206, 0.01000000000000000021 ) ;
#1236 = EDGE_CURVE ( 'NONE', #1283, #1258, #530, .T. ) ;
#1237 = ORIENTED_EDGE ( 'NONE', *, *, #348, .F. ) ;
#1238 = AXIS2_PLACEMENT_3D ( 'NONE', #677, #1969, #494 ) ;
#1239 = CARTESIAN_POINT ( 'NONE',  ( 0.04874999999999999473, 0.2899999999999999800, 0.006771243444677038821 ) ) ;
#1240 = EDGE_CURVE ( 'NONE', #107, #1567, #1651, .T. ) ;
#1241 = EDGE_LOOP ( 'NONE', ( #36, #1951, #1307, #1685 ) ) ;
#1242 = AXIS2_PLACEMENT_3D ( 'NONE', #413, #1715, #1409 ) ;
#1243 = AXIS2_PLACEMENT_3D ( 'NONE', #427, #1564, #2081 ) ;
#1244 = FACE_OUTER_BOUND ( 'NONE', #371, .T. ) ;
#1245 = VERTEX_POINT ( 'NONE', #1853 ) ;
#1246 = FACE_OUTER_BOUND ( 'NONE', #89, .T. ) ;
#1247 = CARTESIAN_POINT ( 'NONE',  ( 0.04874999999999999473, 0.2899999999999999800, 0.006771243444677038821 ) ) ;
#1248 = CARTESIAN_POINT ( 'NONE',  ( -0.03374999999999999528, -2.134256245050205639E-18, -0.03999999999999998002 ) ) ;
#1249 = VECTOR ( 'NONE', #369, 39.37007874015748143 ) ;
#1250 = ORIENTED_EDGE ( 'NONE', *, *, #1178, .F. ) ;
#1251 = CARTESIAN_POINT ( 'NONE',  ( -0.01749015748031496759, 0.2999999999999999889, 0.003740157480314928052 ) ) ;
#1252 = AXIS2_PLACEMENT_3D ( 'NONE', #1130, #1590, #154 ) ;
#1253 = EDGE_CURVE ( 'NONE', #1434, #851, #1917, .T. ) ;
#1254 = AXIS2_PLACEMENT_3D ( 'NONE', #1955, #6, #142 ) ;
#1255 = ORIENTED_EDGE ( 'NONE', *, *, #690, .F. ) ;
#1256 = EDGE_CURVE ( 'NONE', #1182, #776, #1370, .T. ) ;
#1257 = CYLINDRICAL_SURFACE ( 'NONE', #140, 0.01000000000000000021 ) ;
#1258 = VERTEX_POINT ( 'NONE', #1523 ) ;
#1259 = CARTESIAN_POINT ( 'NONE',  ( 0.02052124344467704323, 0.01000000000000006439, -0.03499999999999998945 ) ) ;
#1260 = CIRCLE ( 'NONE', #259, 0.01000000000000000021 ) ;
#1261 = DIRECTION ( 'NONE',  ( -1.000000000000000000, -0.000000000000000000, -0.000000000000000000 ) ) ;
#1262 = CARTESIAN_POINT ( 'NONE',  ( -0.02052124344467704323, 0.2899999999999999800, 0.03499999999999998251 ) ) ;
#1263 = ORIENTED_EDGE ( 'NONE', *, *, #917, .F. ) ;
#1264 = CARTESIAN_POINT ( 'NONE',  ( -0.01749015748031495024, 0.009999999999999995004, -0.003740157480314961879 ) ) ;
#1265 = ORIENTED_EDGE ( 'NONE', *, *, #1880, .T. ) ;
#1266 = CARTESIAN_POINT ( 'NONE',  ( -0.1174901574803149662, 0.2899999999999999800, 0.003740157480314210744 ) ) ;
#1267 = CARTESIAN_POINT ( 'NONE',  ( 0.04874999999999999473, 0.2999999999999999889, 0.006771243444677040556 ) ) ;
#1268 = ORIENTED_EDGE ( 'NONE', *, *, #591, .T. ) ;
#1269 = EDGE_CURVE ( 'NONE', #950, #239, #609, .T. ) ;
#1270 = AXIS2_PLACEMENT_3D ( 'NONE', #2112, #153, #487 ) ;
#1271 = CARTESIAN_POINT ( 'NONE',  ( -0.1074901574803149712, 0.000000000000000000, -0.003740157480314306154 ) ) ;
#1272 = DIRECTION ( 'NONE',  ( 1.000000000000000000, 0.000000000000000000, 0.000000000000000000 ) ) ;
#1273 = DIRECTION ( 'NONE',  ( 0.000000000000000000, 0.000000000000000000, 1.000000000000000000 ) ) ;
#1274 = ORIENTED_EDGE ( 'NONE', *, *, #716, .T. ) ;
#1275 = DIRECTION ( 'NONE',  ( 0.000000000000000000, 0.000000000000000000, -1.000000000000000000 ) ) ;
#1276 = ORIENTED_EDGE ( 'NONE', *, *, #1937, .T. ) ;
#1277 = LINE ( 'NONE', #1445, #630 ) ;
#1278 = DIRECTION ( 'NONE',  ( -0.6614378277661476790, 0.000000000000000000, -0.7500000000000001110 ) ) ;
#1279 = EDGE_CURVE ( 'NONE', #636, #908, #545, .T. ) ;
#1280 = CARTESIAN_POINT ( 'NONE',  ( -0.02052124344467704323, 0.2899999999999999800, 0.03499999999999998945 ) ) ;
#1281 = LINE ( 'NONE', #1936, #1029 ) ;
#1282 = EDGE_CURVE ( 'NONE', #541, #72, #891, .T. ) ;
#1283 = VERTEX_POINT ( 'NONE', #856 ) ;
#1284 = DIRECTION ( 'NONE',  ( 0.000000000000000000, 0.000000000000000000, -1.000000000000000000 ) ) ;
#1285 = CIRCLE ( 'NONE', #49, 0.01999999999999999695 ) ;
#1286 = ORIENTED_EDGE ( 'NONE', *, *, #1552, .T. ) ;
#1287 = CIRCLE ( 'NONE', #2006, 0.009999999999999996739 ) ;
#1288 = DIRECTION ( 'NONE',  ( 0.000000000000000000, 0.000000000000000000, 1.000000000000000000 ) ) ;
#1289 = DIRECTION ( 'NONE',  ( -0.000000000000000000, -1.000000000000000000, 0.000000000000000000 ) ) ;
#1290 = ORIENTED_EDGE ( 'NONE', *, *, #1586, .T. ) ;
#1291 = VECTOR ( 'NONE', #1107, 39.37007874015748143 ) ;
#1292 = DIRECTION ( 'NONE',  ( -0.000000000000000000, -1.000000000000000000, -0.000000000000000000 ) ) ;
#1293 = DIRECTION ( 'NONE',  ( 0.000000000000000000, 0.000000000000000000, 1.000000000000000000 ) ) ;
#1294 = EDGE_CURVE ( 'NONE', #859, #776, #202, .T. ) ;
#1295 = CYLINDRICAL_SURFACE ( 'NONE', #333, 0.009999999999999995004 ) ;
#1296 = EDGE_LOOP ( 'NONE', ( #176, #1619, #312, #840 ) ) ;
#1297 = ADVANCED_FACE ( 'NONE', ( #1862 ), #1833, .T. ) ;
#1298 = DIRECTION ( 'NONE',  ( 0.000000000000000000, 0.000000000000000000, -1.000000000000000000 ) ) ;
#1299 = CARTESIAN_POINT ( 'NONE',  ( -0.01749015748031496759, 0.009999999999999995004, 0.003740157480314928052 ) ) ;
#1300 = EDGE_LOOP ( 'NONE', ( #1048, #1448, #1594, #729 ) ) ;
#1301 = DIRECTION ( 'NONE',  ( -1.000000000000000000, 0.000000000000000000, 1.067128122525103344E-16 ) ) ;
#1302 = CARTESIAN_POINT ( 'NONE',  ( -0.03374999999999999528, 0.2899999999999999800, -0.03999999999999998002 ) ) ;
#1303 = VERTEX_POINT ( 'NONE', #1691 ) ;
#1304 = CARTESIAN_POINT ( 'NONE',  ( -0.02052124344467704323, 0.2999999999999999889, -0.03499999999999998945 ) ) ;
#1305 = CARTESIAN_POINT ( 'NONE',  ( 0.04874999999999999473, 0.2999999999999999889, 0.006771243444677038821 ) ) ;
#1306 = CARTESIAN_POINT ( 'NONE',  ( 0.1074901574803149712, 0.000000000000000000, 0.003740157480314310924 ) ) ;
#1307 = ORIENTED_EDGE ( 'NONE', *, *, #1225, .F. ) ;
#1308 = SPHERICAL_SURFACE ( 'NONE', #925, 0.01000000000000000021 ) ;
#1309 = FACE_OUTER_BOUND ( 'NONE', #26, .T. ) ;
#1310 = ADVANCED_FACE ( 'NONE', ( #1378 ), #1579, .T. ) ;
#1311 = ORIENTED_EDGE ( 'NONE', *, *, #406, .F. ) ;
#1312 = CYLINDRICAL_SURFACE ( 'NONE', #328, 0.009999999999999995004 ) ;
#1313 = DIRECTION ( 'NONE',  ( -0.000000000000000000, 0.000000000000000000, 1.000000000000000000 ) ) ;
#1314 = EDGE_LOOP ( 'NONE', ( #1609, #1946, #1183, #474 ) ) ;
#1315 = CARTESIAN_POINT ( 'NONE',  ( 0.03374999999999999528, 0.2899999999999999800, -0.01999999999999998654 ) ) ;
#1316 = DIRECTION ( 'NONE',  ( -1.000000000000000000, 0.000000000000000000, 0.000000000000000000 ) ) ;
#1317 = DIRECTION ( 'NONE',  ( 0.7500000000000002220, 0.000000000000000000, -0.6614378277661476790 ) ) ;
#1318 = CIRCLE ( 'NONE', #384, 0.009999999999999995004 ) ;
#1319 = CIRCLE ( 'NONE', #697, 0.009999999999999995004 ) ;
#1320 = ORIENTED_EDGE ( 'NONE', *, *, #1099, .F. ) ;
#1321 = DIRECTION ( 'NONE',  ( -0.000000000000000000, -1.000000000000000000, -0.000000000000000000 ) ) ;
#1322 = ORIENTED_EDGE ( 'NONE', *, *, #1718, .T. ) ;
#1323 = EDGE_CURVE ( 'NONE', #2041, #1105, #379, .T. ) ;
#1324 = CIRCLE ( 'NONE', #2069, 0.009999999999999995004 ) ;
#1325 = DIRECTION ( 'NONE',  ( 0.000000000000000000, 0.000000000000000000, 1.000000000000000000 ) ) ;
#1326 = ORIENTED_EDGE ( 'NONE', *, *, #1552, .F. ) ;
#1327 = EDGE_CURVE ( 'NONE', #881, #1420, #196, .T. ) ;
#1328 = FACE_OUTER_BOUND ( 'NONE', #686, .T. ) ;
#1329 = CARTESIAN_POINT ( 'NONE',  ( -0.03374999999999999528, 0.2999999999999999889, -0.01999999999999998654 ) ) ;
#1330 = FACE_OUTER_BOUND ( 'NONE', #746, .T. ) ;
#1331 = SURFACE_SIDE_STYLE ('',( #2011 ) ) ;
#1332 = CARTESIAN_POINT ( 'NONE',  ( 0.03374999999999999528, 0.2999999999999999889, -0.01999999999999998654 ) ) ;
#1333 = LINE ( 'NONE', #206, #1676 ) ;
#1334 = ORIENTED_EDGE ( 'NONE', *, *, #65, .F. ) ;
#1335 = EDGE_CURVE ( 'NONE', #756, #1045, #2085, .T. ) ;
#1336 = ORIENTED_EDGE ( 'NONE', *, *, #1521, .F. ) ;
#1337 = ADVANCED_FACE ( 'NONE', ( #2001 ), #1535, .T. ) ;
#1338 = FACE_OUTER_BOUND ( 'NONE', #1814, .T. ) ;
#1339 = DIRECTION ( 'NONE',  ( -0.7499999999999996669, 0.000000000000000000, -0.6614378277661479011 ) ) ;
#1340 = DIRECTION ( 'NONE',  ( 1.000000000000000000, 0.000000000000000000, 0.000000000000000000 ) ) ;
#1341 = FACE_OUTER_BOUND ( 'NONE', #1975, .T. ) ;
#1342 = ORIENTED_EDGE ( 'NONE', *, *, #2092, .T. ) ;
#1343 = ORIENTED_EDGE ( 'NONE', *, *, #1728, .F. ) ;
#1344 = CARTESIAN_POINT ( 'NONE',  ( 0.04874999999999999473, 0.009999999999999962044, -0.006771243444677037086 ) ) ;
#1345 = CARTESIAN_POINT ( 'NONE',  ( 0.02052124344467704323, 0.009999999999999995004, -0.03499999999999998945 ) ) ;
#1346 = EDGE_CURVE ( 'NONE', #285, #1232, #1690, .T. ) ;
#1347 = ORIENTED_EDGE ( 'NONE', *, *, #982, .T. ) ;
#1348 = CARTESIAN_POINT ( 'NONE',  ( -0.03874999999999999972, 0.2999999999999999889, -0.006771243444677039688 ) ) ;
#1349 = DIRECTION ( 'NONE',  ( 0.000000000000000000, 0.000000000000000000, -1.000000000000000000 ) ) ;
#1350 = AXIS2_PLACEMENT_3D ( 'NONE', #587, #1891, #1412 ) ;
#1351 = VERTEX_POINT ( 'NONE', #448 ) ;
#1352 = ORIENTED_EDGE ( 'NONE', *, *, #1051, .T. ) ;
#1353 = AXIS2_PLACEMENT_3D ( 'NONE', #733, #70, #566 ) ;
#1354 = DIMENSIONAL_EXPONENTS ( 1.000000000000000000, 0.000000000000000000, 0.000000000000000000, 0.000000000000000000, 0.000000000000000000, 0.000000000000000000, 0.000000000000000000 ) ;
#1355 = DIRECTION ( 'NONE',  ( 0.000000000000000000, 0.000000000000000000, 1.000000000000000000 ) ) ;
#1356 = AXIS2_PLACEMENT_3D ( 'NONE', #607, #1617, #1783 ) ;
#1357 = PLANE ( 'NONE',  #469 ) ;
#1358 = AXIS2_PLACEMENT_3D ( 'NONE', #1471, #683, #511 ) ;
#1359 = EDGE_CURVE ( 'NONE', #1536, #1182, #31, .T. ) ;
#1360 = CARTESIAN_POINT ( 'NONE',  ( -0.01749015748031425288, 0.2899999999999999800, 0.1037401574803149401 ) ) ;
#1361 = DIRECTION ( 'NONE',  ( -1.000000000000000000, 0.000000000000000000, -7.256471233170703279E-15 ) ) ;
#1362 = CARTESIAN_POINT ( 'NONE',  ( -0.02052124344467704323, 0.009999999999999995004, -0.03499999999999998945 ) ) ;
#1363 = EDGE_CURVE ( 'NONE', #1425, #1806, #574, .T. ) ;
#1364 = ORIENTED_EDGE ( 'NONE', *, *, #2105, .T. ) ;
#1365 = VECTOR ( 'NONE', #1653, 39.37007874015748143 ) ;
#1366 = ORIENTED_EDGE ( 'NONE', *, *, #1384, .T. ) ;
#1367 = DIRECTION ( 'NONE',  ( 0.000000000000000000, 0.000000000000000000, -1.000000000000000000 ) ) ;
#1368 = DIRECTION ( 'NONE',  ( 0.000000000000000000, 0.000000000000000000, 1.000000000000000000 ) ) ;
#1369 = SURFACE_STYLE_USAGE ( .BOTH. , #1331 ) ;
#1370 = LINE ( 'NONE', #1550, #1544 ) ;
#1371 = ORIENTED_EDGE ( 'NONE', *, *, #1911, .T. ) ;
#1372 = CARTESIAN_POINT ( 'NONE',  ( 0.03874999999999999972, 0.009999999999999995004, 0.006771243444677038821 ) ) ;
#1373 = EDGE_CURVE ( 'NONE', #950, #1460, #1113, .T. ) ;
#1374 = ORIENTED_EDGE ( 'NONE', *, *, #516, .T. ) ;
#1375 = DIRECTION ( 'NONE',  ( 1.000000000000000000, 0.000000000000000000, -7.309827639296958020E-15 ) ) ;
#1376 = SPHERICAL_SURFACE ( 'NONE', #431, 0.01000000000000000021 ) ;
#1377 = FACE_OUTER_BOUND ( 'NONE', #1229, .T. ) ;
#1378 = FACE_OUTER_BOUND ( 'NONE', #967, .T. ) ;
#1379 = AXIS2_PLACEMENT_3D ( 'NONE', #1315, #665, #1795 ) ;
#1380 = VERTEX_POINT ( 'NONE', #1754 ) ;
#1381 = AXIS2_PLACEMENT_3D ( 'NONE', #1391, #1079, #598 ) ;
#1382 = CARTESIAN_POINT ( 'NONE',  ( 0.04874999999999999473, 0.2899999999999999800, 0.006771243444677037086 ) ) ;
#1383 = ORIENTED_EDGE ( 'NONE', *, *, #76, .T. ) ;
#1384 = EDGE_CURVE ( 'NONE', #1105, #1245, #937, .T. ) ;
#1385 = CARTESIAN_POINT ( 'NONE',  ( 0.03374999999999999528, 0.2999999999999999889, -0.01999999999999998654 ) ) ;
#1386 = EDGE_CURVE ( 'NONE', #72, #1105, #2100, .T. ) ;
#1387 = LINE ( 'NONE', #98, #660 ) ;
#1388 = MECHANICAL_DESIGN_GEOMETRIC_PRESENTATION_REPRESENTATION (  '', ( #322 ), #1837 ) ;
#1389 = TOROIDAL_SURFACE ( 'NONE', #362, 0.08999999999999999667, 0.01000000000000000021 ) ;
#1390 =( NAMED_UNIT ( * ) PLANE_ANGLE_UNIT ( ) SI_UNIT ( $, .RADIAN. ) );
#1391 = CARTESIAN_POINT ( 'NONE',  ( -0.03374999999999999528, 0.009999999999999995004, -0.01999999999999998654 ) ) ;
#1392 = AXIS2_PLACEMENT_3D ( 'NONE', #810, #1913, #472 ) ;
#1393 = ORIENTED_EDGE ( 'NONE', *, *, #885, .F. ) ;
#1394 = DIRECTION ( 'NONE',  ( 0.000000000000000000, 0.000000000000000000, 1.000000000000000000 ) ) ;
#1395 = VERTEX_POINT ( 'NONE', #929 ) ;
#1396 = AXIS2_PLACEMENT_3D ( 'NONE', #633, #1982, #964 ) ;
#1397 = PRODUCT_DEFINITION ( 'UNKNOWN', '', #2115, #1980 ) ;
#1398 = DIRECTION ( 'NONE',  ( -0.000000000000000000, -1.000000000000000000, -0.000000000000000000 ) ) ;
#1399 = DIRECTION ( 'NONE',  ( -0.000000000000000000, -1.000000000000000000, 0.000000000000000000 ) ) ;
#1400 = ADVANCED_FACE ( 'NONE', ( #1585 ), #123, .F. ) ;
#1401 = CYLINDRICAL_SURFACE ( 'NONE', #415, 0.009999999999999995004 ) ;
#1402 = ORIENTED_EDGE ( 'NONE', *, *, #604, .T. ) ;
#1403 = CARTESIAN_POINT ( 'NONE',  ( -0.03874999999999999972, 0.01000000000000006439, 0.006771243444677038821 ) ) ;
#1404 = CIRCLE ( 'NONE', #93, 0.01000000000000000021 ) ;
#1405 = EDGE_LOOP ( 'NONE', ( #771, #595, #1311, #816 ) ) ;
#1406 = AXIS2_PLACEMENT_3D ( 'NONE', #1055, #370, #1063 ) ;
#1407 = CARTESIAN_POINT ( 'NONE',  ( -0.03374999999999999528, 0.01000000000000002970, -0.01999999999999998654 ) ) ;
#1408 = ORIENTED_EDGE ( 'NONE', *, *, #55, .F. ) ;
#1409 = DIRECTION ( 'NONE',  ( -0.6614378277661476790, 0.000000000000000000, -0.7500000000000001110 ) ) ;
#1410 = FACE_OUTER_BOUND ( 'NONE', #1226, .T. ) ;
#1411 = EDGE_CURVE ( 'NONE', #1497, #1825, #798, .T. ) ;
#1412 = DIRECTION ( 'NONE',  ( 0.000000000000000000, 0.000000000000000000, -1.000000000000000000 ) ) ;
#1413 = ORIENTED_EDGE ( 'NONE', *, *, #1907, .T. ) ;
#1414 = AXIS2_PLACEMENT_3D ( 'NONE', #1344, #525, #2017 ) ;
#1415 = EDGE_LOOP ( 'NONE', ( #1056, #401, #1066, #1538 ) ) ;
#1416 = CARTESIAN_POINT ( 'NONE',  ( 0.03374999999999999528, 0.2999999999999999889, -0.01999999999999998654 ) ) ;
#1417 = DIRECTION ( 'NONE',  ( 0.000000000000000000, 0.000000000000000000, -1.000000000000000000 ) ) ;
#1418 = DIRECTION ( 'NONE',  ( 0.000000000000000000, 0.000000000000000000, -1.000000000000000000 ) ) ;
#1419 = VECTOR ( 'NONE', #745, 39.37007874015748143 ) ;
#1420 = VERTEX_POINT ( 'NONE', #102 ) ;
#1421 = AXIS2_PLACEMENT_3D ( 'NONE', #330, #491, #829 ) ;
#1422 = CARTESIAN_POINT ( 'NONE',  ( -0.02052124344467704323, 0.2999999999999999889, 0.02499999999999999098 ) ) ;
#1423 = AXIS2_PLACEMENT_3D ( 'NONE', #1692, #1484, #342 ) ;
#1424 = EDGE_CURVE ( 'NONE', #517, #1812, #1110, .T. ) ;
#1425 = VERTEX_POINT ( 'NONE', #417 ) ;
#1426 = LINE ( 'NONE', #1762, #208 ) ;
#1427 = ORIENTED_EDGE ( 'NONE', *, *, #1933, .T. ) ;
#1428 = DIRECTION ( 'NONE',  ( 0.000000000000000000, 0.000000000000000000, -1.000000000000000000 ) ) ;
#1429 = AXIS2_PLACEMENT_3D ( 'NONE', #1829, #1188, #1339 ) ;
#1430 = DIRECTION ( 'NONE',  ( 0.000000000000000000, 0.000000000000000000, -1.000000000000000000 ) ) ;
#1431 = CARTESIAN_POINT ( 'NONE',  ( 0.02052124344467704323, 0.01000000000000006439, 0.02499999999999999098 ) ) ;
#1432 = VERTEX_POINT ( 'NONE', #920 ) ;
#1433 = DIRECTION ( 'NONE',  ( 0.000000000000000000, 0.000000000000000000, -1.000000000000000000 ) ) ;
#1434 = VERTEX_POINT ( 'NONE', #1248 ) ;
#1435 = EDGE_CURVE ( 'NONE', #1232, #2111, #552, .T. ) ;
#1436 = CARTESIAN_POINT ( 'NONE',  ( -0.03374999999999999528, 0.009999999999999995004, -0.03999999999999998002 ) ) ;
#1437 = CARTESIAN_POINT ( 'NONE',  ( 0.02052124344467704323, 0.000000000000000000, -0.03499999999999998945 ) ) ;
#1438 = ORIENTED_EDGE ( 'NONE', *, *, #1848, .T. ) ;
#1439 = AXIS2_PLACEMENT_3D ( 'NONE', #397, #1736, #2059 ) ;
#1440 = DIRECTION ( 'NONE',  ( -0.000000000000000000, -1.000000000000000000, -0.000000000000000000 ) ) ;
#1441 = CARTESIAN_POINT ( 'NONE',  ( -0.01749015748031496759, 0.000000000000000000, 0.003740157480314928052 ) ) ;
#1442 = ORIENTED_EDGE ( 'NONE', *, *, #18, .F. ) ;
#1443 = DIRECTION ( 'NONE',  ( -1.000000000000000000, -0.000000000000000000, -0.000000000000000000 ) ) ;
#1444 = ORIENTED_EDGE ( 'NONE', *, *, #2046, .F. ) ;
#1445 = CARTESIAN_POINT ( 'NONE',  ( -0.01749015748031496759, 0.2999999999999999889, 0.09374015748031494510 ) ) ;
#1446 = EDGE_CURVE ( 'NONE', #1258, #141, #902, .T. ) ;
#1447 = DIRECTION ( 'NONE',  ( 0.000000000000000000, 0.000000000000000000, -1.000000000000000000 ) ) ;
#1448 = ORIENTED_EDGE ( 'NONE', *, *, #563, .F. ) ;
#1449 = TOROIDAL_SURFACE ( 'NONE', #938, 0.02000000000000000042, 0.01000000000000000021 ) ;
#1450 = AXIS2_PLACEMENT_3D ( 'NONE', #1101, #1881, #941 ) ;
#1451 = ADVANCED_FACE ( 'NONE', ( #248 ), #907, .F. ) ;
#1452 = DIRECTION ( 'NONE',  ( 7.043045608665681944E-15, 0.000000000000000000, 1.000000000000000000 ) ) ;
#1453 = AXIS2_PLACEMENT_3D ( 'NONE', #1549, #936, #265 ) ;
#1454 = CARTESIAN_POINT ( 'NONE',  ( -0.01749015748031425288, 0.2899999999999999800, 0.1037401574803149401 ) ) ;
#1455 = DIRECTION ( 'NONE',  ( 0.000000000000000000, -1.000000000000000000, 0.000000000000000000 ) ) ;
#1456 = ORIENTED_EDGE ( 'NONE', *, *, #1256, .F. ) ;
#1457 = DIRECTION ( 'NONE',  ( 0.000000000000000000, 0.000000000000000000, -1.000000000000000000 ) ) ;
#1458 = CARTESIAN_POINT ( 'NONE',  ( -0.04874999999999999473, 0.2999999999999999889, 0.006771243444677038821 ) ) ;
#1459 = AXIS2_PLACEMENT_3D ( 'NONE', #181, #347, #679 ) ;
#1460 = VERTEX_POINT ( 'NONE', #1431 ) ;
#1461 = CYLINDRICAL_SURFACE ( 'NONE', #255, 0.009999999999999995004 ) ;
#1462 = AXIS2_PLACEMENT_3D ( 'NONE', #519, #1799, #1483 ) ;
#1463 = LINE ( 'NONE', #468, #1111 ) ;
#1464 = ORIENTED_EDGE ( 'NONE', *, *, #1669, .F. ) ;
#1465 = AXIS2_PLACEMENT_3D ( 'NONE', #1436, #2089, #613 ) ;
#1466 = LINE ( 'NONE', #2121, #2116 ) ;
#1467 = LINE ( 'NONE', #2122, #187 ) ;
#1468 = DIRECTION ( 'NONE',  ( 0.000000000000000000, 0.000000000000000000, -1.000000000000000000 ) ) ;
#1469 = ADVANCED_FACE ( 'NONE', ( #2072 ), #1997, .T. ) ;
#1470 = ORIENTED_EDGE ( 'NONE', *, *, #80, .T. ) ;
#1471 = CARTESIAN_POINT ( 'NONE',  ( -0.03374999999999999528, 0.2999999999999999889, -0.01999999999999998654 ) ) ;
#1472 = ORIENTED_EDGE ( 'NONE', *, *, #1485, .F. ) ;
#1473 = DIRECTION ( 'NONE',  ( 0.000000000000000000, 0.000000000000000000, -1.000000000000000000 ) ) ;
#1474 = CARTESIAN_POINT ( 'NONE',  ( 0.04874999999999999473, 0.01000000000000006439, -0.006771243444677038821 ) ) ;
#1475 = ORIENTED_EDGE ( 'NONE', *, *, #252, .T. ) ;
#1476 = CARTESIAN_POINT ( 'NONE',  ( -0.01749015748031425288, 0.000000000000000000, 0.09374015748031494510 ) ) ;
#1477 = VECTOR ( 'NONE', #557, 39.37007874015748143 ) ;
#1478 = FACE_OUTER_BOUND ( 'NONE', #740, .T. ) ;
#1479 = LINE ( 'NONE', #12, #41 ) ;
#1480 = ADVANCED_FACE ( 'NONE', ( #1224 ), #1401, .T. ) ;
#1481 = VERTEX_POINT ( 'NONE', #438 ) ;
#1482 = DIRECTION ( 'NONE',  ( 0.000000000000000000, 0.000000000000000000, -1.000000000000000000 ) ) ;
#1483 = DIRECTION ( 'NONE',  ( 1.000000000000000000, 0.000000000000000000, 0.000000000000000000 ) ) ;
#1484 = DIRECTION ( 'NONE',  ( -0.000000000000000000, -1.000000000000000000, 0.000000000000000000 ) ) ;
#1485 = EDGE_CURVE ( 'NONE', #1182, #881, #8, .T. ) ;
#1486 = ORIENTED_EDGE ( 'NONE', *, *, #532, .T. ) ;
#1487 = CIRCLE ( 'NONE', #547, 0.01999999999999999695 ) ;
#1488 = CARTESIAN_POINT ( 'NONE',  ( -0.02052124344467704323, 0.01000000000000006439, 0.02499999999999999098 ) ) ;
#1489 = DIRECTION ( 'NONE',  ( 0.000000000000000000, 0.000000000000000000, 1.000000000000000000 ) ) ;
#1490 = ORIENTED_EDGE ( 'NONE', *, *, #229, .F. ) ;
#1491 = CIRCLE ( 'NONE', #1661, 0.01000000000000000021 ) ;
#1492 = CARTESIAN_POINT ( 'NONE',  ( 0.03374999999999999528, 0.2999999999999999889, -0.02999999999999998848 ) ) ;
#1493 = AXIS2_PLACEMENT_3D ( 'NONE', #2078, #433, #1593 ) ;
#1494 = FACE_OUTER_BOUND ( 'NONE', #1646, .T. ) ;
#1495 = FACE_OUTER_BOUND ( 'NONE', #1658, .T. ) ;
#1496 = DIRECTION ( 'NONE',  ( 0.000000000000000000, 0.000000000000000000, 1.000000000000000000 ) ) ;
#1497 = VERTEX_POINT ( 'NONE', #1597 ) ;
#1498 = ADVANCED_FACE ( 'NONE', ( #775 ), #608, .F. ) ;
#1499 = CIRCLE ( 'NONE', #1117, 0.009999999999999995004 ) ;
#1500 = CIRCLE ( 'NONE', #2034, 0.009999999999999995004 ) ;
#1501 = CIRCLE ( 'NONE', #1356, 0.009999999999999998473 ) ;
#1502 = DIRECTION ( 'NONE',  ( 0.000000000000000000, 0.000000000000000000, -1.000000000000000000 ) ) ;
#1503 = DIRECTION ( 'NONE',  ( 0.000000000000000000, 1.000000000000000000, -0.000000000000000000 ) ) ;
#1504 = CARTESIAN_POINT ( 'NONE',  ( -0.01749015748031496759, 0.009999999999999995004, 0.003740157480314928052 ) ) ;
#1505 = CARTESIAN_POINT ( 'NONE',  ( -0.01749015748031423553, 0.000000000000000000, -0.09374015748031495898 ) ) ;
#1506 = ORIENTED_EDGE ( 'NONE', *, *, #229, .T. ) ;
#1507 = ORIENTED_EDGE ( 'NONE', *, *, #1765, .T. ) ;
#1508 = EDGE_CURVE ( 'NONE', #1045, #1515, #1319, .T. ) ;
#1509 = DIRECTION ( 'NONE',  ( 1.000000000000000000, 0.000000000000000000, -0.000000000000000000 ) ) ;
#1510 = DIRECTION ( 'NONE',  ( -0.000000000000000000, -1.000000000000000000, -0.000000000000000000 ) ) ;
#1511 = CARTESIAN_POINT ( 'NONE',  ( 0.04874999999999999473, 0.2899999999999999800, -0.006771243444677038821 ) ) ;
#1512 = DIRECTION ( 'NONE',  ( 0.000000000000000000, 1.000000000000000000, -0.000000000000000000 ) ) ;
#1513 = CARTESIAN_POINT ( 'NONE',  ( 0.01749015748031425982, 0.01000000000000006439, -0.1037401574803149540 ) ) ;
#1514 = ORIENTED_EDGE ( 'NONE', *, *, #690, .T. ) ;
#1515 = VERTEX_POINT ( 'NONE', #460 ) ;
#1516 = AXIS2_PLACEMENT_3D ( 'NONE', #253, #1398, #949 ) ;
#1517 = ADVANCED_FACE ( 'NONE', ( #1127 ), #1959, .T. ) ;
#1518 = DIRECTION ( 'NONE',  ( -0.000000000000000000, -1.000000000000000000, 0.000000000000000000 ) ) ;
#1519 = CIRCLE ( 'NONE', #275, 0.009999999999999995004 ) ;
#1520 = DIRECTION ( 'NONE',  ( 1.000000000000000000, 0.000000000000000000, 0.000000000000000000 ) ) ;
#1521 = EDGE_CURVE ( 'NONE', #1075, #1164, #585, .T. ) ;
#1522 = CARTESIAN_POINT ( 'NONE',  ( 0.1074901574803149712, 0.2899999999999999800, -0.003740157480314316562 ) ) ;
#1523 = CARTESIAN_POINT ( 'NONE',  ( 0.04124999999999999500, 0.01000000000000006439, -0.01338562172233851398 ) ) ;
#1524 = CYLINDRICAL_SURFACE ( 'NONE', #225, 0.09999999999999999167 ) ;
#1525 = TOROIDAL_SURFACE ( 'NONE', #584, 0.08999999999999999667, 0.01000000000000000021 ) ;
#1526 = ORIENTED_EDGE ( 'NONE', *, *, #1359, .F. ) ;
#1527 = EDGE_LOOP ( 'NONE', ( #56, #2033, #1927, #1514 ) ) ;
#1528 = PRESENTATION_LAYER_ASSIGNMENT (  '', '', ( #322 ) ) ;
#1529 = CARTESIAN_POINT ( 'NONE',  ( -0.02713562172233852099, 0.01000000000000009909, 0.02749999999999998973 ) ) ;
#1530 = AXIS2_PLACEMENT_3D ( 'NONE', #844, #667, #1652 ) ;
#1531 = CARTESIAN_POINT ( 'NONE',  ( -0.1174901574803149662, 0.2899999999999999800, 0.003740157480314210744 ) ) ;
#1532 = VECTOR ( 'NONE', #1005, 39.37007874015748143 ) ;
#1533 = FACE_OUTER_BOUND ( 'NONE', #702, .T. ) ;
#1534 = ADVANCED_FACE ( 'NONE', ( #1001 ), #1784, .T. ) ;
#1535 = CYLINDRICAL_SURFACE ( 'NONE', #235, 0.01000000000000000021 ) ;
#1536 = VERTEX_POINT ( 'NONE', #324 ) ;
#1537 = CARTESIAN_POINT ( 'NONE',  ( 0.1074901574803149712, 0.2999999999999999889, 0.003740157480314928052 ) ) ;
#1538 = ORIENTED_EDGE ( 'NONE', *, *, #2049, .T. ) ;
#1539 = DIRECTION ( 'NONE',  ( -0.000000000000000000, -1.000000000000000000, -0.000000000000000000 ) ) ;
#1540 = CARTESIAN_POINT ( 'NONE',  ( -0.04874999999999999473, 0.009999999999999995004, -0.006771243444677038821 ) ) ;
#1541 = CYLINDRICAL_SURFACE ( 'NONE', #803, 0.09999999999999999167 ) ;
#1542 = DIRECTION ( 'NONE',  ( -0.7499999999999997780, 0.000000000000000000, -0.6614378277661477901 ) ) ;
#1543 = EDGE_CURVE ( 'NONE', #534, #141, #1479, .T. ) ;
#1544 = VECTOR ( 'NONE', #387, 39.37007874015748143 ) ;
#1545 = ORIENTED_EDGE ( 'NONE', *, *, #1777, .T. ) ;
#1546 = DIRECTION ( 'NONE',  ( -1.000000000000000000, 0.000000000000000000, 2.134256245050206687E-16 ) ) ;
#1547 = EDGE_CURVE ( 'NONE', #1967, #409, #1146, .T. ) ;
#1548 = ORIENTED_EDGE ( 'NONE', *, *, #266, .T. ) ;
#1549 = CARTESIAN_POINT ( 'NONE',  ( -0.02052124344467704323, 0.009999999999999995004, -0.03499999999999998945 ) ) ;
#1550 = CARTESIAN_POINT ( 'NONE',  ( 0.04124999999999999500, 0.2999999999999999889, 0.01338562172233851398 ) ) ;
#1551 = ORIENTED_EDGE ( 'NONE', *, *, #1203, .T. ) ;
#1552 = EDGE_CURVE ( 'NONE', #87, #521, #1701, .T. ) ;
#1553 = CARTESIAN_POINT ( 'NONE',  ( -0.02052124344467704323, 0.2899999999999999800, -0.03499999999999998945 ) ) ;
#1554 = VECTOR ( 'NONE', #454, 39.37007874015748143 ) ;
#1555 = ORIENTED_EDGE ( 'NONE', *, *, #1411, .T. ) ;
#1556 = EDGE_CURVE ( 'NONE', #521, #107, #1983, .T. ) ;
#1557 = DIRECTION ( 'NONE',  ( 0.000000000000000000, 0.000000000000000000, -1.000000000000000000 ) ) ;
#1558 = EDGE_LOOP ( 'NONE', ( #1118, #935, #2125, #489 ) ) ;
#1559 = FACE_OUTER_BOUND ( 'NONE', #892, .T. ) ;
#1560 = AXIS2_PLACEMENT_3D ( 'NONE', #1247, #586, #1709 ) ;
#1561 = CIRCLE ( 'NONE', #593, 0.01000000000000000021 ) ;
#1562 = VECTOR ( 'NONE', #1443, 39.37007874015748143 ) ;
#1563 = DIRECTION ( 'NONE',  ( 0.000000000000000000, 0.000000000000000000, 1.000000000000000000 ) ) ;
#1564 = DIRECTION ( 'NONE',  ( -0.000000000000000000, -1.000000000000000000, -0.000000000000000000 ) ) ;
#1565 = AXIS2_PLACEMENT_3D ( 'NONE', #1026, #1171, #1349 ) ;
#1566 = TOROIDAL_SURFACE ( 'NONE', #635, 0.08999999999999999667, 0.01000000000000000021 ) ;
#1567 = VERTEX_POINT ( 'NONE', #1135 ) ;
#1568 = FACE_OUTER_BOUND ( 'NONE', #332, .T. ) ;
#1569 = ORIENTED_EDGE ( 'NONE', *, *, #1642, .T. ) ;
#1570 = EDGE_CURVE ( 'NONE', #1303, #571, #1011, .T. ) ;
#1571 = CARTESIAN_POINT ( 'NONE',  ( -0.04874999999999999473, 0.01000000000000006439, -0.006771243444677035352 ) ) ;
#1572 = ORIENTED_EDGE ( 'NONE', *, *, #101, .T. ) ;
#1573 = CARTESIAN_POINT ( 'NONE',  ( -0.03374999999999999528, 0.2999999999999999889, -0.02999999999999998848 ) ) ;
#1574 = CARTESIAN_POINT ( 'NONE',  ( 0.03374999999999999528, 0.2899999999999999800, 0.01999999999999998654 ) ) ;
#1575 = ORIENTED_EDGE ( 'NONE', *, *, #808, .T. ) ;
#1576 = DIRECTION ( 'NONE',  ( -0.000000000000000000, -1.000000000000000000, -0.000000000000000000 ) ) ;
#1577 = VECTOR ( 'NONE', #704, 39.37007874015748143 ) ;
#1578 = ORIENTED_EDGE ( 'NONE', *, *, #662, .T. ) ;
#1579 = TOROIDAL_SURFACE ( 'NONE', #126, 0.02000000000000000042, 0.01000000000000000021 ) ;
#1580 = DIRECTION ( 'NONE',  ( 0.000000000000000000, 0.000000000000000000, 1.000000000000000000 ) ) ;
#1581 = ORIENTED_EDGE ( 'NONE', *, *, #1933, .F. ) ;
#1582 = CARTESIAN_POINT ( 'NONE',  ( -0.1174901574803149662, 0.2999999999999999889, 0.003740157480314210744 ) ) ;
#1583 = ADVANCED_FACE ( 'NONE', ( #811, #796 ), #1971, .T. ) ;
#1584 = CARTESIAN_POINT ( 'NONE',  ( 0.03374999999999999528, 0.000000000000000000, -0.01999999999999998654 ) ) ;
#1585 = FACE_OUTER_BOUND ( 'NONE', #346, .T. ) ;
#1586 = EDGE_CURVE ( 'NONE', #1164, #50, #668, .T. ) ;
#1587 = VECTOR ( 'NONE', #233, 39.37007874015748143 ) ;
#1588 = VERTEX_POINT ( 'NONE', #1306 ) ;
#1589 = VECTOR ( 'NONE', #10, 39.37007874015748143 ) ;
#1590 = DIRECTION ( 'NONE',  ( 0.7500000000000002220, -0.000000000000000000, 0.6614378277661476790 ) ) ;
#1591 = ORIENTED_EDGE ( 'NONE', *, *, #53, .T. ) ;
#1592 = AXIS2_PLACEMENT_3D ( 'NONE', #1956, #663, #1447 ) ;
#1593 = DIRECTION ( 'NONE',  ( 0.000000000000000000, 0.000000000000000000, -1.000000000000000000 ) ) ;
#1594 = ORIENTED_EDGE ( 'NONE', *, *, #53, .F. ) ;
#1595 = DIRECTION ( 'NONE',  ( -0.6614378277661476790, 0.000000000000000000, -0.7500000000000001110 ) ) ;
#1596 = DIRECTION ( 'NONE',  ( -1.000000000000000000, 0.000000000000000000, 0.000000000000000000 ) ) ;
#1597 = CARTESIAN_POINT ( 'NONE',  ( 0.02052124344467704323, 0.000000000000000000, 0.03499999999999998251 ) ) ;
#1598 = CLOSED_SHELL ( 'NONE', ( #2038, #1071, #565, #614, #1451, #1400, #1820, #1583, #1297, #730, #954, #175, #146, #1740, #2060, #1498, #649, #860, #291, #719, #551, #2013, #476, #4, #2000, #1168, #1192, #1896, #211, #1140, #2024, #334, #602, #1114, #876, #1480, #1752, #27, #372, #863, #459, #128, #1534, #1770, #1711, #1165, #1755, #104, #91, #200, #351, #506, #1962, #1094, #1892, #1600, #1743, #1028, #1469, #1517, #2123, #215, #741, #1074, #1684, #1337, #1310, #171, #1671, #339, #900, #43, #1612, #1924, #1856, #262, #190, #29, #528, #2015 ) ) ;
#1599 = AXIS2_PLACEMENT_3D ( 'NONE', #46, #184, #520 ) ;
#1600 = ADVANCED_FACE ( 'NONE', ( #1330 ), #509, .T. ) ;
#1601 = ORIENTED_EDGE ( 'NONE', *, *, #588, .F. ) ;
#1602 = CARTESIAN_POINT ( 'NONE',  ( -0.04874999999999999473, 0.2899999999999999800, 0.006771243444677038821 ) ) ;
#1603 = EDGE_CURVE ( 'NONE', #2076, #864, #1643, .T. ) ;
#1604 = ORIENTED_EDGE ( 'NONE', *, *, #490, .F. ) ;
#1605 = DIRECTION ( 'NONE',  ( 0.000000000000000000, 0.000000000000000000, 1.000000000000000000 ) ) ;
#1606 = DIRECTION ( 'NONE',  ( -1.000000000000000000, 0.000000000000000000, 0.000000000000000000 ) ) ;
#1607 = DIRECTION ( 'NONE',  ( 8.963876229210864487E-16, 0.000000000000000000, -1.000000000000000000 ) ) ;
#1608 = CARTESIAN_POINT ( 'NONE',  ( 0.02052124344467704323, 0.009999999999999998473, 0.03499999999999998945 ) ) ;
#1609 = ORIENTED_EDGE ( 'NONE', *, *, #968, .F. ) ;
#1610 = LINE ( 'NONE', #440, #1562 ) ;
#1611 = ORIENTED_EDGE ( 'NONE', *, *, #1109, .F. ) ;
#1612 = ADVANCED_FACE ( 'NONE', ( #1810 ), #1295, .T. ) ;
#1613 = DIRECTION ( 'NONE',  ( -0.000000000000000000, -1.000000000000000000, 0.000000000000000000 ) ) ;
#1614 = DIRECTION ( 'NONE',  ( 0.000000000000000000, 0.000000000000000000, -1.000000000000000000 ) ) ;
#1615 = EDGE_LOOP ( 'NONE', ( #1611, #1625, #2087 ) ) ;
#1616 = DIRECTION ( 'NONE',  ( 0.000000000000000000, 0.000000000000000000, -1.000000000000000000 ) ) ;
#1617 = DIRECTION ( 'NONE',  ( -0.6614378277661476790, 0.000000000000000000, -0.7500000000000000000 ) ) ;
#1618 = DIRECTION ( 'NONE',  ( 1.000000000000000000, 0.000000000000000000, 0.000000000000000000 ) ) ;
#1619 = ORIENTED_EDGE ( 'NONE', *, *, #778, .T. ) ;
#1620 = CYLINDRICAL_SURFACE ( 'NONE', #222, 0.009999999999999995004 ) ;
#1621 = VECTOR ( 'NONE', #356, 39.37007874015748143 ) ;
#1622 = ORIENTED_EDGE ( 'NONE', *, *, #398, .F. ) ;
#1623 = DIRECTION ( 'NONE',  ( 1.000000000000000000, -0.000000000000000000, -0.000000000000000000 ) ) ;
#1624 = FACE_OUTER_BOUND ( 'NONE', #1558, .T. ) ;
#1625 = ORIENTED_EDGE ( 'NONE', *, *, #1686, .T. ) ;
#1626 = EDGE_CURVE ( 'NONE', #308, #1303, #1281, .T. ) ;
#1627 = CIRCLE ( 'NONE', #1242, 0.01000000000000000021 ) ;
#1628 = AXIS2_PLACEMENT_3D ( 'NONE', #1630, #1949, #1167 ) ;
#1629 = FACE_OUTER_BOUND ( 'NONE', #1415, .T. ) ;
#1630 = CARTESIAN_POINT ( 'NONE',  ( -0.1174901574803149662, 0.2999999999999999889, 0.003740157480314210744 ) ) ;
#1631 = ORIENTED_EDGE ( 'NONE', *, *, #1240, .F. ) ;
#1632 = DIRECTION ( 'NONE',  ( 0.000000000000000000, 0.000000000000000000, -1.000000000000000000 ) ) ;
#1633 = DIRECTION ( 'NONE',  ( 1.000000000000000000, 0.000000000000000000, 0.000000000000000000 ) ) ;
#1634 = TOROIDAL_SURFACE ( 'NONE', #111, 0.08999999999999999667, 0.01000000000000000021 ) ;
#1635 = ORIENTED_EDGE ( 'NONE', *, *, #604, .F. ) ;
#1636 = AXIS2_PLACEMENT_3D ( 'NONE', #1865, #728, #1704 ) ;
#1637 = DIRECTION ( 'NONE',  ( -1.067128122525103344E-16, 0.000000000000000000, -1.000000000000000000 ) ) ;
#1638 = DIRECTION ( 'NONE',  ( 0.000000000000000000, 0.000000000000000000, -1.000000000000000000 ) ) ;
#1639 = EDGE_CURVE ( 'NONE', #1738, #428, #464, .T. ) ;
#1640 = CARTESIAN_POINT ( 'NONE',  ( 0.1074901574803149712, 0.000000000000000000, -0.003740157480314245005 ) ) ;
#1641 = CARTESIAN_POINT ( 'NONE',  ( -0.01749015748031496759, 0.000000000000000000, 0.003740157480314928052 ) ) ;
#1642 = EDGE_CURVE ( 'NONE', #819, #868, #1260, .T. ) ;
#1643 = CIRCLE ( 'NONE', #711, 0.08999999999999999667 ) ;
#1644 = ORIENTED_EDGE ( 'NONE', *, *, #1038, .F. ) ;
#1645 = DIRECTION ( 'NONE',  ( 0.000000000000000000, 0.000000000000000000, 1.000000000000000000 ) ) ;
#1646 = EDGE_LOOP ( 'NONE', ( #1122, #441, #1442 ) ) ;
#1647 = LINE ( 'NONE', #306, #1291 ) ;
#1648 = CARTESIAN_POINT ( 'NONE',  ( -0.1074901574803149712, 0.2999999999999999889, 0.003740157480314210744 ) ) ;
#1649 = ORIENTED_EDGE ( 'NONE', *, *, #278, .F. ) ;
#1650 = DIRECTION ( 'NONE',  ( -0.000000000000000000, -1.000000000000000000, 0.000000000000000000 ) ) ;
#1651 = CIRCLE ( 'NONE', #721, 0.009999999999999998473 ) ;
#1652 = DIRECTION ( 'NONE',  ( 0.000000000000000000, 0.000000000000000000, -1.000000000000000000 ) ) ;
#1653 = DIRECTION ( 'NONE',  ( 1.000000000000000000, 0.000000000000000000, 0.000000000000000000 ) ) ;
#1654 = ORIENTED_EDGE ( 'NONE', *, *, #420, .T. ) ;
#1655 = EDGE_CURVE ( 'NONE', #1283, #889, #883, .T. ) ;
#1656 = DIRECTION ( 'NONE',  ( -0.000000000000000000, -1.000000000000000000, 0.000000000000000000 ) ) ;
#1657 = CARTESIAN_POINT ( 'NONE',  ( -0.02052124344467704323, 0.2999999999999999889, -0.02499999999999999098 ) ) ;
#1658 = EDGE_LOOP ( 'NONE', ( #1152, #1427, #1551, #924 ) ) ;
#1659 = AXIS2_PLACEMENT_3D ( 'NONE', #699, #1355, #1509 ) ;
#1660 = EDGE_LOOP ( 'NONE', ( #1456, #1019, #942, #85 ) ) ;
#1661 = AXIS2_PLACEMENT_3D ( 'NONE', #51, #1841, #1367 ) ;
#1662 = CARTESIAN_POINT ( 'NONE',  ( 0.04874999999999999473, 0.000000000000000000, -0.006771243444677038821 ) ) ;
#1663 = DIRECTION ( 'NONE',  ( 0.000000000000000000, 0.000000000000000000, -1.000000000000000000 ) ) ;
#1664 = DIRECTION ( 'NONE',  ( 0.000000000000000000, 0.000000000000000000, -1.000000000000000000 ) ) ;
#1665 = CIRCLE ( 'NONE', #1894, 0.01000000000000000021 ) ;
#1666 = ORIENTED_EDGE ( 'NONE', *, *, #1642, .F. ) ;
#1667 = AXIS2_PLACEMENT_3D ( 'NONE', #1540, #60, #1214 ) ;
#1668 = DIRECTION ( 'NONE',  ( 1.000000000000000000, 0.000000000000000000, -0.000000000000000000 ) ) ;
#1669 = EDGE_CURVE ( 'NONE', #1105, #2111, #1998, .T. ) ;
#1670 = ORIENTED_EDGE ( 'NONE', *, *, #395, .T. ) ;
#1671 = ADVANCED_FACE ( 'NONE', ( #357 ), #536, .T. ) ;
#1672 = AXIS2_PLACEMENT_3D ( 'NONE', #416, #256, #919 ) ;
#1673 = AXIS2_PLACEMENT_3D ( 'NONE', #638, #2074, #1633 ) ;
#1674 = VERTEX_POINT ( 'NONE', #712 ) ;
#1675 = TOROIDAL_SURFACE ( 'NONE', #1530, 0.02000000000000000042, 0.01000000000000000021 ) ;
#1676 = VECTOR ( 'NONE', #1834, 39.37007874015748143 ) ;
#1677 = DIRECTION ( 'NONE',  ( 0.000000000000000000, 0.000000000000000000, -1.000000000000000000 ) ) ;
#1678 = DIRECTION ( 'NONE',  ( -0.000000000000000000, -1.000000000000000000, -0.000000000000000000 ) ) ;
#1679 = DIRECTION ( 'NONE',  ( 1.000000000000000000, 0.000000000000000000, 0.000000000000000000 ) ) ;
#1680 = CARTESIAN_POINT ( 'NONE',  ( 0.1174901574803149662, 0.01000000000000006439, -0.003740157480314245005 ) ) ;
#1681 = CARTESIAN_POINT ( 'NONE',  ( 0.02713562172233852099, 0.2999999999999999889, -0.02749999999999998973 ) ) ;
#1682 = CIRCLE ( 'NONE', #368, 0.01000000000000000021 ) ;
#1683 = ORIENTED_EDGE ( 'NONE', *, *, #118, .F. ) ;
#1684 = ADVANCED_FACE ( 'NONE', ( #194 ), #1376, .T. ) ;
#1685 = ORIENTED_EDGE ( 'NONE', *, *, #1153, .F. ) ;
#1686 = EDGE_CURVE ( 'NONE', #1, #624, #1196, .T. ) ;
#1687 = CARTESIAN_POINT ( 'NONE',  ( -0.02052124344467704323, 0.2899999999999999800, 0.02499999999999999098 ) ) ;
#1688 = CARTESIAN_POINT ( 'NONE',  ( -0.02052124344467704323, 0.2899999999999999800, -0.03499999999999998945 ) ) ;
#1689 = CARTESIAN_POINT ( 'NONE',  ( 0.01749015748031432921, 0.000000000000000000, -0.09374015748031495898 ) ) ;
#1690 = CIRCLE ( 'NONE', #1439, 0.009999999999999995004 ) ;
#1691 = CARTESIAN_POINT ( 'NONE',  ( -0.01749015748031425288, 0.01000000000000006439, 0.1037401574803149401 ) ) ;
#1692 = CARTESIAN_POINT ( 'NONE',  ( 0.03374999999999999528, 0.009999999999999995004, -0.01999999999999998654 ) ) ;
#1693 = ORIENTED_EDGE ( 'NONE', *, *, #793, .F. ) ;
#1694 = ORIENTED_EDGE ( 'NONE', *, *, #982, .F. ) ;
#1695 = EDGE_CURVE ( 'NONE', #358, #636, #1910, .T. ) ;
#1696 = DIRECTION ( 'NONE',  ( -0.000000000000000000, -1.000000000000000000, -0.000000000000000000 ) ) ;
#1697 = AXIS2_PLACEMENT_3D ( 'NONE', #39, #367, #1858 ) ;
#1698 = DIRECTION ( 'NONE',  ( 0.000000000000000000, 0.000000000000000000, -1.000000000000000000 ) ) ;
#1699 = SPHERICAL_SURFACE ( 'NONE', #843, 0.01000000000000000021 ) ;
#1700 = CARTESIAN_POINT ( 'NONE',  ( 0.03874999999999999972, 0.2999999999999999889, 0.006771243444677040556 ) ) ;
#1701 = CIRCLE ( 'NONE', #762, 0.01000000000000000021 ) ;
#1702 = VECTOR ( 'NONE', #2056, 39.37007874015748143 ) ;
#1703 = ORIENTED_EDGE ( 'NONE', *, *, #1363, .T. ) ;
#1704 = DIRECTION ( 'NONE',  ( 0.000000000000000000, 0.000000000000000000, 1.000000000000000000 ) ) ;
#1705 = ORIENTED_EDGE ( 'NONE', *, *, #659, .T. ) ;
#1706 = CIRCLE ( 'NONE', #770, 0.01000000000000000021 ) ;
#1707 = CYLINDRICAL_SURFACE ( 'NONE', #549, 0.009999999999999995004 ) ;
#1708 = EDGE_CURVE ( 'NONE', #831, #392, #386, .T. ) ;
#1709 = DIRECTION ( 'NONE',  ( 0.000000000000000000, 0.000000000000000000, -1.000000000000000000 ) ) ;
#1710 = DIRECTION ( 'NONE',  ( 1.000000000000000000, 0.000000000000000000, 0.000000000000000000 ) ) ;
#1711 = ADVANCED_FACE ( 'NONE', ( #203 ), #862, .T. ) ;
#1712 = ORIENTED_EDGE ( 'NONE', *, *, #493, .F. ) ;
#1713 = ORIENTED_EDGE ( 'NONE', *, *, #1655, .T. ) ;
#1714 = CARTESIAN_POINT ( 'NONE',  ( 0.02052124344467704323, 0.2899999999999999800, 0.03499999999999998945 ) ) ;
#1715 = DIRECTION ( 'NONE',  ( 0.7499999999999998890, 0.000000000000000000, -0.6614378277661476790 ) ) ;
#1716 = DIRECTION ( 'NONE',  ( 0.000000000000000000, 0.000000000000000000, -1.000000000000000000 ) ) ;
#1717 = DIRECTION ( 'NONE',  ( 1.000000000000000000, -0.000000000000000000, -0.000000000000000000 ) ) ;
#1718 = EDGE_CURVE ( 'NONE', #1674, #831, #1682, .T. ) ;
#1719 = ORIENTED_EDGE ( 'NONE', *, *, #1327, .F. ) ;
#1720 = CARTESIAN_POINT ( 'NONE',  ( -0.03874999999999999972, 0.2899999999999999800, 0.006771243444677038821 ) ) ;
#1721 = ORIENTED_EDGE ( 'NONE', *, *, #1269, .F. ) ;
#1722 = ORIENTED_EDGE ( 'NONE', *, *, #1446, .T. ) ;
#1723 = DIRECTION ( 'NONE',  ( 0.000000000000000000, 0.000000000000000000, -1.000000000000000000 ) ) ;
#1724 = DIRECTION ( 'NONE',  ( -0.000000000000000000, -1.000000000000000000, -0.000000000000000000 ) ) ;
#1725 = ORIENTED_EDGE ( 'NONE', *, *, #382, .F. ) ;
#1726 = AXIS2_PLACEMENT_3D ( 'NONE', #564, #1908, #1877 ) ;
#1727 = DIRECTION ( 'NONE',  ( -0.6614378277661476790, -2.401038275681482122E-16, -0.7499999999999998890 ) ) ;
#1728 = EDGE_CURVE ( 'NONE', #449, #5, #42, .T. ) ;
#1729 = ORIENTED_EDGE ( 'NONE', *, *, #1979, .F. ) ;
#1730 = CARTESIAN_POINT ( 'NONE',  ( -0.01749015748031495024, 0.2899999999999999800, -0.003740157480314961879 ) ) ;
#1731 = EDGE_LOOP ( 'NONE', ( #1772, #539, #1666 ) ) ;
#1732 = CARTESIAN_POINT ( 'NONE',  ( -0.03374999999999999528, 0.009999999999999995004, -0.01999999999999998654 ) ) ;
#1733 = CIRCLE ( 'NONE', #768, 0.08999999999999999667 ) ;
#1734 = CIRCLE ( 'NONE', #1082, 0.009999999999999995004 ) ;
#1735 = VECTOR ( 'NONE', #590, 39.37007874015748143 ) ;
#1736 = DIRECTION ( 'NONE',  ( 0.000000000000000000, 0.000000000000000000, 1.000000000000000000 ) ) ;
#1737 = CIRCLE ( 'NONE', #1565, 0.009999999999999995004 ) ;
#1738 = VERTEX_POINT ( 'NONE', #700 ) ;
#1739 = ORIENTED_EDGE ( 'NONE', *, *, #765, .T. ) ;
#1740 = ADVANCED_FACE ( 'NONE', ( #1205 ), #1357, .F. ) ;
#1741 = DIRECTION ( 'NONE',  ( -0.000000000000000000, -1.000000000000000000, 0.000000000000000000 ) ) ;
#1742 = ORIENTED_EDGE ( 'NONE', *, *, #888, .F. ) ;
#1743 = ADVANCED_FACE ( 'NONE', ( #544 ), #1176, .T. ) ;
#1744 = DIRECTION ( 'NONE',  ( 0.000000000000000000, 0.000000000000000000, -1.000000000000000000 ) ) ;
#1745 = DIRECTION ( 'NONE',  ( -0.000000000000000000, -1.000000000000000000, -0.000000000000000000 ) ) ;
#1746 = VERTEX_POINT ( 'NONE', #227 ) ;
#1747 = DIRECTION ( 'NONE',  ( 0.000000000000000000, 1.000000000000000000, -0.000000000000000000 ) ) ;
#1748 = CIRCLE ( 'NONE', #826, 0.009999999999999995004 ) ;
#1749 = ORIENTED_EDGE ( 'NONE', *, *, #1282, .T. ) ;
#1750 = CARTESIAN_POINT ( 'NONE',  ( 0.04874999999999999473, 0.000000000000000000, 0.006771243444677038821 ) ) ;
#1751 = ORIENTED_EDGE ( 'NONE', *, *, #502, .F. ) ;
#1752 = ADVANCED_FACE ( 'NONE', ( #1869 ), #394, .T. ) ;
#1753 = DIRECTION ( 'NONE',  ( 0.000000000000000000, 0.000000000000000000, -1.000000000000000000 ) ) ;
#1754 = CARTESIAN_POINT ( 'NONE',  ( -0.04874999999999999473, 0.2999999999999999889, -0.006771243444677038821 ) ) ;
#1755 = ADVANCED_FACE ( 'NONE', ( #1568 ), #408, .T. ) ;
#1756 = VERTEX_POINT ( 'NONE', #1720 ) ;
#1757 = CIRCLE ( 'NONE', #835, 0.01000000000000000021 ) ;
#1758 = DIRECTION ( 'NONE',  ( -0.000000000000000000, -1.000000000000000000, 0.000000000000000000 ) ) ;
#1759 = EDGE_LOOP ( 'NONE', ( #58, #145, #1444, #119 ) ) ;
#1760 = AXIS2_PLACEMENT_3D ( 'NONE', #1608, #577, #1234 ) ;
#1761 = FACE_OUTER_BOUND ( 'NONE', #244, .T. ) ;
#1762 = CARTESIAN_POINT ( 'NONE',  ( -0.01749015748031496759, 0.2999999999999999889, -0.09374015748031495898 ) ) ;
#1763 = ORIENTED_EDGE ( 'NONE', *, *, #2077, .F. ) ;
#1764 = DIRECTION ( 'NONE',  ( 0.000000000000000000, 0.000000000000000000, -1.000000000000000000 ) ) ;
#1765 = EDGE_CURVE ( 'NONE', #141, #1420, #1875, .T. ) ;
#1766 = CARTESIAN_POINT ( 'NONE',  ( 0.02052124344467704323, 0.2999999999999999889, 0.02499999999999999098 ) ) ;
#1767 = VECTOR ( 'NONE', #1679, 39.37007874015748143 ) ;
#1768 = AXIS2_PLACEMENT_3D ( 'NONE', #1251, #2022, #1210 ) ;
#1769 = ORIENTED_EDGE ( 'NONE', *, *, #2105, .F. ) ;
#1770 = ADVANCED_FACE ( 'NONE', ( #1073 ), #2032, .T. ) ;
#1771 = AXIS2_PLACEMENT_3D ( 'NONE', #169, #1316, #1000 ) ;
#1772 = ORIENTED_EDGE ( 'NONE', *, *, #1990, .T. ) ;
#1773 = FACE_OUTER_BOUND ( 'NONE', #792, .T. ) ;
#1774 = CARTESIAN_POINT ( 'NONE',  ( -0.1174901574803149662, 0.01000000000000006439, 0.003740157480314210744 ) ) ;
#1775 = ORIENTED_EDGE ( 'NONE', *, *, #363, .F. ) ;
#1776 = CARTESIAN_POINT ( 'NONE',  ( 0.01749015748031496759, 0.2899999999999999800, -0.003740157480314961879 ) ) ;
#1777 = EDGE_CURVE ( 'NONE', #1202, #517, #1287, .T. ) ;
#1778 = EDGE_LOOP ( 'NONE', ( #1545, #1742, #1147, #2129 ) ) ;
#1779 = FACE_OUTER_BOUND ( 'NONE', #651, .T. ) ;
#1780 = EDGE_CURVE ( 'NONE', #1245, #1232, #430, .T. ) ;
#1781 = ORIENTED_EDGE ( 'NONE', *, *, #987, .F. ) ;
#1782 = LINE ( 'NONE', #317, #499 ) ;
#1783 = DIRECTION ( 'NONE',  ( -0.7499999999999997780, 0.000000000000000000, 0.6614378277661477901 ) ) ;
#1784 = SPHERICAL_SURFACE ( 'NONE', #977, 0.01000000000000000021 ) ;
#1785 = ORIENTED_EDGE ( 'NONE', *, *, #1240, .T. ) ;
#1786 = CARTESIAN_POINT ( 'NONE',  ( -0.02052124344467704323, 0.2999999999999999889, 0.03499999999999998945 ) ) ;
#1787 = CARTESIAN_POINT ( 'NONE',  ( -0.01749015748031496759, 0.2899999999999999800, 0.003740157480314928052 ) ) ;
#1788 = AXIS2_PLACEMENT_3D ( 'NONE', #1304, #1957, #1947 ) ;
#1789 = ORIENTED_EDGE ( 'NONE', *, *, #303, .T. ) ;
#1790 = EDGE_CURVE ( 'NONE', #881, #326, #1500, .T. ) ;
#1791 = CARTESIAN_POINT ( 'NONE',  ( -0.03374999999999999528, 0.2899999999999999800, -0.01999999999999998654 ) ) ;
#1792 = CARTESIAN_POINT ( 'NONE',  ( 0.02052124344467704323, 0.2899999999999999800, 0.02499999999999999098 ) ) ;
#1793 = AXIS2_PLACEMENT_3D ( 'NONE', #307, #1289, #1614 ) ;
#1794 = AXIS2_PLACEMENT_3D ( 'NONE', #92, #257, #567 ) ;
#1795 = DIRECTION ( 'NONE',  ( 0.000000000000000000, 0.000000000000000000, -1.000000000000000000 ) ) ;
#1796 = DIRECTION ( 'NONE',  ( 0.000000000000000000, 0.000000000000000000, -1.000000000000000000 ) ) ;
#1797 = CARTESIAN_POINT ( 'NONE',  ( -0.02052124344467704323, 0.2899999999999999800, 0.03499999999999998945 ) ) ;
#1798 = ORIENTED_EDGE ( 'NONE', *, *, #940, .T. ) ;
#1799 = DIRECTION ( 'NONE',  ( 0.000000000000000000, 0.000000000000000000, 1.000000000000000000 ) ) ;
#1800 =( LENGTH_UNIT ( ) NAMED_UNIT ( * ) SI_UNIT ( $, .METRE. ) );
#1801 = VECTOR ( 'NONE', #165, 39.37007874015748143 ) ;
#1802 = ORIENTED_EDGE ( 'NONE', *, *, #1978, .F. ) ;
#1803 = TOROIDAL_SURFACE ( 'NONE', #1423, 0.02000000000000000042, 0.01000000000000000021 ) ;
#1804 = CIRCLE ( 'NONE', #772, 0.009999999999999998473 ) ;
#1805 = FACE_OUTER_BOUND ( 'NONE', #242, .T. ) ;
#1806 = VERTEX_POINT ( 'NONE', #899 ) ;
#1807 = EDGE_CURVE ( 'NONE', #261, #422, #240, .T. ) ;
#1808 = DIRECTION ( 'NONE',  ( 0.000000000000000000, 0.000000000000000000, -1.000000000000000000 ) ) ;
#1809 = FACE_OUTER_BOUND ( 'NONE', #1241, .T. ) ;
#1810 = FACE_OUTER_BOUND ( 'NONE', #1008, .T. ) ;
#1811 = DIRECTION ( 'NONE',  ( 0.000000000000000000, 0.000000000000000000, -1.000000000000000000 ) ) ;
#1812 = VERTEX_POINT ( 'NONE', #1403 ) ;
#1813 = CARTESIAN_POINT ( 'NONE',  ( -0.1074901574803149712, 0.2999999999999999889, 0.003740157480314928052 ) ) ;
#1814 = EDGE_LOOP ( 'NONE', ( #2016, #965, #1915, #513 ) ) ;
#1815 = VECTOR ( 'NONE', #538, 39.37007874015748143 ) ;
#1816 = CARTESIAN_POINT ( 'NONE',  ( 0.1174901574803149662, 0.2899999999999999800, 0.003740157480314210744 ) ) ;
#1817 = AXIS2_PLACEMENT_3D ( 'NONE', #1873, #2020, #1845 ) ;
#1818 = DIRECTION ( 'NONE',  ( 1.000000000000000000, 0.000000000000000000, 0.000000000000000000 ) ) ;
#1819 = DIRECTION ( 'NONE',  ( 1.000000000000000000, 0.000000000000000000, 0.000000000000000000 ) ) ;
#1820 = ADVANCED_FACE ( 'NONE', ( #2052, #1220 ), #718, .F. ) ;
#1821 = CARTESIAN_POINT ( 'NONE',  ( -0.03874999999999999972, 0.2999999999999999889, 0.006771243444677038821 ) ) ;
#1822 = DIRECTION ( 'NONE',  ( 0.000000000000000000, 0.000000000000000000, -1.000000000000000000 ) ) ;
#1823 = PRODUCT_CONTEXT ( 'NONE', #1041, 'mechanical' ) ;
#1824 = CARTESIAN_POINT ( 'NONE',  ( -0.01749015748031423553, 0.2899999999999999800, -0.1037401574803149540 ) ) ;
#1825 = VERTEX_POINT ( 'NONE', #890 ) ;
#1826 = ORIENTED_EDGE ( 'NONE', *, *, #703, .F. ) ;
#1827 = DIRECTION ( 'NONE',  ( -1.000000000000000000, 0.000000000000000000, 0.000000000000000000 ) ) ;
#1828 = AXIS2_PLACEMENT_3D ( 'NONE', #2040, #290, #1273 ) ;
#1829 = CARTESIAN_POINT ( 'NONE',  ( 0.04874999999999999473, 0.2899999999999999800, -0.006771243444677035352 ) ) ;
#1830 = AXIS2_PLACEMENT_3D ( 'NONE', #1068, #245, #905 ) ;
#1831 = EDGE_CURVE ( 'NONE', #308, #2007, #846, .T. ) ;
#1832 = CARTESIAN_POINT ( 'NONE',  ( -0.01749015748031496759, 0.000000000000000000, 0.03499999999999998251 ) ) ;
#1833 = CYLINDRICAL_SURFACE ( 'NONE', #1406, 0.09999999999999999167 ) ;
#1834 = DIRECTION ( 'NONE',  ( -0.000000000000000000, -1.000000000000000000, -0.000000000000000000 ) ) ;
#1835 = EDGE_CURVE ( 'NONE', #624, #1434, #496, .T. ) ;
#1836 = ORIENTED_EDGE ( 'NONE', *, *, #1236, .T. ) ;
#1837 =( GEOMETRIC_REPRESENTATION_CONTEXT ( 3 ) GLOBAL_UNCERTAINTY_ASSIGNED_CONTEXT ( ( #689 ) ) GLOBAL_UNIT_ASSIGNED_CONTEXT ( ( #743, #1390, #928 ) ) REPRESENTATION_CONTEXT ( 'NONE', 'WORKASPACE' ) );
#1838 = AXIS2_PLACEMENT_3D ( 'NONE', #966, #623, #463 ) ;
#1839 = ORIENTED_EDGE ( 'NONE', *, *, #873, .T. ) ;
#1840 = CIRCLE ( 'NONE', #670, 0.009999999999999995004 ) ;
#1841 = DIRECTION ( 'NONE',  ( -0.000000000000000000, -1.000000000000000000, 0.000000000000000000 ) ) ;
#1842 = CIRCLE ( 'NONE', #914, 0.01000000000000000021 ) ;
#1843 = CARTESIAN_POINT ( 'NONE',  ( -0.01749015748031495024, 0.009999999999999995004, -0.003740157480314961879 ) ) ;
#1844 = ORIENTED_EDGE ( 'NONE', *, *, #143, .F. ) ;
#1845 = DIRECTION ( 'NONE',  ( 0.000000000000000000, 0.000000000000000000, -1.000000000000000000 ) ) ;
#1846 = ORIENTED_EDGE ( 'NONE', *, *, #913, .F. ) ;
#1847 = LENGTH_MEASURE_WITH_UNIT ( LENGTH_MEASURE( 0.02539999999999999897 ), #1800 );
#1848 = EDGE_CURVE ( 'NONE', #868, #1481, #560, .T. ) ;
#1849 = ORIENTED_EDGE ( 'NONE', *, *, #320, .T. ) ;
#1850 = FACE_OUTER_BOUND ( 'NONE', #1759, .T. ) ;
#1851 = CARTESIAN_POINT ( 'NONE',  ( 0.04874999999999999473, 0.009999999999999995004, -0.006771243444677038821 ) ) ;
#1852 = CARTESIAN_POINT ( 'NONE',  ( 0.01749015748031496759, 0.000000000000000000, -0.003740157480314961879 ) ) ;
#1853 = CARTESIAN_POINT ( 'NONE',  ( 0.1174901574803149662, 0.2899999999999999800, -0.003740157480314245005 ) ) ;
#1854 = ORIENTED_EDGE ( 'NONE', *, *, #687, .F. ) ;
#1855 = EDGE_LOOP ( 'NONE', ( #319, #1839, #904, #9 ) ) ;
#1856 = ADVANCED_FACE ( 'NONE', ( #419 ), #946, .T. ) ;
#1857 = AXIS2_PLACEMENT_3D ( 'NONE', #2009, #853, #1197 ) ;
#1858 = DIRECTION ( 'NONE',  ( -1.707404996040164758E-15, 0.000000000000000000, -1.000000000000000000 ) ) ;
#1859 = EDGE_CURVE ( 'NONE', #1182, #326, #807, .T. ) ;
#1860 = CARTESIAN_POINT ( 'NONE',  ( 0.01749015748031425982, 0.2999999999999999889, -0.1037401574803149540 ) ) ;
#1861 = DIRECTION ( 'NONE',  ( -8.537024980200826748E-16, 0.000000000000000000, -1.000000000000000000 ) ) ;
#1862 = FACE_OUTER_BOUND ( 'NONE', #647, .T. ) ;
#1863 = AXIS2_PLACEMENT_3D ( 'NONE', #1730, #1741, #263 ) ;
#1864 = ORIENTED_EDGE ( 'NONE', *, *, #1556, .F. ) ;
#1865 = CARTESIAN_POINT ( 'NONE',  ( -0.01749015748031425288, 0.2899999999999999800, 0.09374015748031494510 ) ) ;
#1866 = ORIENTED_EDGE ( 'NONE', *, *, #1012, .T. ) ;
#1867 = CIRCLE ( 'NONE', #1900, 0.02000000000000000042 ) ;
#1868 = CARTESIAN_POINT ( 'NONE',  ( -0.01749015748031496759, 0.01000000000000000021, -0.03499999999999998251 ) ) ;
#1869 = FACE_OUTER_BOUND ( 'NONE', #223, .T. ) ;
#1870 = EDGE_CURVE ( 'NONE', #198, #571, #559, .T. ) ;
#1871 = AXIS2_PLACEMENT_3D ( 'NONE', #981, #996, #1288 ) ;
#1872 = FACE_OUTER_BOUND ( 'NONE', #916, .T. ) ;
#1873 = CARTESIAN_POINT ( 'NONE',  ( 0.02052124344467704323, 0.2899999999999999800, 0.03499999999999998945 ) ) ;
#1874 = EDGE_LOOP ( 'NONE', ( #1964, #1322, #63, #1219 ) ) ;
#1875 = LINE ( 'NONE', #1372, #1119 ) ;
#1876 = EDGE_LOOP ( 'NONE', ( #412, #381, #353, #550 ) ) ;
#1877 = DIRECTION ( 'NONE',  ( 0.000000000000000000, 0.000000000000000000, -1.000000000000000000 ) ) ;
#1878 = FACE_OUTER_BOUND ( 'NONE', #366, .T. ) ;
#1879 = FACE_OUTER_BOUND ( 'NONE', #1527, .T. ) ;
#1880 = EDGE_CURVE ( 'NONE', #428, #541, #1905, .T. ) ;
#1881 = DIRECTION ( 'NONE',  ( -0.000000000000000000, -1.000000000000000000, -0.000000000000000000 ) ) ;
#1882 = VECTOR ( 'NONE', #896, 39.37007874015748143 ) ;
#1883 = ORIENTED_EDGE ( 'NONE', *, *, #1790, .F. ) ;
#1884 = EDGE_CURVE ( 'NONE', #107, #1756, #669, .T. ) ;
#1885 = DIRECTION ( 'NONE',  ( -0.6614378277661476790, 0.000000000000000000, 0.7500000000000000000 ) ) ;
#1886 = ORIENTED_EDGE ( 'NONE', *, *, #1979, .T. ) ;
#1887 = DIRECTION ( 'NONE',  ( -0.6614378277661479011, 2.401038275681464866E-16, -0.7499999999999998890 ) ) ;
#1888 = ORIENTED_EDGE ( 'NONE', *, *, #252, .F. ) ;
#1889 = CARTESIAN_POINT ( 'NONE',  ( -0.02052124344467704323, 0.009999999999999995004, 0.03499999999999998945 ) ) ;
#1890 = CYLINDRICAL_SURFACE ( 'NONE', #2004, 0.009999999999999995004 ) ;
#1891 = DIRECTION ( 'NONE',  ( 0.000000000000000000, 1.000000000000000000, 0.000000000000000000 ) ) ;
#1892 = ADVANCED_FACE ( 'NONE', ( #767 ), #1389, .T. ) ;
#1893 = ORIENTED_EDGE ( 'NONE', *, *, #2035, .F. ) ;
#1894 = AXIS2_PLACEMENT_3D ( 'NONE', #296, #144, #1278 ) ;
#1895 = AXIS2_PLACEMENT_3D ( 'NONE', #990, #495, #338 ) ;
#1896 = ADVANCED_FACE ( 'NONE', ( #1309 ), #2128, .T. ) ;
#1897 = ORIENTED_EDGE ( 'NONE', *, *, #55, .T. ) ;
#1898 = DIRECTION ( 'NONE',  ( -0.000000000000000000, -1.000000000000000000, -0.000000000000000000 ) ) ;
#1899 = AXIS2_PLACEMENT_3D ( 'NONE', #1280, #2071, #1935 ) ;
#1900 = AXIS2_PLACEMENT_3D ( 'NONE', #944, #117, #1433 ) ;
#1901 = CARTESIAN_POINT ( 'NONE',  ( 0.03874999999999999972, 0.01000000000000006439, -0.006771243444677038821 ) ) ;
#1902 = DIRECTION ( 'NONE',  ( 0.000000000000000000, 0.000000000000000000, -1.000000000000000000 ) ) ;
#1903 = VECTOR ( 'NONE', #1919, 39.37007874015748143 ) ;
#1904 = ORIENTED_EDGE ( 'NONE', *, *, #403, .T. ) ;
#1905 = LINE ( 'NONE', #1537, #15 ) ;
#1906 = ORIENTED_EDGE ( 'NONE', *, *, #462, .T. ) ;
#1907 = EDGE_CURVE ( 'NONE', #908, #1303, #112, .T. ) ;
#1908 = DIRECTION ( 'NONE',  ( -0.000000000000000000, -1.000000000000000000, 0.000000000000000000 ) ) ;
#1909 = ORIENTED_EDGE ( 'NONE', *, *, #1543, .F. ) ;
#1910 = CIRCLE ( 'NONE', #995, 0.09999999999999999167 ) ;
#1911 = EDGE_CURVE ( 'NONE', #1093, #5, #2070, .T. ) ;
#1912 = FACE_OUTER_BOUND ( 'NONE', #178, .T. ) ;
#1913 = DIRECTION ( 'NONE',  ( 0.000000000000000000, 0.000000000000000000, 1.000000000000000000 ) ) ;
#1914 = DIRECTION ( 'NONE',  ( 0.000000000000000000, 1.000000000000000000, 0.000000000000000000 ) ) ;
#1915 = ORIENTED_EDGE ( 'NONE', *, *, #1626, .T. ) ;
#1916 = CARTESIAN_POINT ( 'NONE',  ( -0.03374999999999999528, 0.2899999999999999800, 0.01999999999999998654 ) ) ;
#1917 = CIRCLE ( 'NONE', #344, 0.01999999999999999695 ) ;
#1918 = ORIENTED_EDGE ( 'NONE', *, *, #1363, .F. ) ;
#1919 = DIRECTION ( 'NONE',  ( -0.000000000000000000, -1.000000000000000000, -0.000000000000000000 ) ) ;
#1920 = EDGE_CURVE ( 'NONE', #980, #1093, #1189, .T. ) ;
#1921 = CARTESIAN_POINT ( 'NONE',  ( -0.01749015748031496759, 0.000000000000000000, -0.03499999999999998251 ) ) ;
#1922 = ORIENTED_EDGE ( 'NONE', *, *, #1884, .F. ) ;
#1923 = DIRECTION ( 'NONE',  ( 1.000000000000000000, 0.000000000000000000, 0.000000000000000000 ) ) ;
#1924 = ADVANCED_FACE ( 'NONE', ( #979 ), #1215, .T. ) ;
#1925 = CYLINDRICAL_SURFACE ( 'NONE', #947, 0.01000000000000000021 ) ;
#1926 = CARTESIAN_POINT ( 'NONE',  ( 0.01749015748031496759, 0.2899999999999999800, -0.003740157480314961879 ) ) ;
#1927 = ORIENTED_EDGE ( 'NONE', *, *, #1807, .T. ) ;
#1928 = DIRECTION ( 'NONE',  ( 0.000000000000000000, 0.000000000000000000, -1.000000000000000000 ) ) ;
#1929 = ORIENTED_EDGE ( 'NONE', *, *, #1294, .F. ) ;
#1930 = AXIS2_PLACEMENT_3D ( 'NONE', #1302, #503, #1489 ) ;
#1931 = CARTESIAN_POINT ( 'NONE',  ( -0.04124999999999999500, 0.01000000000000006439, 0.01338562172233851051 ) ) ;
#1932 = CYLINDRICAL_SURFACE ( 'NONE', #414, 0.09999999999999999167 ) ;
#1933 = EDGE_CURVE ( 'NONE', #1567, #87, #423, .T. ) ;
#1934 = CARTESIAN_POINT ( 'NONE',  ( -0.03374999999999999528, 0.2899999999999999800, -0.01999999999999998654 ) ) ;
#1935 = DIRECTION ( 'NONE',  ( 0.000000000000000000, 0.000000000000000000, -1.000000000000000000 ) ) ;
#1936 = CARTESIAN_POINT ( 'NONE',  ( -0.01749015748031425288, 0.2999999999999999889, 0.1037401574803149401 ) ) ;
#1937 = EDGE_CURVE ( 'NONE', #107, #1380, #788, .T. ) ;
#1938 = TOROIDAL_SURFACE ( 'NONE', #1459, 0.08999999999999999667, 0.01000000000000000021 ) ;
#1939 = AXIS2_PLACEMENT_3D ( 'NONE', #1264, #293, #1961 ) ;
#1940 = EDGE_LOOP ( 'NONE', ( #455, #1683, #1986 ) ) ;
#1941 = VECTOR ( 'NONE', #1261, 39.37007874015748143 ) ;
#1942 = DIRECTION ( 'NONE',  ( 1.000000000000000000, 0.000000000000000000, 0.000000000000000000 ) ) ;
#1943 = ORIENTED_EDGE ( 'NONE', *, *, #1547, .F. ) ;
#1944 = DIRECTION ( 'NONE',  ( 1.000000000000000000, 0.000000000000000000, 0.000000000000000000 ) ) ;
#1945 = LINE ( 'NONE', #166, #797 ) ;
#1946 = ORIENTED_EDGE ( 'NONE', *, *, #1323, .T. ) ;
#1947 = DIRECTION ( 'NONE',  ( 0.000000000000000000, 0.000000000000000000, -1.000000000000000000 ) ) ;
#1948 = DIRECTION ( 'NONE',  ( -0.000000000000000000, -1.000000000000000000, -0.000000000000000000 ) ) ;
#1949 = DIRECTION ( 'NONE',  ( 1.000000000000000000, -0.000000000000000000, 0.000000000000000000 ) ) ;
#1950 = EDGE_CURVE ( 'NONE', #1460, #409, #1610, .T. ) ;
#1951 = ORIENTED_EDGE ( 'NONE', *, *, #1639, .F. ) ;
#1952 = FACE_OUTER_BOUND ( 'NONE', #1296, .T. ) ;
#1953 = CARTESIAN_POINT ( 'NONE',  ( -0.01749015748031425288, 0.2999999999999999889, 0.09374015748031491735 ) ) ;
#1954 = EDGE_LOOP ( 'NONE', ( #930, #478, #2120, #2065 ) ) ;
#1955 = CARTESIAN_POINT ( 'NONE',  ( 0.04874999999999999473, 0.01000000000000000021, 0.006771243444677040556 ) ) ;
#1956 = CARTESIAN_POINT ( 'NONE',  ( -0.02052124344467704323, 0.009999999999999995004, 0.03499999999999998945 ) ) ;
#1957 = DIRECTION ( 'NONE',  ( -0.000000000000000000, -1.000000000000000000, -0.000000000000000000 ) ) ;
#1958 = FACE_OUTER_BOUND ( 'NONE', #1778, .T. ) ;
#1959 = SPHERICAL_SURFACE ( 'NONE', #385, 0.01000000000000000021 ) ;
#1960 = EDGE_LOOP ( 'NONE', ( #656, #801, #17, #709 ) ) ;
#1961 = DIRECTION ( 'NONE',  ( 0.000000000000000000, 0.000000000000000000, -1.000000000000000000 ) ) ;
#1962 = ADVANCED_FACE ( 'NONE', ( #1092 ), #2097, .T. ) ;
#1963 = AXIS2_PLACEMENT_3D ( 'NONE', #159, #471, #168 ) ;
#1964 = ORIENTED_EDGE ( 'NONE', *, *, #2092, .F. ) ;
#1965 = EDGE_CURVE ( 'NONE', #776, #1825, #1053, .T. ) ;
#1966 = CARTESIAN_POINT ( 'NONE',  ( -0.03874999999999999972, 0.2999999999999999889, 0.006771243444677038821 ) ) ;
#1967 = VERTEX_POINT ( 'NONE', #777 ) ;
#1968 = CIRCLE ( 'NONE', #1930, 0.01000000000000000021 ) ;
#1969 = DIRECTION ( 'NONE',  ( -0.000000000000000000, -1.000000000000000000, 0.000000000000000000 ) ) ;
#1970 = FACE_OUTER_BOUND ( 'NONE', #955, .T. ) ;
#1971 = PLANE ( 'NONE',  #429 ) ;
#1972 = ORIENTED_EDGE ( 'NONE', *, *, #1201, .F. ) ;
#1973 = CIRCLE ( 'NONE', #1052, 0.01000000000000000021 ) ;
#1974 = AXIS2_PLACEMENT_3D ( 'NONE', #1057, #220, #260 ) ;
#1975 = EDGE_LOOP ( 'NONE', ( #1081, #1601, #642, #1077 ) ) ;
#1976 = LINE ( 'NONE', #1813, #40 ) ;
#1977 = ORIENTED_EDGE ( 'NONE', *, *, #778, .F. ) ;
#1978 = EDGE_CURVE ( 'NONE', #326, #239, #1867, .T. ) ;
#1979 = EDGE_CURVE ( 'NONE', #851, #848, #986, .T. ) ;
#1980 = PRODUCT_DEFINITION_CONTEXT ( 'detailed design', #1149, 'design' ) ;
#1981 = DIRECTION ( 'NONE',  ( 0.000000000000000000, 0.000000000000000000, -1.000000000000000000 ) ) ;
#1982 = DIRECTION ( 'NONE',  ( -0.000000000000000000, -1.000000000000000000, 0.000000000000000000 ) ) ;
#1983 = CIRCLE ( 'NONE', #1396, 0.02000000000000000042 ) ;
#1984 = DIRECTION ( 'NONE',  ( -0.000000000000000000, -1.000000000000000000, 0.000000000000000000 ) ) ;
#1985 = CARTESIAN_POINT ( 'NONE',  ( -0.01749015748031425288, 0.000000000000000000, 0.09374015748031491735 ) ) ;
#1986 = ORIENTED_EDGE ( 'NONE', *, *, #445, .T. ) ;
#1987 = ORIENTED_EDGE ( 'NONE', *, *, #20, .T. ) ;
#1988 = DIRECTION ( 'NONE',  ( 0.000000000000000000, 0.000000000000000000, -1.000000000000000000 ) ) ;
#1989 = DIRECTION ( 'NONE',  ( 0.000000000000000000, 0.000000000000000000, -1.000000000000000000 ) ) ;
#1990 = EDGE_CURVE ( 'NONE', #819, #1481, #909, .T. ) ;
#1991 = DIRECTION ( 'NONE',  ( -0.000000000000000000, -1.000000000000000000, 0.000000000000000000 ) ) ;
#1992 = CARTESIAN_POINT ( 'NONE',  ( 0.04124999999999999500, 0.2999999999999999889, -0.01338562172233851398 ) ) ;
#1993 = DIRECTION ( 'NONE',  ( -0.000000000000000000, -1.000000000000000000, -0.000000000000000000 ) ) ;
#1994 = ORIENTED_EDGE ( 'NONE', *, *, #143, .T. ) ;
#1995 = ORIENTED_EDGE ( 'NONE', *, *, #1586, .F. ) ;
#1996 = CARTESIAN_POINT ( 'NONE',  ( -0.02052124344467704323, 0.2999999999999999889, 0.02499999999999999098 ) ) ;
#1997 = TOROIDAL_SURFACE ( 'NONE', #1381, 0.02000000000000000042, 0.01000000000000000021 ) ;
#1998 = LINE ( 'NONE', #1860, #505 ) ;
#1999 = CARTESIAN_POINT ( 'NONE',  ( -0.02713562172233852099, 0.01000000000000006439, -0.02749999999999998973 ) ) ;
#2000 = ADVANCED_FACE ( 'NONE', ( #1779 ), #1620, .T. ) ;
#2001 = FACE_OUTER_BOUND ( 'NONE', #1405, .T. ) ;
#2002 = DIRECTION ( 'NONE',  ( 1.000000000000000000, 0.000000000000000000, 0.000000000000000000 ) ) ;
#2003 = ORIENTED_EDGE ( 'NONE', *, *, #1965, .F. ) ;
#2004 = AXIS2_PLACEMENT_3D ( 'NONE', #1233, #396, #1223 ) ;
#2005 = AXIS2_PLACEMENT_3D ( 'NONE', #795, #288, #1607 ) ;
#2006 = AXIS2_PLACEMENT_3D ( 'NONE', #1227, #1885, #57 ) ;
#2007 = VERTEX_POINT ( 'NONE', #1953 ) ;
#2008 = CIRCLE ( 'NONE', #911, 0.009999999999999995004 ) ;
#2009 = CARTESIAN_POINT ( 'NONE',  ( -0.01749015748031430839, 0.2899999999999999800, -0.09374015748031495898 ) ) ;
#2010 = DIRECTION ( 'NONE',  ( 1.000000000000000000, 0.000000000000000000, 0.000000000000000000 ) ) ;
#2011 = SURFACE_STYLE_FILL_AREA ( #1033 ) ;
#2012 = CARTESIAN_POINT ( 'NONE',  ( -0.03374999999999999528, 0.000000000000000000, -0.01999999999999998654 ) ) ;
#2013 = ADVANCED_FACE ( 'NONE', ( #800 ), #314, .F. ) ;
#2014 = ORIENTED_EDGE ( 'NONE', *, *, #634, .F. ) ;
#2015 = ADVANCED_FACE ( 'NONE', ( #1341 ), #1180, .T. ) ;
#2016 = ORIENTED_EDGE ( 'NONE', *, *, #1870, .F. ) ;
#2017 = DIRECTION ( 'NONE',  ( 0.7499999999999997780, 0.000000000000000000, 0.6614378277661477901 ) ) ;
#2018 = DIRECTION ( 'NONE',  ( 1.000000000000000000, 0.000000000000000000, -0.000000000000000000 ) ) ;
#2019 = DIRECTION ( 'NONE',  ( -1.000000000000000000, 0.000000000000000000, -7.149758420918192217E-15 ) ) ;
#2020 = DIRECTION ( 'NONE',  ( 1.000000000000000000, 0.000000000000000000, 0.000000000000000000 ) ) ;
#2021 = ORIENTED_EDGE ( 'NONE', *, *, #1225, .T. ) ;
#2022 = DIRECTION ( 'NONE',  ( 0.000000000000000000, -1.000000000000000000, 0.000000000000000000 ) ) ;
#2023 = ORIENTED_EDGE ( 'NONE', *, *, #305, .T. ) ;
#2024 = ADVANCED_FACE ( 'NONE', ( #658 ), #1014, .T. ) ;
#2025 = FACE_OUTER_BOUND ( 'NONE', #498, .T. ) ;
#2026 = CIRCLE ( 'NONE', #1697, 0.01999999999999999695 ) ;
#2027 = DIRECTION ( 'NONE',  ( 0.000000000000000000, 0.000000000000000000, -1.000000000000000000 ) ) ;
#2028 = CARTESIAN_POINT ( 'NONE',  ( 0.1174901574803149662, 0.2999999999999999889, 0.003740157480314210744 ) ) ;
#2029 = DIRECTION ( 'NONE',  ( 0.000000000000000000, 0.000000000000000000, -1.000000000000000000 ) ) ;
#2030 = CIRCLE ( 'NONE', #2101, 0.01000000000000000021 ) ;
#2031 = ORIENTED_EDGE ( 'NONE', *, *, #825, .T. ) ;
#2032 = CYLINDRICAL_SURFACE ( 'NONE', #2110, 0.009999999999999995004 ) ;
#2033 = ORIENTED_EDGE ( 'NONE', *, *, #563, .T. ) ;
#2034 = AXIS2_PLACEMENT_3D ( 'NONE', #754, #548, #1546 ) ;
#2035 = EDGE_CURVE ( 'NONE', #851, #1202, #827, .T. ) ;
#2036 = CARTESIAN_POINT ( 'NONE',  ( -0.1074901574803149712, 0.000000000000000000, 0.003740157480314210744 ) ) ;
#2037 = CIRCLE ( 'NONE', #497, 0.009999999999999995004 ) ;
#2038 = ADVANCED_FACE ( 'NONE', ( #694 ), #1803, .T. ) ;
#2039 = CARTESIAN_POINT ( 'NONE',  ( 0.03374999999999999528, 0.2899999999999999800, -0.01999999999999998654 ) ) ;
#2040 = CARTESIAN_POINT ( 'NONE',  ( 0.01749015748031425982, 0.2899999999999999800, -0.09374015748031495898 ) ) ;
#2041 = VERTEX_POINT ( 'NONE', #1824 ) ;
#2042 = DIRECTION ( 'NONE',  ( 0.000000000000000000, 0.000000000000000000, -1.000000000000000000 ) ) ;
#2043 = ORIENTED_EDGE ( 'NONE', *, *, #395, .F. ) ;
#2044 = VECTOR ( 'NONE', #1198, 39.37007874015748143 ) ;
#2045 = DIRECTION ( 'NONE',  ( 0.000000000000000000, 0.000000000000000000, -1.000000000000000000 ) ) ;
#2046 = EDGE_CURVE ( 'NONE', #392, #998, #1706, .T. ) ;
#2047 = CARTESIAN_POINT ( 'NONE',  ( 0.01749015748031425982, 0.2999999999999999889, -0.09374015748031495898 ) ) ;
#2048 = DIRECTION ( 'NONE',  ( 0.000000000000000000, 1.000000000000000000, -0.000000000000000000 ) ) ;
#2049 = EDGE_CURVE ( 'NONE', #1825, #1460, #390, .T. ) ;
#2050 = AXIS2_PLACEMENT_3D ( 'NONE', #327, #1656, #1482 ) ;
#2051 = ORIENTED_EDGE ( 'NONE', *, *, #780, .T. ) ;
#2052 = FACE_BOUND ( 'NONE', #599, .T. ) ;
#2053 = ORIENTED_EDGE ( 'NONE', *, *, #161, .T. ) ;
#2054 = CARTESIAN_POINT ( 'NONE',  ( -0.03374999999999999528, 0.2899999999999999800, -0.02999999999999998848 ) ) ;
#2055 = ORIENTED_EDGE ( 'NONE', *, *, #634, .T. ) ;
#2056 = DIRECTION ( 'NONE',  ( -0.000000000000000000, -1.000000000000000000, -0.000000000000000000 ) ) ;
#2057 = CIRCLE ( 'NONE', #410, 0.01000000000000000021 ) ;
#2058 = DIRECTION ( 'NONE',  ( 0.000000000000000000, 0.000000000000000000, -1.000000000000000000 ) ) ;
#2059 = DIRECTION ( 'NONE',  ( 1.000000000000000000, 0.000000000000000000, 0.000000000000000000 ) ) ;
#2060 = ADVANCED_FACE ( 'NONE', ( #673 ), #1524, .T. ) ;
#2061 = ORIENTED_EDGE ( 'NONE', *, *, #2088, .F. ) ;
#2062 = VECTOR ( 'NONE', #605, 39.37007874015748143 ) ;
#2063 = AXIS2_PLACEMENT_3D ( 'NONE', #405, #2048, #1070 ) ;
#2064 = CARTESIAN_POINT ( 'NONE',  ( 0.02052124344467704323, 0.2899999999999999800, -0.03499999999999998945 ) ) ;
#2065 = ORIENTED_EDGE ( 'NONE', *, *, #716, .F. ) ;
#2066 = SPHERICAL_SURFACE ( 'NONE', #1493, 0.01000000000000000021 ) ;
#2067 = ORIENTED_EDGE ( 'NONE', *, *, #727, .F. ) ;
#2068 = CARTESIAN_POINT ( 'NONE',  ( -0.04124999999999999500, 0.2899999999999999800, -0.01338562172233851398 ) ) ;
#2069 = AXIS2_PLACEMENT_3D ( 'NONE', #1511, #83, #575 ) ;
#2070 = CIRCLE ( 'NONE', #1673, 0.009999999999999995004 ) ;
#2071 = DIRECTION ( 'NONE',  ( 1.000000000000000000, -0.000000000000000000, 0.000000000000000000 ) ) ;
#2072 = FACE_OUTER_BOUND ( 'NONE', #621, .T. ) ;
#2073 = ORIENTED_EDGE ( 'NONE', *, *, #852, .T. ) ;
#2074 = DIRECTION ( 'NONE',  ( 0.000000000000000000, -0.000000000000000000, 1.000000000000000000 ) ) ;
#2075 = EDGE_CURVE ( 'NONE', #1567, #517, #1333, .T. ) ;
#2076 = VERTEX_POINT ( 'NONE', #1985 ) ;
#2077 = EDGE_CURVE ( 'NONE', #868, #1395, #1160, .T. ) ;
#2078 = CARTESIAN_POINT ( 'NONE',  ( -0.04874999999999999473, 0.2899999999999999800, 0.006771243444677038821 ) ) ;
#2079 = DIRECTION ( 'NONE',  ( 0.000000000000000000, 0.000000000000000000, -1.000000000000000000 ) ) ;
#2080 = FACE_OUTER_BOUND ( 'NONE', #568, .T. ) ;
#2081 = DIRECTION ( 'NONE',  ( 0.000000000000000000, 0.000000000000000000, -1.000000000000000000 ) ) ;
#2082 = EDGE_LOOP ( 'NONE', ( #512, #610, #94, #1408 ) ) ;
#2083 = AXIS2_PLACEMENT_3D ( 'NONE', #887, #1208, #734 ) ;
#2084 = DIRECTION ( 'NONE',  ( 0.000000000000000000, 0.000000000000000000, -1.000000000000000000 ) ) ;
#2085 = CIRCLE ( 'NONE', #477, 0.01000000000000000021 ) ;
#2086 = PRODUCT ( 'JoyStickCap', 'JoyStickCap', '', ( #1823 ) ) ;
#2087 = ORIENTED_EDGE ( 'NONE', *, *, #374, .F. ) ;
#2088 = EDGE_CURVE ( 'NONE', #1756, #1567, #1737, .T. ) ;
#2089 = DIRECTION ( 'NONE',  ( -1.000000000000000000, 0.000000000000000000, 0.000000000000000000 ) ) ;
#2090 = CARTESIAN_POINT ( 'NONE',  ( 0.04874999999999999473, 0.2999999999999999889, -0.006771243444677038821 ) ) ;
#2091 = EDGE_LOOP ( 'NONE', ( #1195, #1703, #1972, #1798 ) ) ;
#2092 = EDGE_CURVE ( 'NONE', #1674, #945, #849, .T. ) ;
#2093 = CARTESIAN_POINT ( 'NONE',  ( -0.03374999999999999528, 0.009999999999999995004, 0.01999999999999998654 ) ) ;
#2094 = DIRECTION ( 'NONE',  ( -0.000000000000000000, -1.000000000000000000, 0.000000000000000000 ) ) ;
#2095 = VECTOR ( 'NONE', #915, 39.37007874015748143 ) ;
#2096 = ORIENTED_EDGE ( 'NONE', *, *, #303, .F. ) ;
#2097 = CYLINDRICAL_SURFACE ( 'NONE', #877, 0.009999999999999995004 ) ;
#2098 = CIRCLE ( 'NONE', #1793, 0.01000000000000000021 ) ;
#2099 = VERTEX_POINT ( 'NONE', #857 ) ;
#2100 = CIRCLE ( 'NONE', #1828, 0.009999999999999995004 ) ;
#2101 = AXIS2_PLACEMENT_3D ( 'NONE', #1407, #731, #424 ) ;
#2102 = DIRECTION ( 'NONE',  ( 1.000000000000000000, 0.000000000000000000, 0.000000000000000000 ) ) ;
#2103 = DIRECTION ( 'NONE',  ( 0.000000000000000000, 0.000000000000000000, -1.000000000000000000 ) ) ;
#2104 = ORIENTED_EDGE ( 'NONE', *, *, #1359, .T. ) ;
#2105 = EDGE_CURVE ( 'NONE', #358, #1164, #1840, .T. ) ;
#2106 = DIRECTION ( 'NONE',  ( -1.000000000000000000, -0.000000000000000000, -0.000000000000000000 ) ) ;
#2107 = CARTESIAN_POINT ( 'NONE',  ( -0.02052124344467704323, 0.2999999999999999889, 0.03499999999999998251 ) ) ;
#2108 = DIRECTION ( 'NONE',  ( 1.000000000000000000, -0.000000000000000000, -0.000000000000000000 ) ) ;
#2109 = CIRCLE ( 'NONE', #1899, 0.01000000000000000021 ) ;
#2110 = AXIS2_PLACEMENT_3D ( 'NONE', #1239, #1394, #86 ) ;
#2111 = VERTEX_POINT ( 'NONE', #1513 ) ;
#2112 = CARTESIAN_POINT ( 'NONE',  ( -0.03374999999999999528, 0.2999999999999999889, 0.01999999999999998654 ) ) ;
#2113 = AXIS2_PLACEMENT_3D ( 'NONE', #790, #970, #1132 ) ;
#2114 = DIRECTION ( 'NONE',  ( 0.000000000000000000, 0.000000000000000000, -1.000000000000000000 ) ) ;
#2115 = PRODUCT_DEFINITION_FORMATION_WITH_SPECIFIED_SOURCE ( 'ANY', '', #2086, .NOT_KNOWN. ) ;
#2116 = VECTOR ( 'NONE', #629, 39.37007874015748143 ) ;
#2117 = EDGE_LOOP ( 'NONE', ( #258, #1904, #167 ) ) ;
#2118 = CARTESIAN_POINT ( 'NONE',  ( -0.04874999999999999473, 0.2899999999999999800, -0.006771243444677038821 ) ) ;
#2119 = LINE ( 'NONE', #782, #355 ) ;
#2120 = ORIENTED_EDGE ( 'NONE', *, *, #576, .F. ) ;
#2121 = CARTESIAN_POINT ( 'NONE',  ( -0.01749015748031423553, 0.009999999999999995004, -0.1037401574803149540 ) ) ;
#2122 = CARTESIAN_POINT ( 'NONE',  ( -0.1074901574803149712, 0.000000000000000000, -0.003740157480314233295 ) ) ;
#2123 = ADVANCED_FACE ( 'NONE', ( #35 ), #1148, .T. ) ;
#2124 = CARTESIAN_POINT ( 'NONE',  ( 0.01749015748031425982, 0.000000000000000000, -0.09374015748031495898 ) ) ;
#2125 = ORIENTED_EDGE ( 'NONE', *, *, #445, .F. ) ;
#2126 = EDGE_CURVE ( 'NONE', #1202, #1812, #2008, .T. ) ;
#2127 = CYLINDRICAL_SURFACE ( 'NONE', #1270, 0.01000000000000000021 ) ;
#2128 = PLANE ( 'NONE',  #1155 ) ;
#2129 = ORIENTED_EDGE ( 'NONE', *, *, #808, .F. ) ;
#2130 = DIRECTION ( 'NONE',  ( -0.000000000000000000, -1.000000000000000000, -0.000000000000000000 ) ) ;
#2131 = DIRECTION ( 'NONE',  ( 1.000000000000000000, 0.000000000000000000, 0.000000000000000000 ) ) ;
#2132 = ORIENTED_EDGE ( 'NONE', *, *, #18, .T. ) ;
#2133 = DIRECTION ( 'NONE',  ( -7.043045608665681944E-15, 0.000000000000000000, -1.000000000000000000 ) ) ;
#2134 = PLANE ( 'NONE',  #1771 ) ;
#2135 = CARTESIAN_POINT ( 'NONE',  ( -0.1074901574803149712, 0.2899999999999999800, 0.003740157480314928052 ) ) ;
ENDSEC;
END-ISO-10303-21;
