ISO-10303-21;
HEADER;
FILE_DESCRIPTION (( 'STEP AP214' ),
    '1' );
FILE_NAME ('JoyStickCapV2.STEP',
    '2026-07-24T03:52:17',
    ( '' ),
    ( '' ),
    'SwSTEP 2.0',
    'SolidWorks 2025',
    '' );
FILE_SCHEMA (( 'AUTOMOTIVE_DESIGN' ));
ENDSEC;

DATA;
#1 = EDGE_CURVE ( 'NONE', #626, #763, #366, .T. ) ;
#2 = CARTESIAN_POINT ( 'NONE',  ( -0.06612631189501699813, 0.2999999999999998779, -0.1499434085417414853 ) ) ;
#3 = CARTESIAN_POINT ( 'NONE',  ( -0.1703882516928551805, 0.2979011253845250118, 0.08812691066485070501 ) ) ;
#4 = CARTESIAN_POINT ( 'NONE',  ( -0.1703882516928543200, 0.2968413032335107671, 0.002956394529179813893 ) ) ;
#5 = CARTESIAN_POINT ( 'NONE',  ( 0.000000000000000000, 0.000000000000000000, 0.1037401574803149401 ) ) ;
#6 = ORIENTED_EDGE ( 'NONE', *, *, #920, .F. ) ;
#7 = DIRECTION ( 'NONE',  ( 1.274897394237686970E-15, -0.9848077530122080203, -0.1736481776669307198 ) ) ;
#8 = CARTESIAN_POINT ( 'NONE',  ( -0.2562500000000000333, 0.7999999999999999334, -0.1067439849859922879 ) ) ;
#9 = CIRCLE ( 'NONE', #350, 0.01000000000000000021 ) ;
#10 = CARTESIAN_POINT ( 'NONE',  ( -0.1703882516928545698, 0.4054831866617678027, 0.003740157480313813058 ) ) ;
#11 = AXIS2_PLACEMENT_3D ( 'NONE', #767, #1710, #234 ) ;
#12 = EDGE_CURVE ( 'NONE', #2102, #1775, #1099, .T. ) ;
#13 = VERTEX_POINT ( 'NONE', #716 ) ;
#14 = CARTESIAN_POINT ( 'NONE',  ( 0.1703882516928542923, 0.4021245530499664156, 0.001335416423958848357 ) ) ;
#15 = CARTESIAN_POINT ( 'NONE',  ( 0.1695952122666558037, 0.2989709018349013814, 0.02451064869219016923 ) ) ;
#16 = VECTOR ( 'NONE', #1604, 39.37007874015748143 ) ;
#17 = CARTESIAN_POINT ( 'NONE',  ( -0.01749015748031425288, 0.000000000000000000, 0.1037401574803149401 ) ) ;
#18 = CIRCLE ( 'NONE', #260, 0.1000000000000000611 ) ;
#19 = CARTESIAN_POINT ( 'NONE',  ( -0.1703882516928545976, 0.2989626460304358191, -0.01020747836997598461 ) ) ;
#20 = CARTESIAN_POINT ( 'NONE',  ( 0.04374999999999994171, 0.7999999999999999334, 1.307265257910482348E-16 ) ) ;
#21 = EDGE_CURVE ( 'NONE', #1420, #459, #969, .T. ) ;
#22 = CARTESIAN_POINT ( 'NONE',  ( 0.02052124344467704323, 0.000000000000000000, 0.02499999999999999098 ) ) ;
#23 = CARTESIAN_POINT ( 'NONE',  ( -0.1703882516928545698, 0.3000000000000003775, 0.0006447676059049155164 ) ) ;
#24 = CARTESIAN_POINT ( 'NONE',  ( 0.1703882516928545421, 0.2999999999999993783, 0.002072052271911462972 ) ) ;
#25 = DIRECTION ( 'NONE',  ( 0.000000000000000000, 0.000000000000000000, 1.000000000000000000 ) ) ;
#26 = CARTESIAN_POINT ( 'NONE',  ( -0.1703882516928547364, 0.2968955349624295414, -0.003398305071320039186 ) ) ;
#27 = CARTESIAN_POINT ( 'NONE',  ( 0.08541666666666672403, 0.4460449278718581212, 0.2465766774664026884 ) ) ;
#28 = DIRECTION ( 'NONE',  ( -0.8660254037844385966, 0.000000000000000000, -0.4999999999999998890 ) ) ;
#29 = VECTOR ( 'NONE', #516, 39.37007874015748143 ) ;
#30 = CARTESIAN_POINT ( 'NONE',  ( 0.2562499999999999223, 0.4582634708467117068, 0.07554485148496561941 ) ) ;
#31 = CARTESIAN_POINT ( 'NONE',  ( 0.2562500000000000888, 0.8000000000000004885, -0.04234342956486604470 ) ) ;
#32 = EDGE_CURVE ( 'NONE', #313, #1315, #543, .T. ) ;
#33 = LINE ( 'NONE', #17, #2100 ) ;
#34 = LINE ( 'NONE', #1855, #805 ) ;
#35 = CARTESIAN_POINT ( 'NONE',  ( -0.1703882516928545698, 0.2999999999999999889, -0.003258718014888154803 ) ) ;
#36 = DIRECTION ( 'NONE',  ( 0.000000000000000000, 0.000000000000000000, -1.000000000000000000 ) ) ;
#37 = CARTESIAN_POINT ( 'NONE',  ( 0.1174901574803149662, 0.000000000000000000, 0.003740157480314210744 ) ) ;
#38 = AXIS2_PLACEMENT_3D ( 'NONE', #1485, #1797, #318 ) ;
#39 = AXIS2_PLACEMENT_3D ( 'NONE', #1568, #455, #78 ) ;
#40 = CARTESIAN_POINT ( 'NONE',  ( -0.2562499999999999223, 0.4607267945125731456, 0.04234342956486583653 ) ) ;
#41 = CARTESIAN_POINT ( 'NONE',  ( 0.1703882516928546809, 0.3000000000000004330, 0.002361965639008134325 ) ) ;
#42 = CARTESIAN_POINT ( 'NONE',  ( 0.09429283146446729158, 0.3001471185246013529, 0.1363513773139080620 ) ) ;
#43 = EDGE_CURVE ( 'NONE', #314, #2130, #1349, .T. ) ;
#44 = AXIS2_PLACEMENT_3D ( 'NONE', #54, #720, #2041 ) ;
#45 = DIRECTION ( 'NONE',  ( -0.000000000000000000, -1.000000000000000000, 0.000000000000000000 ) ) ;
#46 = B_SPLINE_CURVE_WITH_KNOTS ( 'NONE', 3,
 ( #74, #253, #578, #222, #239, #1576, #1407, #880, #1543, #55, #1552, #1886, #1385, #2053, #405, #1054, #1936, #598, #1240, #2085, #1737, #457, #1750, #246, #955, #1061, #1110, #1087, #1579, #420 ),
 .UNSPECIFIED., .F., .F.,
 ( 4, 2, 2, 2, 2, 2, 2, 2, 2, 2, 2, 2, 2, 2, 4 ),
 ( 0.000000000000000000, 0.001005603468475128794, 0.001508405202712688855, 0.002011206936950248481, 0.003016810405425367735, 0.003519612139662927144, 0.004022413873900486554, 0.004525215608138045964, 0.005028017342375606241, 0.005530819076613165651, 0.006033620810850726796, 0.006536422545088286205, 0.007039224279325846483, 0.007542026013563405892, 0.008044827747800966170 ),
 .UNSPECIFIED. ) ;
#47 = CARTESIAN_POINT ( 'NONE',  ( 0.000000000000000000, 0.000000000000000000, -0.1037401574803149540 ) ) ;
#48 = ORIENTED_EDGE ( 'NONE', *, *, #713, .T. ) ;
#49 = CARTESIAN_POINT ( 'NONE',  ( -0.2562500000000000888, 0.8000000000000004885, 0.08331502082918583463 ) ) ;
#50 = CARTESIAN_POINT ( 'NONE',  ( 0.1703882516928545698, 0.2999999999999999889, 0.003258718014888793615 ) ) ;
#51 = CARTESIAN_POINT ( 'NONE',  ( 0.1703882516928545698, 0.2999999999999996003, -0.0006447676059046851234 ) ) ;
#52 = CARTESIAN_POINT ( 'NONE',  ( -0.1703882516928552915, 0.2979096394047451302, 0.002057307070536304201 ) ) ;
#53 = AXIS2_PLACEMENT_3D ( 'NONE', #330, #1171, #1306 ) ;
#54 = CARTESIAN_POINT ( 'NONE',  ( -0.03874999999999999972, 0.3000393700787401530, 0.000000000000000000 ) ) ;
#55 = CARTESIAN_POINT ( 'NONE',  ( -0.2537772558779574084, 0.7050965391124729420, -0.03218206209675274210 ) ) ;
#56 = B_SPLINE_CURVE_WITH_KNOTS ( 'NONE', 3,
 ( #431, #1059, #733, #776 ),
 .UNSPECIFIED., .F., .F.,
 ( 4, 4 ),
 ( 0.000000000000000000, 1.000000000000000000 ),
 .UNSPECIFIED. ) ;
#57 = CARTESIAN_POINT ( 'NONE',  ( 3.414809992080329023E-17, 1.499999999999999778, -0.2958920129596832593 ) ) ;
#58 = EDGE_CURVE ( 'NONE', #1410, #228, #1208, .T. ) ;
#59 = DIRECTION ( 'NONE',  ( -0.000000000000000000, -1.000000000000000000, 0.000000000000000000 ) ) ;
#60 = DIRECTION ( 'NONE',  ( 0.000000000000000000, 1.000000000000000000, -0.000000000000000000 ) ) ;
#61 = CARTESIAN_POINT ( 'NONE',  ( -0.1703882516928546809, 0.4017819616462275922, 0.0003206750014617446541 ) ) ;
#62 = VECTOR ( 'NONE', #477, 39.37007874015748143 ) ;
#63 = CARTESIAN_POINT ( 'NONE',  ( 0.1703882516928545698, 0.2978903362667645882, -0.003740157480313865968 ) ) ;
#64 = DIRECTION ( 'NONE',  ( -0.000000000000000000, 0.000000000000000000, 1.000000000000000000 ) ) ;
#65 = ORIENTED_EDGE ( 'NONE', *, *, #1613, .T. ) ;
#66 = CARTESIAN_POINT ( 'NONE',  ( 0.000000000000000000, 0.7999999999999999334, 0.000000000000000000 ) ) ;
#67 = CYLINDRICAL_SURFACE ( 'NONE', #1908, 0.01000000000000000021 ) ;
#68 = CARTESIAN_POINT ( 'NONE',  ( -0.1183902054139824300, 0.2998303744035985541, 0.1190151124825249013 ) ) ;
#69 = DIRECTION ( 'NONE',  ( 1.154073054532098867E-16, 0.000000000000000000, 1.000000000000000000 ) ) ;
#70 = EDGE_CURVE ( 'NONE', #1916, #1973, #760, .T. ) ;
#71 = ORIENTED_EDGE ( 'NONE', *, *, #1530, .F. ) ;
#72 = VECTOR ( 'NONE', #893, 39.37007874015748143 ) ;
#73 = CARTESIAN_POINT ( 'NONE',  ( -0.1200585794518658211, 0.8068464011079540255, 0.1000000000000001860 ) ) ;
#74 = CARTESIAN_POINT ( 'NONE',  ( -0.2562500000000000333, 0.7999999999999999334, -0.09999999999999989453 ) ) ;
#75 = CARTESIAN_POINT ( 'NONE',  ( 0.2562499999999999223, 0.4504305430554843559, -0.1349842355360885426 ) ) ;
#76 = EDGE_LOOP ( 'NONE', ( #1732, #1632, #1583, #1124 ) ) ;
#77 = VERTEX_POINT ( 'NONE', #706 ) ;
#78 = DIRECTION ( 'NONE',  ( -1.000000000000000000, 0.000000000000000000, -0.000000000000000000 ) ) ;
#79 = AXIS2_PLACEMENT_3D ( 'NONE', #731, #1081, #1234 ) ;
#80 = FACE_OUTER_BOUND ( 'NONE', #1588, .T. ) ;
#81 = CARTESIAN_POINT ( 'NONE',  ( -0.02052124344467704323, 0.2999999999999999889, 0.03499999999999998945 ) ) ;
#82 = DIRECTION ( 'NONE',  ( 1.000000000000000000, 0.000000000000000000, -1.340771175351984093E-16 ) ) ;
#83 = EDGE_CURVE ( 'NONE', #1290, #89, #344, .T. ) ;
#84 = CARTESIAN_POINT ( 'NONE',  ( -0.1703882516928545698, 0.4054733457310670253, 0.003499437747600748876 ) ) ;
#85 = ORIENTED_EDGE ( 'NONE', *, *, #481, .F. ) ;
#86 = EDGE_CURVE ( 'NONE', #1767, #601, #1722, .T. ) ;
#87 = CARTESIAN_POINT ( 'NONE',  ( -0.1497070704599927082, 0.8894554466600222975, -0.04517208112414156096 ) ) ;
#88 = CARTESIAN_POINT ( 'NONE',  ( 0.02713562172233852099, 0.000000000000000000, 0.02749999999999998973 ) ) ;
#89 = VERTEX_POINT ( 'NONE', #551 ) ;
#90 = VERTEX_POINT ( 'NONE', #1857 ) ;
#91 = CIRCLE ( 'NONE', #665, 0.1000000000000000611 ) ;
#92 = LINE ( 'NONE', #754, #1182 ) ;
#93 = CARTESIAN_POINT ( 'NONE',  ( 0.01749015748031429798, 0.4038648189977039338, -0.1566382516928545854 ) ) ;
#94 = DIRECTION ( 'NONE',  ( 0.000000000000000000, 0.000000000000000000, 1.000000000000000000 ) ) ;
#95 = CYLINDRICAL_SURFACE ( 'NONE', #683, 0.1000000000000000611 ) ;
#96 = CARTESIAN_POINT ( 'NONE',  ( -0.2562500000000000333, 0.4484221808964430345, 0.1476583971597379141 ) ) ;
#97 = EDGE_LOOP ( 'NONE', ( #1707, #765, #639, #1596 ) ) ;
#98 = CARTESIAN_POINT ( 'NONE',  ( 0.2562499999999999223, 0.7999999999999999334, -0.1479460064798417684 ) ) ;
#99 = VERTEX_POINT ( 'NONE', #1007 ) ;
#100 = CARTESIAN_POINT ( 'NONE',  ( 0.1703882516928544588, 0.2968413032335102675, -0.002956394529179791342 ) ) ;
#101 = ORIENTED_EDGE ( 'NONE', *, *, #1628, .T. ) ;
#102 = CARTESIAN_POINT ( 'NONE',  ( 0.01749015748031428064, 0.2999999999999999889, -0.1566382516928545854 ) ) ;
#103 = DIRECTION ( 'NONE',  ( -0.000000000000000000, -1.000000000000000000, 0.000000000000000000 ) ) ;
#104 = DIRECTION ( 'NONE',  ( -0.000000000000000000, -1.000000000000000000, -0.000000000000000000 ) ) ;
#105 = ORIENTED_EDGE ( 'NONE', *, *, #1556, .F. ) ;
#106 = CARTESIAN_POINT ( 'NONE',  ( -0.2562500000000000333, 0.4490336926122568961, 0.1435698136200783681 ) ) ;
#107 = VERTEX_POINT ( 'NONE', #1506 ) ;
#108 = CARTESIAN_POINT ( 'NONE',  ( 0.1703882516928547364, 0.2978909267226069746, -0.003465273537563084375 ) ) ;
#109 = ORIENTED_EDGE ( 'NONE', *, *, #111, .T. ) ;
#110 = VECTOR ( 'NONE', #687, 39.37007874015748143 ) ;
#111 = EDGE_CURVE ( 'NONE', #1295, #601, #377, .T. ) ;
#112 = CYLINDRICAL_SURFACE ( 'NONE', #352, 0.01000000000000000021 ) ;
#113 = CARTESIAN_POINT ( 'NONE',  ( -0.2562500000000004219, 0.4556894599498298448, -0.1273449957329168825 ) ) ;
#114 = CARTESIAN_POINT ( 'NONE',  ( 0.04874999999999999473, 0.3000393700787401530, 0.006771243444677038821 ) ) ;
#115 = UNCERTAINTY_MEASURE_WITH_UNIT (LENGTH_MEASURE( 1.000000000000000082E-05 ), #281, 'distance_accuracy_value', 'NONE');
#116 = AXIS2_PLACEMENT_3D ( 'NONE', #984, #1482, #973 ) ;
#117 = ORIENTED_EDGE ( 'NONE', *, *, #294, .F. ) ;
#118 = CARTESIAN_POINT ( 'NONE',  ( -0.1703882516928548196, 0.2968380928238964489, 0.003189518059892030698 ) ) ;
#119 = VECTOR ( 'NONE', #69, 39.37007874015748143 ) ;
#120 = CARTESIAN_POINT ( 'NONE',  ( 0.09881669239732014665, 0.2989522958635796868, 0.1349665057355105835 ) ) ;
#121 = CIRCLE ( 'NONE', #1986, 0.01000000000000000021 ) ;
#122 = ORIENTED_EDGE ( 'NONE', *, *, #1679, .T. ) ;
#123 = CARTESIAN_POINT ( 'NONE',  ( 0.1703882516928545698, 0.2978903362667645882, -0.003740157480313865968 ) ) ;
#124 = ORIENTED_EDGE ( 'NONE', *, *, #1408, .T. ) ;
#125 = ORIENTED_EDGE ( 'NONE', *, *, #2063, .T. ) ;
#126 = CARTESIAN_POINT ( 'NONE',  ( -0.1636934085417411089, 0.2989740608808681976, -0.05237631189501737450 ) ) ;
#127 = DIRECTION ( 'NONE',  ( -0.000000000000000000, -1.000000000000000000, -0.000000000000000000 ) ) ;
#128 = EDGE_CURVE ( 'NONE', #2130, #1405, #1188, .T. ) ;
#129 = CARTESIAN_POINT ( 'NONE',  ( -0.1200585794518657518, 0.7999999999999999334, 0.1000000000000001582 ) ) ;
#130 = CARTESIAN_POINT ( 'NONE',  ( -0.1703882516928545698, 0.2968357996280679423, 0.003499437747600748876 ) ) ;
#131 = VERTEX_POINT ( 'NONE', #1849 ) ;
#132 = CARTESIAN_POINT ( 'NONE',  ( -0.1703882516928550694, 0.2969144962005323962, -0.002072052271910947326 ) ) ;
#133 = CARTESIAN_POINT ( 'NONE',  ( 0.1487165057355102626, 0.3000000000000008216, 0.08506669239732092547 ) ) ;
#134 = DIRECTION ( 'NONE',  ( 0.000000000000000000, 1.000000000000000000, -0.000000000000000000 ) ) ;
#135 = VERTEX_POINT ( 'NONE', #22 ) ;
#136 = ORIENTED_EDGE ( 'NONE', *, *, #1679, .F. ) ;
#137 = AXIS2_PLACEMENT_3D ( 'NONE', #1222, #603, #750 ) ;
#138 = CARTESIAN_POINT ( 'NONE',  ( -0.08541666666666666852, 0.4519857503809157073, 0.2465766774664026884 ) ) ;
#139 = CARTESIAN_POINT ( 'NONE',  ( 0.04874999999999999473, 0.2999999999999999889, 0.006771243444677038821 ) ) ;
#140 = VECTOR ( 'NONE', #1900, 39.37007874015748143 ) ;
#141 = DIRECTION ( 'NONE',  ( -1.000000000000000000, 0.000000000000000000, 1.340771175351984093E-16 ) ) ;
#142 = ADVANCED_FACE ( 'NONE', ( #204 ), #195, .F. ) ;
#143 = CARTESIAN_POINT ( 'NONE',  ( -0.2562499999999999778, 0.7999999999999999334, 0.1479460064798416297 ) ) ;
#144 = EDGE_LOOP ( 'NONE', ( #1443, #814, #2112, #1116 ) ) ;
#145 = CARTESIAN_POINT ( 'NONE',  ( 0.1265001023353232168, 0.2969012051395479856, 0.1127501023353241760 ) ) ;
#146 = VERTEX_POINT ( 'NONE', #875 ) ;
#147 = VERTEX_POINT ( 'NONE', #37 ) ;
#148 = ORIENTED_EDGE ( 'NONE', *, *, #552, .F. ) ;
#149 = AXIS2_PLACEMENT_3D ( 'NONE', #1050, #216, #36 ) ;
#150 = CARTESIAN_POINT ( 'NONE',  ( -0.2562499999999999778, 0.7999999999999999334, -0.1420619179151645928 ) ) ;
#151 = CARTESIAN_POINT ( 'NONE',  ( -0.1108051439384078185, 0.3001524584504237647, -0.1253034276532513369 ) ) ;
#152 = PLANE ( 'NONE',  #1505 ) ;
#153 = CARTESIAN_POINT ( 'NONE',  ( 0.1703882516928544588, 0.2979694231151994166, 0.0006466386482114278370 ) ) ;
#154 = DIRECTION ( 'NONE',  ( -0.000000000000000000, -1.000000000000000000, 0.000000000000000000 ) ) ;
#155 = EDGE_LOOP ( 'NONE', ( #981, #786, #224, #962 ) ) ;
#156 = ADVANCED_FACE ( 'NONE', ( #1538 ), #2035, .F. ) ;
#157 = CARTESIAN_POINT ( 'NONE',  ( 0.2562500000000000333, 0.4305669102669340553, 0.1479460064798415186 ) ) ;
#158 = AXIS2_PLACEMENT_3D ( 'NONE', #565, #471, #2077 ) ;
#159 = CARTESIAN_POINT ( 'NONE',  ( -0.2562500000000000333, 0.7999999999999999334, 1.709496610516077527E-16 ) ) ;
#160 = PRODUCT_DEFINITION ( 'UNKNOWN', '', #181, #1320 ) ;
#161 = VECTOR ( 'NONE', #655, 39.37007874015748143 ) ;
#162 = CARTESIAN_POINT ( 'NONE',  ( -0.03826064869218923775, 0.2999999999999997113, -0.1558452122666558470 ) ) ;
#163 = CARTESIAN_POINT ( 'NONE',  ( 0.2562499999999999778, 1.499999999999999778, -0.1479460064798417684 ) ) ;
#164 = LINE ( 'NONE', #5, #637 ) ;
#165 = VERTEX_POINT ( 'NONE', #1892 ) ;
#166 = CARTESIAN_POINT ( 'NONE',  ( -0.1703882516928548752, 0.4032652811609936383, -0.002709516496399725933 ) ) ;
#167 = CARTESIAN_POINT ( 'NONE',  ( 0.03826064869218914061, 0.2999999999999998224, 0.1558452122666556527 ) ) ;
#168 = DIRECTION ( 'NONE',  ( 0.000000000000000000, -1.000000000000000000, 0.000000000000000000 ) ) ;
#169 = EDGE_CURVE ( 'NONE', #1956, #1944, #1726, .T. ) ;
#170 = DIRECTION ( 'NONE',  ( 3.414809992080329122E-15, 0.000000000000000000, 1.000000000000000000 ) ) ;
#171 = CARTESIAN_POINT ( 'NONE',  ( -0.1652388037605447002, 0.3001274607043601939, -0.04349200365188583828 ) ) ;
#172 = CIRCLE ( 'NONE', #276, 0.01000000000000000021 ) ;
#173 = CARTESIAN_POINT ( 'NONE',  ( 0.1174901574803149662, 0.000000000000000000, 0.003740157480314210744 ) ) ;
#174 = ORIENTED_EDGE ( 'NONE', *, *, #2020, .T. ) ;
#175 = CARTESIAN_POINT ( 'NONE',  ( 0.2562500000000000333, 0.7999999999999999334, 0.1061687663457850789 ) ) ;
#176 = DIRECTION ( 'NONE',  ( 0.000000000000000000, -1.000000000000000000, 0.000000000000000000 ) ) ;
#177 = PLANE ( 'NONE',  #882 ) ;
#178 = EDGE_CURVE ( 'NONE', #165, #1944, #444, .T. ) ;
#179 = FACE_OUTER_BOUND ( 'NONE', #795, .T. ) ;
#180 = AXIS2_PLACEMENT_3D ( 'NONE', #1195, #374, #1176 ) ;
#181 = PRODUCT_DEFINITION_FORMATION_WITH_SPECIFIED_SOURCE ( 'ANY', '', #1572, .NOT_KNOWN. ) ;
#182 = DIRECTION ( 'NONE',  ( 1.340771175351984093E-16, 0.000000000000000000, 1.000000000000000000 ) ) ;
#183 = CARTESIAN_POINT ( 'NONE',  ( -0.1703882516928545698, 0.2999999999999999889, 0.003740157480313813058 ) ) ;
#184 = CARTESIAN_POINT ( 'NONE',  ( -0.01749015748031495024, 0.000000000000000000, -0.003740157480314961879 ) ) ;
#185 = CARTESIAN_POINT ( 'NONE',  ( -0.1703882516928540147, 0.2968791573615169321, 0.001709241011697628342 ) ) ;
#186 = CARTESIAN_POINT ( 'NONE',  ( 0.1703882516928545421, 0.2979429974670210757, 0.002072052271911462972 ) ) ;
#187 = CARTESIAN_POINT ( 'NONE',  ( 0.2562499999999999778, 0.4592928689546102450, -0.06345753678991697400 ) ) ;
#188 = VECTOR ( 'NONE', #490, 39.37007874015748143 ) ;
#189 = CARTESIAN_POINT ( 'NONE',  ( 0.07155103095217420217, 0.2999303367959501587, 0.1468372720332350168 ) ) ;
#190 = CARTESIAN_POINT ( 'NONE',  ( 0.2562499999999999778, 1.499999999999999778, -0.1479460064798417684 ) ) ;
#191 = VECTOR ( 'NONE', #1560, 39.37007874015748143 ) ;
#192 = LINE ( 'NONE', #385, #1074 ) ;
#193 = CARTESIAN_POINT ( 'NONE',  ( -0.2562499999999999778, 0.7999999999999999334, -0.1061687663457848152 ) ) ;
#194 = CARTESIAN_POINT ( 'NONE',  ( -0.1105373050232768273, 0.2998782511673276363, 0.1254480637820175326 ) ) ;
#195 = PLANE ( 'NONE',  #896 ) ;
#196 = EDGE_CURVE ( 'NONE', #440, #1775, #1712, .T. ) ;
#197 = CARTESIAN_POINT ( 'NONE',  ( -0.1703882516928544588, 0.2969569709787104883, -0.0003194750796320292149 ) ) ;
#198 = CARTESIAN_POINT ( 'NONE',  ( 0.1703882516928547364, 0.3000000000000008771, 0.001698584890128516413 ) ) ;
#199 = CARTESIAN_POINT ( 'NONE',  ( 0.2562500000000000888, 0.8000000000000001554, 0.001141408071016841502 ) ) ;
#200 = DIRECTION ( 'NONE',  ( -0.000000000000000000, -1.000000000000000000, -0.000000000000000000 ) ) ;
#201 = CARTESIAN_POINT ( 'NONE',  ( 0.000000000000000000, 1.499999999999999778, 0.000000000000000000 ) ) ;
#202 = CARTESIAN_POINT ( 'NONE',  ( -0.1703882516928545976, 0.2979252920608717048, -0.01020747836997598461 ) ) ;
#203 = CARTESIAN_POINT ( 'NONE',  ( 0.1708333333333333925, 0.7999999999999999334, 0.1972613419731220896 ) ) ;
#204 = FACE_OUTER_BOUND ( 'NONE', #688, .T. ) ;
#205 = CARTESIAN_POINT ( 'NONE',  ( -0.1703882516928542645, 0.4017740641199756824, -0.0009768093798508210770 ) ) ;
#206 = CARTESIAN_POINT ( 'NONE',  ( 0.2562500000000000333, 0.4549367800017770080, 0.1061687663457851066 ) ) ;
#207 = EDGE_CURVE ( 'NONE', #2124, #135, #746, .T. ) ;
#208 = CARTESIAN_POINT ( 'NONE',  ( 0.2562499999999999223, 0.8000000000000000444, -0.08331502082918616769 ) ) ;
#209 = DIRECTION ( 'NONE',  ( 0.000000000000000000, 0.000000000000000000, -1.000000000000000000 ) ) ;
#210 = LINE ( 'NONE', #339, #1704 ) ;
#211 = CARTESIAN_POINT ( 'NONE',  ( 0.1703882516928544588, 0.2968538748874993138, -0.002386044132501115040 ) ) ;
#212 = CARTESIAN_POINT ( 'NONE',  ( -0.2562499999999999223, 0.4569672783003526639, -0.1126280735506692138 ) ) ;
#213 = DIRECTION ( 'NONE',  ( 1.000000000000000000, -0.000000000000000000, 0.000000000000000000 ) ) ;
#214 = CARTESIAN_POINT ( 'NONE',  ( -0.1703882516928547364, 0.2989651783208099878, -0.003398305071320039186 ) ) ;
#215 = AXIS2_PLACEMENT_3D ( 'NONE', #233, #1033, #559 ) ;
#216 = DIRECTION ( 'NONE',  ( 0.000000000000000000, -1.000000000000000000, 0.000000000000000000 ) ) ;
#217 = DIRECTION ( 'NONE',  ( 0.000000000000000000, 0.000000000000000000, 1.000000000000000000 ) ) ;
#218 = AXIS2_PLACEMENT_3D ( 'NONE', #47, #2023, #1218 ) ;
#219 = CARTESIAN_POINT ( 'NONE',  ( -0.1703882516928545976, 0.2999999999999998224, 0.0009800650940373295886 ) ) ;
#220 = CARTESIAN_POINT ( 'NONE',  ( 0.1703882516928546809, 0.2979380759551512603, 0.002361965639008134325 ) ) ;
#221 = CARTESIAN_POINT ( 'NONE',  ( -0.2562499999999999778, 0.7999999999999999334, 0.1479460064798416297 ) ) ;
#222 = CARTESIAN_POINT ( 'NONE',  ( -0.2557580552492240700, 0.7555457270840313377, -0.08981697534085920920 ) ) ;
#223 = ADVANCED_FACE ( 'NONE', ( #1758 ), #2073, .T. ) ;
#224 = ORIENTED_EDGE ( 'NONE', *, *, #1782, .F. ) ;
#225 = AXIS2_PLACEMENT_3D ( 'NONE', #1122, #1143, #332 ) ;
#226 = CARTESIAN_POINT ( 'NONE',  ( 0.000000000000000000, 1.499999999999999778, 0.2958920129596832593 ) ) ;
#227 = DIRECTION ( 'NONE',  ( 1.000000000000000000, 0.000000000000000000, 0.000000000000000000 ) ) ;
#228 = VERTEX_POINT ( 'NONE', #1881 ) ;
#229 = CARTESIAN_POINT ( 'NONE',  ( -0.1703882516928545698, 0.4022121393136176004, 0.0006447676059049155164 ) ) ;
#230 = CARTESIAN_POINT ( 'NONE',  ( -0.1415217061717091163, 0.8750290442411352565, -0.06641435724553895747 ) ) ;
#231 = ORIENTED_EDGE ( 'NONE', *, *, #320, .T. ) ;
#232 = EDGE_CURVE ( 'NONE', #642, #909, #1490, .T. ) ;
#233 = CARTESIAN_POINT ( 'NONE',  ( 0.04874999999999999473, 0.000000000000000000, -0.006771243444677038821 ) ) ;
#234 = DIRECTION ( 'NONE',  ( 0.000000000000000000, 0.000000000000000000, 1.000000000000000000 ) ) ;
#235 = CARTESIAN_POINT ( 'NONE',  ( -0.09396147068854242279, 0.3000104556787790977, 0.1365176119065653615 ) ) ;
#236 = CARTESIAN_POINT ( 'NONE',  ( -0.2562500000000000333, 0.7999999999999999334, -0.1479460064798414909 ) ) ;
#237 = VERTEX_POINT ( 'NONE', #1051 ) ;
#238 = CARTESIAN_POINT ( 'NONE',  ( -0.1280481844587874063, 0.8448833675103034624, 0.08959615207164874084 ) ) ;
#239 = CARTESIAN_POINT ( 'NONE',  ( -0.2556130267510843823, 0.7497907025982832874, -0.08672888882077511852 ) ) ;
#240 = CARTESIAN_POINT ( 'NONE',  ( 0.2562499999999998668, 0.4532397068352101988, -0.1167468729788147808 ) ) ;
#241 = ORIENTED_EDGE ( 'NONE', *, *, #738, .F. ) ;
#242 = EDGE_LOOP ( 'NONE', ( #446, #65, #267, #1620, #1433, #881, #466, #742 ) ) ;
#243 = LINE ( 'NONE', #1577, #1946 ) ;
#244 = EDGE_CURVE ( 'NONE', #921, #1064, #1241, .T. ) ;
#245 = CARTESIAN_POINT ( 'NONE',  ( -0.03874999999999999972, 0.000000000000000000, 0.006771243444677038821 ) ) ;
#246 = CARTESIAN_POINT ( 'NONE',  ( -0.2556136571788403811, 0.7498020641057293600, 0.08673270070365267370 ) ) ;
#247 = FACE_OUTER_BOUND ( 'NONE', #897, .T. ) ;
#248 = EDGE_CURVE ( 'NONE', #1230, #1432, #1254, .T. ) ;
#249 = EDGE_LOOP ( 'NONE', ( #669, #961, #1444, #2042, #1047 ) ) ;
#250 = AXIS2_PLACEMENT_3D ( 'NONE', #1369, #1205, #1867 ) ;
#251 = CARTESIAN_POINT ( 'NONE',  ( 0.1703882516928545698, 0.2989451681333822886, -0.003740157480313865968 ) ) ;
#252 = DIRECTION ( 'NONE',  ( 0.000000000000000000, 1.000000000000000000, -0.000000000000000000 ) ) ;
#253 = CARTESIAN_POINT ( 'NONE',  ( -0.2562500000000000888, 0.7867943633544058901, -0.09999999999999985290 ) ) ;
#254 = ORIENTED_EDGE ( 'NONE', *, *, #1983, .F. ) ;
#255 = CARTESIAN_POINT ( 'NONE',  ( -0.2562500000000000333, 0.4305669102669343329, -0.1479460064798414909 ) ) ;
#256 = STYLED_ITEM ( 'NONE', ( #1744 ), #628 ) ;
#257 = CARTESIAN_POINT ( 'NONE',  ( 0.03874999999999999972, 0.3000393700787401530, -0.006771243444677038821 ) ) ;
#258 = LINE ( 'NONE', #1075, #470 ) ;
#259 = FACE_OUTER_BOUND ( 'NONE', #998, .T. ) ;
#260 = AXIS2_PLACEMENT_3D ( 'NONE', #599, #789, #1473 ) ;
#261 = EDGE_CURVE ( 'NONE', #775, #921, #941, .T. ) ;
#262 = ORIENTED_EDGE ( 'NONE', *, *, #662, .F. ) ;
#263 = CARTESIAN_POINT ( 'NONE',  ( 0.1703882516928551527, 0.2999999999999999889, -0.08812691066485074665 ) ) ;
#264 = CARTESIAN_POINT ( 'NONE',  ( -0.1481857499698069625, 0.8869569487925956786, 0.05110242423417064861 ) ) ;
#265 =( NAMED_UNIT ( * ) SI_UNIT ( $, .STERADIAN. ) SOLID_ANGLE_UNIT ( ) );
#266 = CARTESIAN_POINT ( 'NONE',  ( 0.1703882516928547364, 0.3000000000000003220, -0.003465273537563084375 ) ) ;
#267 = ORIENTED_EDGE ( 'NONE', *, *, #232, .T. ) ;
#268 = DIRECTION ( 'NONE',  ( 0.000000000000000000, -1.000000000000000000, 0.000000000000000000 ) ) ;
#269 = DIRECTION ( 'NONE',  ( 0.000000000000000000, -1.000000000000000000, 0.000000000000000000 ) ) ;
#270 = CARTESIAN_POINT ( 'NONE',  ( -0.03874999999999999972, 0.2999999999999999889, 0.006771243444677038821 ) ) ;
#271 = CARTESIAN_POINT ( 'NONE',  ( 0.04374999999999996253, 0.7999999999999999334, 0.1000000000000001998 ) ) ;
#272 = ORIENTED_EDGE ( 'NONE', *, *, #1172, .T. ) ;
#273 = CARTESIAN_POINT ( 'NONE',  ( -0.1703882516928549862, 0.4051117780550289038, 0.002654242796406552484 ) ) ;
#274 = EDGE_CURVE ( 'NONE', #616, #135, #1814, .T. ) ;
#275 = CARTESIAN_POINT ( 'NONE',  ( 0.03374999999999999528, 0.000000000000000000, -0.01999999999999998654 ) ) ;
#276 = AXIS2_PLACEMENT_3D ( 'NONE', #275, #1079, #933 ) ;
#277 = ORIENTED_EDGE ( 'NONE', *, *, #1130, .T. ) ;
#278 = CARTESIAN_POINT ( 'NONE',  ( 0.1703882516928545698, 0.2968357996280679423, -0.003499437747600794846 ) ) ;
#279 = ORIENTED_EDGE ( 'NONE', *, *, #83, .F. ) ;
#280 = AXIS2_PLACEMENT_3D ( 'NONE', #610, #726, #284 ) ;
#281 =( CONVERSION_BASED_UNIT ( 'INCH', #1261 ) LENGTH_UNIT ( ) NAMED_UNIT ( #2061 ) );
#282 = CARTESIAN_POINT ( 'NONE',  ( -0.02052124344467704323, 0.000000000000000000, 0.03499999999999998945 ) ) ;
#283 = CARTESIAN_POINT ( 'NONE',  ( 0.1703882516928545698, 0.2999999999999999889, 0.000000000000000000 ) ) ;
#284 = DIRECTION ( 'NONE',  ( 0.1736481776669306920, -0.9848077530122080203, 0.000000000000000000 ) ) ;
#285 = ORIENTED_EDGE ( 'NONE', *, *, #1653, .T. ) ;
#286 = CARTESIAN_POINT ( 'NONE',  ( -0.2562500000000000333, 0.8000000000000000444, 0.1399426605377351585 ) ) ;
#287 = CARTESIAN_POINT ( 'NONE',  ( 0.02395747836997553018, 0.2966922198441222513, 0.1566382516928545854 ) ) ;
#288 = VECTOR ( 'NONE', #1048, 39.37007874015748143 ) ;
#289 = EDGE_LOOP ( 'NONE', ( #934, #1035, #1939, #85 ) ) ;
#290 = CARTESIAN_POINT ( 'NONE',  ( 0.2562499999999999778, 0.7999999999999999334, -0.1476583971597380252 ) ) ;
#291 = ORIENTED_EDGE ( 'NONE', *, *, #1844, .T. ) ;
#292 = VERTEX_POINT ( 'NONE', #1380 ) ;
#293 = LINE ( 'NONE', #903, #426 ) ;
#294 = EDGE_CURVE ( 'NONE', #146, #1420, #2046, .T. ) ;
#295 = CARTESIAN_POINT ( 'NONE',  ( -0.1487165057355107067, 0.4024845028105151212, -0.08506669239732099486 ) ) ;
#296 = DIRECTION ( 'NONE',  ( 0.000000000000000000, -0.000000000000000000, -1.000000000000000000 ) ) ;
#297 = CARTESIAN_POINT ( 'NONE',  ( 0.1703882516928545698, 0.2999999999999999889, -0.003740157480314413706 ) ) ;
#298 = CARTESIAN_POINT ( 'NONE',  ( 0.1703882516928544588, 0.2999999999999991007, 0.0006466386482114278370 ) ) ;
#299 = VECTOR ( 'NONE', #433, 39.37007874015748854 ) ;
#300 = ORIENTED_EDGE ( 'NONE', *, *, #111, .F. ) ;
#301 = CARTESIAN_POINT ( 'NONE',  ( -0.1703882516928539870, 0.2968538748875000910, 0.002386044132501179658 ) ) ;
#302 = CARTESIAN_POINT ( 'NONE',  ( 0.1487165057355102626, 0.4024845028105147882, 0.08506669239732092547 ) ) ;
#303 = ORIENTED_EDGE ( 'NONE', *, *, #1356, .T. ) ;
#304 = CARTESIAN_POINT ( 'NONE',  ( -0.03374999999999999528, 0.3000393700787401530, 0.01999999999999998654 ) ) ;
#305 = ORIENTED_EDGE ( 'NONE', *, *, #580, .T. ) ;
#306 = ORIENTED_EDGE ( 'NONE', *, *, #762, .T. ) ;
#307 = EDGE_CURVE ( 'NONE', #1610, #2130, #737, .T. ) ;
#308 = CARTESIAN_POINT ( 'NONE',  ( -0.1695952122666559425, 0.3000000000000002109, -0.02451064869218980494 ) ) ;
#309 = CARTESIAN_POINT ( 'NONE',  ( -0.1018769106648518830, 0.2968678717534282141, 0.1566382516928545021 ) ) ;
#310 = DIRECTION ( 'NONE',  ( 0.000000000000000000, -1.000000000000000000, 0.000000000000000000 ) ) ;
#311 = ORIENTED_EDGE ( 'NONE', *, *, #1237, .F. ) ;
#312 = CARTESIAN_POINT ( 'NONE',  ( 0.01749015748031388165, 0.2999999999999999889, 0.1566382516928545299 ) ) ;
#313 = VERTEX_POINT ( 'NONE', #1592 ) ;
#314 = VERTEX_POINT ( 'NONE', #1739 ) ;
#315 = CARTESIAN_POINT ( 'NONE',  ( -0.02395747836997551630, 0.2977948132294148675, -0.1566382516928546409 ) ) ;
#316 = CARTESIAN_POINT ( 'NONE',  ( -0.1703882516928545698, 0.2978903362667645882, 0.003740157480313813058 ) ) ;
#317 = EDGE_CURVE ( 'NONE', #1421, #1230, #1229, .T. ) ;
#318 = DIRECTION ( 'NONE',  ( 0.000000000000000000, 0.000000000000000000, 1.000000000000000000 ) ) ;
#319 = ORIENTED_EDGE ( 'NONE', *, *, #1545, .F. ) ;
#320 = EDGE_CURVE ( 'NONE', #1801, #763, #1580, .T. ) ;
#321 = LINE ( 'NONE', #1788, #1934 ) ;
#322 = CARTESIAN_POINT ( 'NONE',  ( -0.03374999999999999528, 0.3000393700787401530, -0.01999999999999998654 ) ) ;
#323 = ORIENTED_EDGE ( 'NONE', *, *, #1887, .T. ) ;
#324 = CARTESIAN_POINT ( 'NONE',  ( -0.1695952122666559425, 0.2969127055047033892, -0.02451064869218980494 ) ) ;
#325 = CARTESIAN_POINT ( 'NONE',  ( -0.1018769106648518830, 0.4044042748857252234, 0.1566382516928545021 ) ) ;
#326 = CARTESIAN_POINT ( 'NONE',  ( 0.1183902054139818749, 0.2998303744035977769, -0.1190151124825251927 ) ) ;
#327 = PLANE ( 'NONE',  #873 ) ;
#328 = ORIENTED_EDGE ( 'NONE', *, *, #1196, .F. ) ;
#329 = CARTESIAN_POINT ( 'NONE',  ( 0.01749015748031388165, 0.2966751021924023957, 0.1566382516928545299 ) ) ;
#330 = CARTESIAN_POINT ( 'NONE',  ( 0.000000000000000000, 1.499999999999999778, 0.000000000000000000 ) ) ;
#331 = CYLINDRICAL_SURFACE ( 'NONE', #504, 0.01000000000000000021 ) ;
#332 = DIRECTION ( 'NONE',  ( 0.8660254037844388186, 0.000000000000000000, 0.4999999999999998335 ) ) ;
#333 = CARTESIAN_POINT ( 'NONE',  ( -0.1703882516928549862, 0.2999999999999992673, 0.002654242796406552484 ) ) ;
#334 = CARTESIAN_POINT ( 'NONE',  ( -0.2562499999999999778, 0.4483893777941068137, 0.1479460064798416297 ) ) ;
#335 = ORIENTED_EDGE ( 'NONE', *, *, #2008, .F. ) ;
#336 = CARTESIAN_POINT ( 'NONE',  ( 0.1703882516928545421, 0.2968981840227990499, 0.002858234250823156811 ) ) ;
#337 = CARTESIAN_POINT ( 'NONE',  ( 0.2562499999999999778, 0.7999999999999999334, -0.1479460064798417684 ) ) ;
#338 = ADVANCED_FACE ( 'NONE', ( #247 ), #907, .F. ) ;
#339 = CARTESIAN_POINT ( 'NONE',  ( 0.1174901574803149662, 0.000000000000000000, 0.000000000000000000 ) ) ;
#340 = CARTESIAN_POINT ( 'NONE',  ( -0.1018769106648518830, 0.2989559572511427121, 0.1566382516928545021 ) ) ;
#341 = AXIS2_PLACEMENT_3D ( 'NONE', #2025, #2003, #217 ) ;
#342 = CARTESIAN_POINT ( 'NONE',  ( -0.2562500000000000333, 0.4542153434786118105, -0.1144710697376527808 ) ) ;
#343 = CARTESIAN_POINT ( 'NONE',  ( 0.1500632505143400242, 0.3000072917787764415, -0.08056816771600087967 ) ) ;
#344 = LINE ( 'NONE', #845, #1063 ) ;
#345 = CARTESIAN_POINT ( 'NONE',  ( -0.1703882516928541258, 0.2989747904125402700, -0.001698584890128037629 ) ) ;
#346 = CARTESIAN_POINT ( 'NONE',  ( 0.1703882516928546809, 0.2969071139327266740, 0.002361965639008134325 ) ) ;
#347 = DIRECTION ( 'NONE',  ( -0.000000000000000000, -1.000000000000000000, 0.000000000000000000 ) ) ;
#348 = DIRECTION ( 'NONE',  ( 1.707404996040163525E-16, 0.000000000000000000, 1.000000000000000000 ) ) ;
#349 = ADVANCED_FACE ( 'NONE', ( #259 ), #95, .F. ) ;
#350 = AXIS2_PLACEMENT_3D ( 'NONE', #1639, #154, #1971 ) ;
#351 = DIRECTION ( 'NONE',  ( 0.000000000000000000, 0.000000000000000000, 1.000000000000000000 ) ) ;
#352 = AXIS2_PLACEMENT_3D ( 'NONE', #571, #1094, #1236 ) ;
#353 = CARTESIAN_POINT ( 'NONE',  ( -0.1703882516928545976, 0.4037353969564143608, -0.01020747836997598461 ) ) ;
#354 = CARTESIAN_POINT ( 'NONE',  ( 0.2562499999999999778, 1.499999999999999778, -0.1479460064798417684 ) ) ;
#355 = EDGE_LOOP ( 'NONE', ( #594, #319, #486, #254 ) ) ;
#356 = CARTESIAN_POINT ( 'NONE',  ( -0.1703882516928548752, 0.2969541346728005182, -0.0006466386482110557388 ) ) ;
#357 = CARTESIAN_POINT ( 'NONE',  ( 0.1703882516928547364, 0.2989747904125409916, 0.001698584890128516413 ) ) ;
#358 = CIRCLE ( 'NONE', #1778, 0.01000000000000000021 ) ;
#359 = B_SPLINE_CURVE_WITH_KNOTS ( 'NONE', 3,
 ( #1735, #2070, #255, #766 ),
 .UNSPECIFIED., .F., .F.,
 ( 4, 4 ),
 ( 0.000000000000000000, 1.000000000000000000 ),
 .UNSPECIFIED. ) ;
#360 = DIRECTION ( 'NONE',  ( 0.000000000000000000, 0.000000000000000000, 1.000000000000000000 ) ) ;
#361 = FACE_OUTER_BOUND ( 'NONE', #1267, .T. ) ;
#362 = CARTESIAN_POINT ( 'NONE',  ( 0.1703882516928545976, 0.2989548197023729759, -0.002057307070536227005 ) ) ;
#363 = VECTOR ( 'NONE', #2059, 39.37007874015748143 ) ;
#364 = LINE ( 'NONE', #396, #288 ) ;
#365 = EDGE_CURVE ( 'NONE', #146, #1106, #18, .T. ) ;
#366 = B_SPLINE_CURVE_WITH_KNOTS ( 'NONE', 3,
 ( #1549, #1360, #677, #1836 ),
 .UNSPECIFIED., .F., .F.,
 ( 4, 4 ),
 ( 0.000000000000000000, 1.000000000000000000 ),
 .UNSPECIFIED. ) ;
#367 = CARTESIAN_POINT ( 'NONE',  ( -0.1703882516928547364, 0.2979303566416197646, -0.003398305071320039186 ) ) ;
#368 = CARTESIAN_POINT ( 'NONE',  ( 3.414809992080329023E-17, 0.7999999999999999334, 0.2958920129596832593 ) ) ;
#369 = DIRECTION ( 'NONE',  ( 0.000000000000000000, 1.000000000000000000, -0.000000000000000000 ) ) ;
#370 = CARTESIAN_POINT ( 'NONE',  ( -0.1703882516928542645, 0.2979645187176003795, -0.0009768093798508208601 ) ) ;
#371 = CARTESIAN_POINT ( 'NONE',  ( 0.2562499999999999778, 0.7999999999999997113, 0.09378221404223931190 ) ) ;
#372 = SHAPE_DEFINITION_REPRESENTATION ( #553, #1631 ) ;
#373 = CARTESIAN_POINT ( 'NONE',  ( 0.2562499999999999223, 0.4574357591764887099, -0.08331502082918616769 ) ) ;
#374 = DIRECTION ( 'NONE',  ( 0.000000000000000000, 1.000000000000000000, -0.000000000000000000 ) ) ;
#375 = CARTESIAN_POINT ( 'NONE',  ( 3.414809992080329023E-17, 0.4537839366743200431, 0.2958920129596832593 ) ) ;
#376 = EDGE_CURVE ( 'NONE', #90, #913, #500, .T. ) ;
#377 = LINE ( 'NONE', #1680, #1938 ) ;
#378 = CARTESIAN_POINT ( 'NONE',  ( -0.2562499999999998113, 0.7999999999999993783, 0.02060101074692471251 ) ) ;
#379 = CARTESIAN_POINT ( 'NONE',  ( 0.1703882516928546809, 0.2979303566416196536, 0.003398305071320632028 ) ) ;
#380 = CARTESIAN_POINT ( 'NONE',  ( 0.1703882516928545421, 0.2989821803835382985, -0.0003206750014614785367 ) ) ;
#381 = CARTESIAN_POINT ( 'NONE',  ( -0.1703882516928552915, 0.2968644591071178951, 0.002057307070536304201 ) ) ;
#382 = CARTESIAN_POINT ( 'NONE',  ( 0.02755875065054892714, 0.2999999999999997669, 0.1566382516928546131 ) ) ;
#383 = CARTESIAN_POINT ( 'NONE',  ( 0.1703882516928545976, 0.2968644591071185612, -0.002057307070536227005 ) ) ;
#384 = ORIENTED_EDGE ( 'NONE', *, *, #1584, .T. ) ;
#385 = CARTESIAN_POINT ( 'NONE',  ( 0.02052124344467704323, 0.3000393700787401530, -0.02499999999999999098 ) ) ;
#386 = AXIS2_PLACEMENT_3D ( 'NONE', #1600, #418, #1889 ) ;
#387 = FACE_OUTER_BOUND ( 'NONE', #2092, .T. ) ;
#388 = ORIENTED_EDGE ( 'NONE', *, *, #2121, .T. ) ;
#389 = CONICAL_SURFACE ( 'NONE', #38, 0.09999999999999999167, 0.1745329251994333086 ) ;
#390 = CARTESIAN_POINT ( 'NONE',  ( -0.2562499999999999223, 0.4615705192000528201, -0.02225551529606709447 ) ) ;
#391 = ADVANCED_FACE ( 'NONE', ( #1980 ), #152, .T. ) ;
#392 = FACE_OUTER_BOUND ( 'NONE', #1296, .T. ) ;
#393 = ORIENTED_EDGE ( 'NONE', *, *, #1519, .F. ) ;
#394 = VECTOR ( 'NONE', #889, 39.37007874015748854 ) ;
#395 = ORIENTED_EDGE ( 'NONE', *, *, #662, .T. ) ;
#396 = CARTESIAN_POINT ( 'NONE',  ( -0.02052124344467704323, 0.3000393700787401530, 0.02499999999999999098 ) ) ;
#397 = LINE ( 'NONE', #1898, #1557 ) ;
#398 = DIRECTION ( 'NONE',  ( -0.8660254037844383745, 0.000000000000000000, 0.5000000000000003331 ) ) ;
#399 = DIRECTION ( 'NONE',  ( -0.000000000000000000, -1.000000000000000000, -0.000000000000000000 ) ) ;
#400 = CARTESIAN_POINT ( 'NONE',  ( -0.1703882516928547086, 0.3000000000000000444, -5.002446282671908168E-07 ) ) ;
#401 = ORIENTED_EDGE ( 'NONE', *, *, #1910, .T. ) ;
#402 = CARTESIAN_POINT ( 'NONE',  ( 0.01749015748031430839, 0.2968840554300688495, -0.1566382516928545854 ) ) ;
#403 = DIRECTION ( 'NONE',  ( 0.000000000000000000, 0.000000000000000000, 1.000000000000000000 ) ) ;
#404 = EDGE_CURVE ( 'NONE', #581, #1610, #539, .T. ) ;
#405 = CARTESIAN_POINT ( 'NONE',  ( -0.2535172587728679594, 0.7006563456898988740, 0.01316970300097554912 ) ) ;
#406 = CARTESIAN_POINT ( 'NONE',  ( 0.1703882516928545421, 0.2979194382410110253, -0.001709241011697506044 ) ) ;
#407 = ORIENTED_EDGE ( 'NONE', *, *, #975, .F. ) ;
#408 = DIRECTION ( 'NONE',  ( 0.8660254037844385966, 0.000000000000000000, 0.5000000000000000000 ) ) ;
#409 = CARTESIAN_POINT ( 'NONE',  ( 0.000000000000000000, 0.000000000000000000, 0.000000000000000000 ) ) ;
#410 = DIRECTION ( 'NONE',  ( 0.000000000000000000, 0.000000000000000000, 1.000000000000000000 ) ) ;
#411 = CARTESIAN_POINT ( 'NONE',  ( 0.000000000000000000, 1.499999999999999778, 0.2958920129596832593 ) ) ;
#412 = ORIENTED_EDGE ( 'NONE', *, *, #1309, .T. ) ;
#413 = CARTESIAN_POINT ( 'NONE',  ( 0.01749015748031430839, 0.2989613518100229239, -0.1566382516928545854 ) ) ;
#414 = CARTESIAN_POINT ( 'NONE',  ( -0.1227812559700167949, 0.8265022094056685420, -0.09665263310993317536 ) ) ;
#415 = DIRECTION ( 'NONE',  ( 0.000000000000000000, 0.000000000000000000, -1.000000000000000000 ) ) ;
#416 = CARTESIAN_POINT ( 'NONE',  ( 0.2562499999999999778, 0.7999999999999999334, -0.1349842355360885426 ) ) ;
#417 = ORIENTED_EDGE ( 'NONE', *, *, #1422, .T. ) ;
#418 = DIRECTION ( 'NONE',  ( -0.000000000000000000, -1.000000000000000000, 0.000000000000000000 ) ) ;
#419 = DIRECTION ( 'NONE',  ( 0.000000000000000000, 0.000000000000000000, -1.000000000000000000 ) ) ;
#420 = CARTESIAN_POINT ( 'NONE',  ( -0.2562500000000000333, 0.8000000000000003775, 0.09999999999996532496 ) ) ;
#421 = DIRECTION ( 'NONE',  ( 1.154073054532098867E-16, 0.000000000000000000, 1.000000000000000000 ) ) ;
#422 = AXIS2_PLACEMENT_3D ( 'NONE', #884, #1880, #398 ) ;
#423 = CARTESIAN_POINT ( 'NONE',  ( -0.1703882516928544588, 0.3000000000000001554, 0.003465273537563060956 ) ) ;
#424 = ORIENTED_EDGE ( 'NONE', *, *, #527, .F. ) ;
#425 = CARTESIAN_POINT ( 'NONE',  ( -0.2562500000000000333, 0.8000000000000003775, 0.1275602203989890659 ) ) ;
#426 = VECTOR ( 'NONE', #952, 39.37007874015748143 ) ;
#427 = CARTESIAN_POINT ( 'NONE',  ( -0.1301531385961271770, 0.8504854604329812329, 0.08655528272234654097 ) ) ;
#428 = CARTESIAN_POINT ( 'NONE',  ( 0.01749015748031425288, 0.000000000000000000, -0.1037401574803149540 ) ) ;
#429 = CARTESIAN_POINT ( 'NONE',  ( 0.2562499999999999778, 0.7999999999999999334, -0.1435698136200783681 ) ) ;
#430 = ORIENTED_EDGE ( 'NONE', *, *, #1309, .F. ) ;
#431 = CARTESIAN_POINT ( 'NONE',  ( 0.1703882516928545698, 0.2999999999999999889, -0.003740157480314413706 ) ) ;
#432 = CARTESIAN_POINT ( 'NONE',  ( -0.04124999999999999500, 0.000000000000000000, 0.01338562172233851398 ) ) ;
#433 = DIRECTION ( 'NONE',  ( 0.8660254037844385966, 0.000000000000000000, 0.5000000000000000000 ) ) ;
#434 = DIRECTION ( 'NONE',  ( 0.000000000000000000, 0.000000000000000000, -1.000000000000000000 ) ) ;
#435 = ADVANCED_FACE ( 'NONE', ( #484 ), #2115, .T. ) ;
#436 = CIRCLE ( 'NONE', #1919, 0.009999999999999995004 ) ;
#437 = ORIENTED_EDGE ( 'NONE', *, *, #702, .F. ) ;
#438 = CARTESIAN_POINT ( 'NONE',  ( 0.1703882516928544588, 0.2989512916291663935, -0.002386044132501115040 ) ) ;
#439 = ORIENTED_EDGE ( 'NONE', *, *, #713, .F. ) ;
#440 = VERTEX_POINT ( 'NONE', #1773 ) ;
#441 = DIRECTION ( 'NONE',  ( 0.000000000000000000, -1.000000000000000000, 0.000000000000000000 ) ) ;
#442 = DIRECTION ( 'NONE',  ( 0.000000000000000000, 0.000000000000000000, -1.000000000000000000 ) ) ;
#443 = DIRECTION ( 'NONE',  ( 0.000000000000000000, 0.000000000000000000, 1.000000000000000000 ) ) ;
#444 = LINE ( 'NONE', #1097, #932 ) ;
#445 = CARTESIAN_POINT ( 'NONE',  ( -0.1703882516928540147, 0.2979194382410113029, 0.001709241011697628342 ) ) ;
#446 = ORIENTED_EDGE ( 'NONE', *, *, #86, .T. ) ;
#447 = CARTESIAN_POINT ( 'NONE',  ( -0.2562500000000000333, 0.8000000000000001554, 0.1349842355360883206 ) ) ;
#448 = EDGE_CURVE ( 'NONE', #1916, #1376, #1949, .T. ) ;
#449 = CARTESIAN_POINT ( 'NONE',  ( 0.1703882516928551527, 0.2979011253845250118, -0.08812691066485074665 ) ) ;
#450 = FACE_OUTER_BOUND ( 'NONE', #144, .T. ) ;
#451 = EDGE_LOOP ( 'NONE', ( #640, #971, #1283, #430 ) ) ;
#452 = CARTESIAN_POINT ( 'NONE',  ( 0.1703882516928545698, 0.4054733457310670253, -0.003499437747600794846 ) ) ;
#453 = VERTEX_POINT ( 'NONE', #297 ) ;
#454 = ORIENTED_EDGE ( 'NONE', *, *, #21, .F. ) ;
#455 = DIRECTION ( 'NONE',  ( 0.000000000000000000, 0.000000000000000000, -1.000000000000000000 ) ) ;
#456 = CARTESIAN_POINT ( 'NONE',  ( -0.1636934085417411089, 0.2969221826426055033, -0.05237631189501737450 ) ) ;
#457 = CARTESIAN_POINT ( 'NONE',  ( -0.2551135005507685904, 0.7339366411778909249, 0.07535964555058266567 ) ) ;
#458 = B_SPLINE_CURVE_WITH_KNOTS ( 'NONE', 3,
 ( #1060, #1724, #93, #102 ),
 .UNSPECIFIED., .F., .F.,
 ( 4, 4 ),
 ( 0.000000000000000000, 1.000000000000000000 ),
 .UNSPECIFIED. ) ;
#459 = VERTEX_POINT ( 'NONE', #1287 ) ;
#460 = CARTESIAN_POINT ( 'NONE',  ( -0.2562500000000000333, 0.4504305430554855216, 0.1349842355360883206 ) ) ;
#461 = CARTESIAN_POINT ( 'NONE',  ( 0.01749015748031388165, 0.2988917007308007912, 0.1566382516928545299 ) ) ;
#462 = AXIS2_PLACEMENT_3D ( 'NONE', #1226, #606, #1933 ) ;
#463 = DIRECTION ( 'NONE',  ( 0.000000000000000000, 1.000000000000000000, -0.000000000000000000 ) ) ;
#464 = EDGE_CURVE ( 'NONE', #1973, #313, #666, .T. ) ;
#465 = ORIENTED_EDGE ( 'NONE', *, *, #1118, .F. ) ;
#466 = ORIENTED_EDGE ( 'NONE', *, *, #1858, .T. ) ;
#467 = CARTESIAN_POINT ( 'NONE',  ( -0.1487165057355107067, 0.2989751549718949741, -0.08506669239732099486 ) ) ;
#468 = CARTESIAN_POINT ( 'NONE',  ( -0.1703882516928551805, 0.2989505626922625003, 0.08812691066485070501 ) ) ;
#469 = CARTESIAN_POINT ( 'NONE',  ( 0.1703882516928547364, 0.4017740641199764040, 0.0009768093798512283033 ) ) ;
#470 = VECTOR ( 'NONE', #127, 39.37007874015748143 ) ;
#471 = DIRECTION ( 'NONE',  ( 0.000000000000000000, 1.000000000000000000, 0.000000000000000000 ) ) ;
#472 = VERTEX_POINT ( 'NONE', #799 ) ;
#473 = VECTOR ( 'NONE', #574, 39.37007874015748143 ) ;
#474 = CARTESIAN_POINT ( 'NONE',  ( -0.2562499999999999778, 0.7999999999999998224, -0.1023677921262289847 ) ) ;
#475 = CARTESIAN_POINT ( 'NONE',  ( 0.1695952122666558037, 0.2969127055047035002, 0.02451064869219016923 ) ) ;
#476 = ORIENTED_EDGE ( 'NONE', *, *, #86, .F. ) ;
#477 = DIRECTION ( 'NONE',  ( -0.000000000000000000, -0.9848077530122080203, 0.1736481776669306920 ) ) ;
#478 = ORIENTED_EDGE ( 'NONE', *, *, #2078, .F. ) ;
#479 = VERTEX_POINT ( 'NONE', #1460 ) ;
#480 = B_SPLINE_CURVE_WITH_KNOTS ( 'NONE', 3,
 ( #1166, #965, #1807, #824, #1495, #1475, #832, #1342, #326, #2002, #1663, #343, #521, #647, #1504, #801, #1786, #813 ),
 .UNSPECIFIED., .F., .F.,
 ( 4, 2, 2, 2, 2, 2, 2, 2, 4 ),
 ( 7.047314121155777858E-19, 0.0007552499076407384387, 0.001510499815281476227, 0.002265749722922214340, 0.003020999630562952020, 0.003776249538203689700, 0.004531499445844427813, 0.005286749353485165059, 0.006041999261125903173 ),
 .UNSPECIFIED. ) ;
#481 = EDGE_CURVE ( 'NONE', #1141, #732, #436, .T. ) ;
#482 = EDGE_CURVE ( 'NONE', #1956, #1421, #1300, .T. ) ;
#483 = CARTESIAN_POINT ( 'NONE',  ( -0.02052124344467704323, 0.000000000000000000, -0.03499999999999998945 ) ) ;
#484 = FACE_OUTER_BOUND ( 'NONE', #1525, .T. ) ;
#485 = LINE ( 'NONE', #173, #110 ) ;
#486 = ORIENTED_EDGE ( 'NONE', *, *, #178, .F. ) ;
#487 = FACE_OUTER_BOUND ( 'NONE', #1809, .T. ) ;
#488 = ORIENTED_EDGE ( 'NONE', *, *, #879, .T. ) ;
#489 = CARTESIAN_POINT ( 'NONE',  ( -0.1636934085417411089, 0.2999999999999995448, -0.05237631189501737450 ) ) ;
#490 = DIRECTION ( 'NONE',  ( 1.000000000000000000, 0.000000000000000000, -1.340771175351984340E-16 ) ) ;
#491 = CARTESIAN_POINT ( 'NONE',  ( -0.02052124344467704323, 0.3000393700787401530, -0.02499999999999999098 ) ) ;
#492 = EDGE_CURVE ( 'NONE', #732, #440, #1133, .T. ) ;
#493 = CARTESIAN_POINT ( 'NONE',  ( -0.04124999999999999500, 0.2999999999999999889, -0.01338562172233851051 ) ) ;
#494 = ORIENTED_EDGE ( 'NONE', *, *, #128, .F. ) ;
#495 = CARTESIAN_POINT ( 'NONE',  ( -3.414809992080329023E-17, 0.4537839366743200431, -0.2958920129596833148 ) ) ;
#496 = CIRCLE ( 'NONE', #1804, 0.01000000000000000021 ) ;
#497 = CARTESIAN_POINT ( 'NONE',  ( 0.01749015748031429798, 0.4038648189977039338, -0.1566382516928545854 ) ) ;
#498 = CARTESIAN_POINT ( 'NONE',  ( -0.1265001023353233001, 0.2969012051395482077, -0.1127501023353234683 ) ) ;
#499 = PLANE ( 'NONE',  #225 ) ;
#500 = LINE ( 'NONE', #2106, #1474 ) ;
#501 = DIRECTION ( 'NONE',  ( 1.000000000000000000, -0.000000000000000000, 0.000000000000000000 ) ) ;
#502 = ADVANCED_FACE ( 'NONE', ( #1668 ), #177, .T. ) ;
#503 = EDGE_LOOP ( 'NONE', ( #306, #1104, #494, #1708 ) ) ;
#504 = AXIS2_PLACEMENT_3D ( 'NONE', #993, #176, #209 ) ;
#505 = CARTESIAN_POINT ( 'NONE',  ( -0.2562500000000000333, 0.4563459925251472926, -0.09378221404223897884 ) ) ;
#506 = CARTESIAN_POINT ( 'NONE',  ( 0.2562500000000000333, 0.8000000000000015987, 0.1336037275992573437 ) ) ;
#507 = LINE ( 'NONE', #1002, #1083 ) ;
#508 = VECTOR ( 'NONE', #869, 39.37007874015748143 ) ;
#509 = CARTESIAN_POINT ( 'NONE',  ( 0.04374999999999994171, 0.7999999999999999334, -5.865873892164923013E-18 ) ) ;
#510 = CARTESIAN_POINT ( 'NONE',  ( -0.01749015748031500575, 0.2979227036200459144, 0.1566382516928545021 ) ) ;
#511 = LINE ( 'NONE', #657, #1330 ) ;
#512 = DIRECTION ( 'NONE',  ( 0.000000000000000000, 0.000000000000000000, 1.000000000000000000 ) ) ;
#513 = CARTESIAN_POINT ( 'NONE',  ( -0.1703882516928550694, 0.2999999999999998224, -0.002072052271910947326 ) ) ;
#514 = CARTESIAN_POINT ( 'NONE',  ( 0.1703882516928546809, 0.2968955349624294304, 0.003398305071320632028 ) ) ;
#515 = CARTESIAN_POINT ( 'NONE',  ( 0.1703882516928545421, 0.2969465411506137520, -0.0003206750014614785367 ) ) ;
#516 = DIRECTION ( 'NONE',  ( 0.000000000000000000, -1.000000000000000000, 0.000000000000000000 ) ) ;
#517 = CARTESIAN_POINT ( 'NONE',  ( -0.08541666666666665464, 0.4460449278718581212, -0.2465766774664026884 ) ) ;
#518 = CARTESIAN_POINT ( 'NONE',  ( 0.2562500000000000333, 1.499999999999999778, 0.1479460064798415186 ) ) ;
#519 = CIRCLE ( 'NONE', #1348, 0.01000000000000000021 ) ;
#520 = AXIS2_PLACEMENT_3D ( 'NONE', #1167, #695, #1336 ) ;
#522 = VECTOR ( 'NONE', #399, 39.37007874015748143 ) ;
#521 = CARTESIAN_POINT ( 'NONE',  ( 0.1548845340435507090, 0.3000899869633881778, -0.07159991255765918439 ) ) ;
#523 = CARTESIAN_POINT ( 'NONE',  ( 0.04874999999999999473, 0.000000000000000000, 0.006771243444677038821 ) ) ;
#524 = CARTESIAN_POINT ( 'NONE',  ( -0.1703882516928548752, 0.4021245530499677479, -0.001335416423958397329 ) ) ;
#525 = CARTESIAN_POINT ( 'NONE',  ( 0.1703882516928547364, 0.2979495808250811617, 0.001698584890128516413 ) ) ;
#526 = CARTESIAN_POINT ( 'NONE',  ( 0.03374999999999999528, 0.2999999999999999889, -0.01999999999999998654 ) ) ;
#527 = EDGE_CURVE ( 'NONE', #146, #1106, #1988, .T. ) ;
#528 = CARTESIAN_POINT ( 'NONE',  ( 0.2562499999999998113, 0.7999999999999998224, -0.1012875700897825776 ) ) ;
#529 = CARTESIAN_POINT ( 'NONE',  ( -0.02713562172233852099, 0.2999999999999999889, -0.02749999999999998973 ) ) ;
#530 = CONICAL_SURFACE ( 'NONE', #1837, 0.09999999999999999167, 0.1745329251994333086 ) ;
#531 = CARTESIAN_POINT ( 'NONE',  ( 0.01749015748031387471, 0.2999999999999999889, 0.1566382516928545299 ) ) ;
#532 = CARTESIAN_POINT ( 'NONE',  ( -0.02052124344467704323, 0.2999999999999999889, -0.03499999999999998945 ) ) ;
#533 = CARTESIAN_POINT ( 'NONE',  ( -0.1703882516928548752, 0.2979694231152003603, -0.0006466386482110557388 ) ) ;
#534 = CARTESIAN_POINT ( 'NONE',  ( 0.1703882516928542923, 0.2979575089389996934, 0.001335416423958848357 ) ) ;
#535 = PRODUCT_CONTEXT ( 'NONE', #1991, 'mechanical' ) ;
#536 = CARTESIAN_POINT ( 'NONE',  ( 0.2562500000000001443, 0.8000000000000004885, -0.02060101074692458067 ) ) ;
#537 = AXIS2_PLACEMENT_3D ( 'NONE', #557, #252, #1232 ) ;
#538 = EDGE_CURVE ( 'NONE', #885, #165, #1164, .T. ) ;
#539 = CIRCLE ( 'NONE', #815, 0.009999999999999995004 ) ;
#540 = CARTESIAN_POINT ( 'NONE',  ( -0.03374999999999999528, 0.000000000000000000, -0.01999999999999998654 ) ) ;
#541 = EDGE_CURVE ( 'NONE', #147, #909, #210, .T. ) ;
#542 = CARTESIAN_POINT ( 'NONE',  ( -0.1500632505143403572, 0.3000072917787768301, 0.08056816771600060212 ) ) ;
#543 = LINE ( 'NONE', #1993, #2005 ) ;
#544 = CARTESIAN_POINT ( 'NONE',  ( -0.2562500000000000888, 0.7999999999999999334, -0.04211299933533647899 ) ) ;
#545 = CARTESIAN_POINT ( 'NONE',  ( 0.1703882516928545698, 0.2989648103400053269, 0.003258718014888793615 ) ) ;
#546 = CARTESIAN_POINT ( 'NONE',  ( 0.1703882516928547641, 0.3000000000000005440, 0.0003194750796323645586 ) ) ;
#547 = CARTESIAN_POINT ( 'NONE',  ( 1.913510623667738847E-17, 1.499999999999999778, 0.1562500000000000000 ) ) ;
#548 = ORIENTED_EDGE ( 'NONE', *, *, #936, .T. ) ;
#549 = CARTESIAN_POINT ( 'NONE',  ( -0.01749015748031496759, 0.000000000000000000, 0.003740157480314928052 ) ) ;
#550 = CARTESIAN_POINT ( 'NONE',  ( 0.005830052493437809340, 0.4085082242791811535, 0.1566382516928545021 ) ) ;
#551 = CARTESIAN_POINT ( 'NONE',  ( 0.02713562172233852099, 0.000000000000000000, -0.02749999999999998973 ) ) ;
#552 = EDGE_CURVE ( 'NONE', #626, #99, #33, .T. ) ;
#553 = PRODUCT_DEFINITION_SHAPE ( 'NONE', 'NONE',  #160 ) ;
#554 = CARTESIAN_POINT ( 'NONE',  ( -0.1703882516928542645, 0.2989822593588001287, -0.0009768093798508208601 ) ) ;
#555 = CARTESIAN_POINT ( 'NONE',  ( 0.1703882516928545698, 0.2989778786068634231, -0.0006447676059046851234 ) ) ;
#556 = CARTESIAN_POINT ( 'NONE',  ( -0.1703882516928552915, 0.2989548197023723097, 0.002057307070536304201 ) ) ;
#557 = CARTESIAN_POINT ( 'NONE',  ( -0.03374999999999999528, 0.2999999999999999889, -0.01999999999999998654 ) ) ;
#558 = ORIENTED_EDGE ( 'NONE', *, *, #723, .F. ) ;
#559 = DIRECTION ( 'NONE',  ( 0.000000000000000000, 0.000000000000000000, 1.000000000000000000 ) ) ;
#560 = LINE ( 'NONE', #1239, #1643 ) ;
#561 = CARTESIAN_POINT ( 'NONE',  ( 0.2562500000000000888, 0.7999999999999999334, 0.1479460064798414909 ) ) ;
#562 = DIRECTION ( 'NONE',  ( -0.000000000000000000, -1.000000000000000000, 0.000000000000000000 ) ) ;
#563 = CARTESIAN_POINT ( 'NONE',  ( -0.2562500000000001443, 0.8000000000000007105, 0.1012875700897820225 ) ) ;
#564 = ADVANCED_FACE ( 'NONE', ( #1685 ), #994, .F. ) ;
#565 = CARTESIAN_POINT ( 'NONE',  ( -0.01749015748031495024, 0.2999999999999999889, -0.003740157480314961879 ) ) ;
#566 = CARTESIAN_POINT ( 'NONE',  ( 0.03374999999999999528, 0.3000393700787401530, 0.01999999999999998654 ) ) ;
#567 = CARTESIAN_POINT ( 'NONE',  ( 0.2562499999999998668, 0.4553405369854371387, -0.1012875700897825776 ) ) ;
#568 = ORIENTED_EDGE ( 'NONE', *, *, #1983, .T. ) ;
#569 = VECTOR ( 'NONE', #443, 39.37007874015748143 ) ;
#570 = ORIENTED_EDGE ( 'NONE', *, *, #652, .T. ) ;
#571 = CARTESIAN_POINT ( 'NONE',  ( 0.02052124344467704323, 0.3000393700787401530, 0.03499999999999998945 ) ) ;
#572 = PLANE ( 'NONE',  #1687 ) ;
#573 = CARTESIAN_POINT ( 'NONE',  ( 0.01749015748031423553, 0.000000000000000000, 0.1037401574803149401 ) ) ;
#574 = DIRECTION ( 'NONE',  ( 0.000000000000000000, -1.000000000000000000, 0.000000000000000000 ) ) ;
#575 = ORIENTED_EDGE ( 'NONE', *, *, #274, .F. ) ;
#576 = CARTESIAN_POINT ( 'NONE',  ( 0.1018769106648511891, 0.2999999999999999889, -0.1566382516928549185 ) ) ;
#577 = FACE_OUTER_BOUND ( 'NONE', #1888, .T. ) ;
#578 = CARTESIAN_POINT ( 'NONE',  ( -0.2561195353273365560, 0.7737687133277768581, -0.09739099218609217901 ) ) ;
#579 = CARTESIAN_POINT ( 'NONE',  ( 0.1703882516928547364, 0.4051117780550297365, -0.002654242796406513019 ) ) ;
#580 = EDGE_CURVE ( 'NONE', #89, #1315, #121, .T. ) ;
#581 = VERTEX_POINT ( 'NONE', #1502 ) ;
#582 = ORIENTED_EDGE ( 'NONE', *, *, #2078, .T. ) ;
#583 = DIRECTION ( 'NONE',  ( 0.000000000000000000, 0.000000000000000000, -1.000000000000000000 ) ) ;
#584 = DIRECTION ( 'NONE',  ( 0.000000000000000000, 0.000000000000000000, 1.000000000000000000 ) ) ;
#585 = DIRECTION ( 'NONE',  ( 0.000000000000000000, 0.000000000000000000, 1.000000000000000000 ) ) ;
#586 = CARTESIAN_POINT ( 'NONE',  ( -0.2562500000000000333, 0.7999999999999999334, -0.1479460064798414909 ) ) ;
#587 = B_SPLINE_SURFACE_WITH_KNOTS ( 'NONE', 3, 3, ( 
 ( #1492, #497, #692, #674 ),
 ( #684, #1521, #517, #2000 ),
 ( #1174, #1513, #1833, #1013 ),
 ( #849, #1350, #1184, #2009 ) ),
 .UNSPECIFIED., .F., .F., .F.,
 ( 4, 4 ),
 ( 4, 4 ),
 ( 0.000000000000000000, 1.000000000000000000 ),
 ( 0.000000000000000000, 1.000000000000000000 ),
 .UNSPECIFIED. ) ;
#588 = ORIENTED_EDGE ( 'NONE', *, *, #404, .T. ) ;
#589 = CARTESIAN_POINT ( 'NONE',  ( 0.1703882516928545698, 0.2999999999999999889, -0.003740157480313865968 ) ) ;
#590 = CARTESIAN_POINT ( 'NONE',  ( -0.1562419685934389735, 0.8999874509150092017, -0.006972216682586112463 ) ) ;
#591 = CARTESIAN_POINT ( 'NONE',  ( -0.1703882516928545698, 0.2999999999999999889, 0.003740157480314370772 ) ) ;
#592 = LINE ( 'NONE', #547, #2056 ) ;
#593 = CARTESIAN_POINT ( 'NONE',  ( 0.1703882516928544866, 0.2999999999999997113, -0.003189518059892028964 ) ) ;
#594 = ORIENTED_EDGE ( 'NONE', *, *, #1149, .F. ) ;
#595 = ADVANCED_FACE ( 'NONE', ( #1976 ), #587, .T. ) ;
#596 = LINE ( 'NONE', #1435, #1665 ) ;
#597 = CARTESIAN_POINT ( 'NONE',  ( -0.03374999999999999528, 0.000000000000000000, -0.02999999999999998848 ) ) ;
#598 = CARTESIAN_POINT ( 'NONE',  ( -0.2540518937635788954, 0.7101160511298068023, 0.04431538623422131423 ) ) ;
#599 = CARTESIAN_POINT ( 'NONE',  ( 0.04374999999999994171, 0.7999999999999999334, 1.307265257910482348E-16 ) ) ;
#600 = CARTESIAN_POINT ( 'NONE',  ( -0.1703882516928545698, 0.2978903362667645882, 0.003740157480313813058 ) ) ;
#601 = VERTEX_POINT ( 'NONE', #1842 ) ;
#602 =( GEOMETRIC_REPRESENTATION_CONTEXT ( 3 ) GLOBAL_UNCERTAINTY_ASSIGNED_CONTEXT ( ( #115 ) ) GLOBAL_UNIT_ASSIGNED_CONTEXT ( ( #281, #857, #1622 ) ) REPRESENTATION_CONTEXT ( 'NONE', 'WORKASPACE' ) );
#603 = DIRECTION ( 'NONE',  ( 0.000000000000000000, -1.000000000000000000, 0.000000000000000000 ) ) ;
#604 = CARTESIAN_POINT ( 'NONE',  ( 0.1703882516928547364, 0.2968466466583492003, -0.002654242796406513019 ) ) ;
#605 = ORIENTED_EDGE ( 'NONE', *, *, #652, .F. ) ;
#606 = DIRECTION ( 'NONE',  ( -0.000000000000000000, -1.000000000000000000, 0.000000000000000000 ) ) ;
#607 = MECHANICAL_DESIGN_GEOMETRIC_PRESENTATION_REPRESENTATION (  '', ( #256 ), #812 ) ;
#608 = CARTESIAN_POINT ( 'NONE',  ( 0.01749015748031428064, 0.2999999999999999889, -0.1566382516928545854 ) ) ;
#609 = CARTESIAN_POINT ( 'NONE',  ( -0.2562500000000000333, 1.499999999999999778, -0.1479460064798414909 ) ) ;
#610 = CARTESIAN_POINT ( 'NONE',  ( -0.1174901574803149662, 0.000000000000000000, 0.000000000000000000 ) ) ;
#611 = ADVANCED_FACE ( 'NONE', ( #361 ), #701, .F. ) ;
#612 = CARTESIAN_POINT ( 'NONE',  ( -0.1703882516928545698, 0.2978905330853786060, 0.003499437747600748876 ) ) ;
#613 = VERTEX_POINT ( 'NONE', #899 ) ;
#614 = CARTESIAN_POINT ( 'NONE',  ( -0.2562500000000000333, 0.7999999999999999334, 0.1435698136200783681 ) ) ;
#615 = ORIENTED_EDGE ( 'NONE', *, *, #244, .T. ) ;
#616 = VERTEX_POINT ( 'NONE', #88 ) ;
#617 = ORIENTED_EDGE ( 'NONE', *, *, #1808, .F. ) ;
#618 = CARTESIAN_POINT ( 'NONE',  ( 0.04124999999999999500, 0.000000000000000000, -0.01338562172233851398 ) ) ;
#619 = CARTESIAN_POINT ( 'NONE',  ( -0.04124999999999999500, 0.000000000000000000, -0.01338562172233851051 ) ) ;
#620 = CARTESIAN_POINT ( 'NONE',  ( -0.09881669239732052135, 0.3000000000000002665, -0.1349665057355108888 ) ) ;
#621 = DIRECTION ( 'NONE',  ( 0.000000000000000000, 0.000000000000000000, -1.000000000000000000 ) ) ;
#622 = EDGE_CURVE ( 'NONE', #90, #613, #1431, .T. ) ;
#623 = ORIENTED_EDGE ( 'NONE', *, *, #908, .T. ) ;
#624 = CARTESIAN_POINT ( 'NONE',  ( -0.2562500000000000333, 0.4486769804329595046, 0.1458454036663782705 ) ) ;
#625 = CARTESIAN_POINT ( 'NONE',  ( 0.01749015748031388165, 0.2977834014616015934, 0.1566382516928545299 ) ) ;
#626 = VERTEX_POINT ( 'NONE', #1587 ) ;
#627 = ORIENTED_EDGE ( 'NONE', *, *, #58, .T. ) ;
#628 = MANIFOLD_SOLID_BREP ( 'Cut-Extrude2', #2040 ) ;
#629 = CARTESIAN_POINT ( 'NONE',  ( -0.03826064869218923775, 0.2967264551475619072, -0.1558452122666558470 ) ) ;
#630 = CARTESIAN_POINT ( 'NONE',  ( -0.1703882516928551805, 0.2999999999999999889, 0.08812691066485070501 ) ) ;
#631 = CARTESIAN_POINT ( 'NONE',  ( 0.1703882516928547364, 0.3000000000000009881, 0.0009768093798512283033 ) ) ;
#632 = CARTESIAN_POINT ( 'NONE',  ( 3.414809992080329023E-17, 1.499999999999999778, -0.2958920129596832593 ) ) ;
#633 = ORIENTED_EDGE ( 'NONE', *, *, #448, .T. ) ;
#634 = ADVANCED_FACE ( 'NONE', ( #712 ), #2029, .F. ) ;
#635 = CARTESIAN_POINT ( 'NONE',  ( -0.2562500000000000888, 0.8000000000000001554, -0.07554485148496502267 ) ) ;
#636 = CARTESIAN_POINT ( 'NONE',  ( 0.1636934085417411366, 0.2989740608808679201, 0.05237631189501809614 ) ) ;
#637 = VECTOR ( 'NONE', #501, 39.37007874015748143 ) ;
#638 = AXIS2_PLACEMENT_3D ( 'NONE', #685, #45, #883 ) ;
#639 = ORIENTED_EDGE ( 'NONE', *, *, #261, .T. ) ;
#640 = ORIENTED_EDGE ( 'NONE', *, *, #464, .T. ) ;
#641 = EDGE_CURVE ( 'NONE', #1553, #472, #592, .T. ) ;
#642 = VERTEX_POINT ( 'NONE', #428 ) ;
#643 = CARTESIAN_POINT ( 'NONE',  ( 0.000000000000000000, 0.000000000000000000, 0.000000000000000000 ) ) ;
#644 = CARTESIAN_POINT ( 'NONE',  ( -0.09881669239732052135, 0.2979045917271597732, -0.1349665057355108888 ) ) ;
#645 = CARTESIAN_POINT ( 'NONE',  ( -0.1623040706585915371, 0.3000598532811609709, -0.05308746244899265054 ) ) ;
#646 = DIRECTION ( 'NONE',  ( 0.000000000000000000, 0.000000000000000000, 1.000000000000000000 ) ) ;
#647 = CARTESIAN_POINT ( 'NONE',  ( 0.1625499182847537361, 0.3001791211019943506, -0.05318339498372615798 ) ) ;
#648 = ORIENTED_EDGE ( 'NONE', *, *, #1014, .F. ) ;
#649 = CARTESIAN_POINT ( 'NONE',  ( -0.2562500000000000888, 0.8000000000000000444, -0.08635819890513973807 ) ) ;
#650 = CARTESIAN_POINT ( 'NONE',  ( 0.2562499999999998668, 0.7999999999999987121, 0.1420619179151647316 ) ) ;
#651 = EDGE_LOOP ( 'NONE', ( #1430, #2136 ) ) ;
#652 = EDGE_CURVE ( 'NONE', #1801, #1931, #1040, .T. ) ;
#653 = CARTESIAN_POINT ( 'NONE',  ( -0.03826064869218923775, 0.4091181617479278665, -0.1558452122666558470 ) ) ;
#654 = CARTESIAN_POINT ( 'NONE',  ( -0.2562499999999999778, 0.4483893777941070913, 0.1479460064798416297 ) ) ;
#655 = DIRECTION ( 'NONE',  ( 0.000000000000000000, -1.000000000000000000, 0.000000000000000000 ) ) ;
#656 = CARTESIAN_POINT ( 'NONE',  ( 0.1703882516928544588, 0.4015288442399832514, 0.0006466386482114278370 ) ) ;
#657 = CARTESIAN_POINT ( 'NONE',  ( 0.02713562172233852099, 0.3000393700787401530, 0.02749999999999998973 ) ) ;
#658 = ORIENTED_EDGE ( 'NONE', *, *, #128, .T. ) ;
#659 = B_SPLINE_CURVE_WITH_KNOTS ( 'NONE', 3,
 ( #1835, #694, #1034, #874, #1671, #1689, #235, #194, #68, #851, #1548, #542, #1848, #2045, #736, #725, #1678, #1379 ),
 .UNSPECIFIED., .F., .F.,
 ( 4, 2, 2, 2, 2, 2, 2, 2, 4 ),
 ( 9.377565376205880051E-18, 0.0007552499076407442934, 0.001510499815281479263, 0.002265749722922214340, 0.003020999630562949418, 0.003776249538203684496, 0.004531499445844419140, 0.005286749353485154651, 0.006041999261125889295 ),
 .UNSPECIFIED. ) ;
#660 = CARTESIAN_POINT ( 'NONE',  ( 0.2562500000000002554, 0.4556894599498303999, 0.1273449957329170767 ) ) ;
#661 = FACE_OUTER_BOUND ( 'NONE', #1611, .T. ) ;
#662 = EDGE_CURVE ( 'NONE', #237, #921, #46, .T. ) ;
#663 = CARTESIAN_POINT ( 'NONE',  ( -0.1265001023353233001, 0.4032931620150508323, -0.1127501023353234683 ) ) ;
#664 = DIRECTION ( 'NONE',  ( 0.000000000000000000, 0.000000000000000000, 1.000000000000000000 ) ) ;
#665 = AXIS2_PLACEMENT_3D ( 'NONE', #159, #1153, #991 ) ;
#666 = LINE ( 'NONE', #491, #1365 ) ;
#667 = CARTESIAN_POINT ( 'NONE',  ( -0.1703882516928543200, 0.4052898922163236106, 0.002956394529179813893 ) ) ;
#668 = CARTESIAN_POINT ( 'NONE',  ( 0.03374999999999999528, 0.2999999999999999889, -0.02999999999999998848 ) ) ;
#669 = ORIENTED_EDGE ( 'NONE', *, *, #1196, .T. ) ;
#670 = CARTESIAN_POINT ( 'NONE',  ( 0.01749015748031388165, 0.4108299269199196524, 0.1566382516928545299 ) ) ;
#671 = CARTESIAN_POINT ( 'NONE',  ( 0.03374999999999999528, 0.3000393700787401530, -0.02999999999999998848 ) ) ;
#672 = AXIS2_PLACEMENT_3D ( 'NONE', #282, #59, #1736 ) ;
#673 = CARTESIAN_POINT ( 'NONE',  ( 0.1185799418258896565, 0.2998660994496101795, 0.1188551784903443542 ) ) ;
#674 = CARTESIAN_POINT ( 'NONE',  ( 3.414809992080329023E-17, 0.7999999999999999334, -0.2958920129596832593 ) ) ;
#675 = CARTESIAN_POINT ( 'NONE',  ( -0.1018769106648518830, 0.2999999999999999889, 0.1566382516928545021 ) ) ;
#676 = LINE ( 'NONE', #1325, #1805 ) ;
#677 = CARTESIAN_POINT ( 'NONE',  ( -0.000000000000000000, 0.4537839366743200431, 0.2958920129596832593 ) ) ;
#678 = EDGE_CURVE ( 'NONE', #107, #1767, #745, .T. ) ;
#679 = PRESENTATION_LAYER_ASSIGNMENT (  '', '', ( #256 ) ) ;
#680 = DIRECTION ( 'NONE',  ( 0.000000000000000000, 0.000000000000000000, -1.000000000000000000 ) ) ;
#681 = CARTESIAN_POINT ( 'NONE',  ( 0.1703882516928545698, 0.2968944310200160031, 0.003258718014888793615 ) ) ;
#682 = CARTESIAN_POINT ( 'NONE',  ( 0.2562499999999999778, 0.8000000000000003775, -0.06345753678991697400 ) ) ;
#683 = AXIS2_PLACEMENT_3D ( 'NONE', #1751, #1415, #2086 ) ;
#684 = CARTESIAN_POINT ( 'NONE',  ( 0.005830052493438250827, 0.2999999999999999889, -0.1566382516928545854 ) ) ;
#685 = CARTESIAN_POINT ( 'NONE',  ( -0.04874999999999999473, 0.2999999999999999889, -0.006771243444677038821 ) ) ;
#686 = CARTESIAN_POINT ( 'NONE',  ( -0.1703882516928545698, 0.2989648103400053269, -0.003258718014888154803 ) ) ;
#687 = DIRECTION ( 'NONE',  ( -0.1736481776669306920, -0.9848077530122080203, -0.000000000000000000 ) ) ;
#688 = EDGE_LOOP ( 'NONE', ( #1235, #980, #1747, #1462 ) ) ;
#689 = CARTESIAN_POINT ( 'NONE',  ( -0.1703882516928547086, 0.2979696605774072027, -5.002446282671908168E-07 ) ) ;
#690 = CARTESIAN_POINT ( 'NONE',  ( 0.1703882516928545421, 0.4028501266489125654, 0.002072052271911462972 ) ) ;
#691 = EDGE_CURVE ( 'NONE', #292, #453, #906, .T. ) ;
#692 = CARTESIAN_POINT ( 'NONE',  ( 3.414809992080329023E-17, 0.4537839366743200431, -0.2958920129596832593 ) ) ;
#693 = DIRECTION ( 'NONE',  ( 0.000000000000000000, -1.000000000000000000, 0.000000000000000000 ) ) ;
#694 = CARTESIAN_POINT ( 'NONE',  ( -0.02759201273151629802, 0.2999999999999999334, 0.1566382516928544744 ) ) ;
#695 = DIRECTION ( 'NONE',  ( -0.000000000000000000, -1.000000000000000000, -0.000000000000000000 ) ) ;
#696 = CARTESIAN_POINT ( 'NONE',  ( -0.1703882516928548752, 0.2989787544695003962, -0.001335416423958397329 ) ) ;
#697 = CARTESIAN_POINT ( 'NONE',  ( 0.1703882516928545421, 0.2979321226818660295, 0.002858234250823156811 ) ) ;
#698 = CARTESIAN_POINT ( 'NONE',  ( 0.1703882516928547641, 0.2979446145550594394, -0.0009800650940371350827 ) ) ;
#699 = EDGE_CURVE ( 'NONE', #806, #165, #1253, .T. ) ;
#700 = CARTESIAN_POINT ( 'NONE',  ( 0.06683745456449323441, 0.3000598285476000493, 0.1485540688203065840 ) ) ;
#701 = CYLINDRICAL_SURFACE ( 'NONE', #1645, 0.01000000000000000021 ) ;
#702 = EDGE_CURVE ( 'NONE', #1064, #763, #1228, .T. ) ;
#703 = DIRECTION ( 'NONE',  ( 0.000000000000000000, -0.000000000000000000, 1.000000000000000000 ) ) ;
#704 = CONICAL_SURFACE ( 'NONE', #1252, 0.09999999999999999167, 0.1745329251994333086 ) ;
#705 = CARTESIAN_POINT ( 'NONE',  ( 0.08541666666666672403, 0.7999999999999999334, 0.2465766774664026884 ) ) ;
#706 = CARTESIAN_POINT ( 'NONE',  ( 0.02052124344467704323, 0.2999999999999999889, -0.02499999999999999098 ) ) ;
#707 = CARTESIAN_POINT ( 'NONE',  ( -0.2562499999999999223, 0.7999999999999997113, 0.04234342956486583653 ) ) ;
#708 = CARTESIAN_POINT ( 'NONE',  ( 0.2562499999999999778, 0.4563459925251460159, 0.09378221404223931190 ) ) ;
#709 = CARTESIAN_POINT ( 'NONE',  ( 0.1703882516928545421, 0.4017819616462283694, -0.0003206750014614785367 ) ) ;
#710 = VECTOR ( 'NONE', #1096, 39.37007874015748143 ) ;
#711 = DIRECTION ( 'NONE',  ( 0.1736481776669307198, -0.9848077530122080203, 1.265632151547006156E-15 ) ) ;
#712 = FACE_OUTER_BOUND ( 'NONE', #950, .T. ) ;
#713 = EDGE_CURVE ( 'NONE', #89, #1781, #1470, .T. ) ;
#714 = LINE ( 'NONE', #1042, #770 ) ;
#715 = LINE ( 'NONE', #1371, #1425 ) ;
#716 = CARTESIAN_POINT ( 'NONE',  ( 0.02713562172233852099, 0.2999999999999999889, 0.02749999999999998973 ) ) ;
#717 = CARTESIAN_POINT ( 'NONE',  ( -0.1703882516928545976, 0.2979446145550587177, 0.0009800650940373295886 ) ) ;
#718 = CARTESIAN_POINT ( 'NONE',  ( 0.1703882516928545698, 0.2999999999999999889, 0.01020747836997660564 ) ) ;
#719 = CARTESIAN_POINT ( 'NONE',  ( 0.1703882516928545698, 0.2969336358205911242, -0.0006447676059046851234 ) ) ;
#720 = DIRECTION ( 'NONE',  ( -1.000000000000000000, 0.000000000000000000, -0.000000000000000000 ) ) ;
#721 = LENGTH_MEASURE_WITH_UNIT ( LENGTH_MEASURE( 0.02539999999999999897 ), #1067 );
#722 = CARTESIAN_POINT ( 'NONE',  ( -0.02052124344467704323, 0.2999999999999999889, -0.02499999999999999098 ) ) ;
#723 = EDGE_CURVE ( 'NONE', #626, #2081, #1725, .T. ) ;
#724 = DIRECTION ( 'NONE',  ( -0.000000000000000000, -1.000000000000000000, -0.000000000000000000 ) ) ;
#725 = CARTESIAN_POINT ( 'NONE',  ( -0.1693998260410838619, 0.3000940101960541395, 0.02392671590735274273 ) ) ;
#726 = DIRECTION ( 'NONE',  ( -0.9848077530122080203, -0.1736481776669306920, 0.000000000000000000 ) ) ;
#727 = CARTESIAN_POINT ( 'NONE',  ( -0.1703882516928545698, 0.2969336358205919013, 0.0006447676059049155164 ) ) ;
#728 = CARTESIAN_POINT ( 'NONE',  ( -0.1703882516928544588, 0.2968363900839102176, 0.003465273537563060956 ) ) ;
#729 = CARTESIAN_POINT ( 'NONE',  ( 0.1018769106648511891, 0.2968678717534282141, -0.1566382516928549185 ) ) ;
#730 = FACE_OUTER_BOUND ( 'NONE', #1554, .T. ) ;
#731 = CARTESIAN_POINT ( 'NONE',  ( 0.04874999999999999473, 0.2999999999999999889, -0.006771243444677038821 ) ) ;
#732 = VERTEX_POINT ( 'NONE', #270 ) ;
#733 = CARTESIAN_POINT ( 'NONE',  ( 0.2562499999999999223, 0.4483893777941068137, -0.1479460064798417684 ) ) ;
#734 = DIRECTION ( 'NONE',  ( 0.000000000000000000, 1.000000000000000000, -0.000000000000000000 ) ) ;
#735 = AXIS2_PLACEMENT_3D ( 'NONE', #66, #1085, #2103 ) ;
#736 = CARTESIAN_POINT ( 'NONE',  ( -0.1654623297640000767, 0.3001807469468230627, 0.04365204004502913626 ) ) ;
#737 = LINE ( 'NONE', #1264, #473 ) ;
#738 = EDGE_CURVE ( 'NONE', #1204, #1064, #258, .T. ) ;
#739 = ORIENTED_EDGE ( 'NONE', *, *, #317, .T. ) ;
#740 = CARTESIAN_POINT ( 'NONE',  ( 0.03874999999999999972, 0.3000393700787401530, 0.000000000000000000 ) ) ;
#741 = CIRCLE ( 'NONE', #1020, 0.01000000000000000021 ) ;
#742 = ORIENTED_EDGE ( 'NONE', *, *, #1556, .T. ) ;
#743 = CARTESIAN_POINT ( 'NONE',  ( 0.02052124344467704323, 0.2999999999999999889, 0.02499999999999999098 ) ) ;
#744 = DIRECTION ( 'NONE',  ( 0.000000000000000000, 0.000000000000000000, -1.000000000000000000 ) ) ;
#745 = LINE ( 'NONE', #1772, #1878 ) ;
#746 = LINE ( 'NONE', #769, #1206 ) ;
#747 = EDGE_LOOP ( 'NONE', ( #944, #2054, #930, #753 ) ) ;
#748 = ADVANCED_FACE ( 'NONE', ( #1263 ), #1891, .F. ) ;
#749 = CARTESIAN_POINT ( 'NONE',  ( -0.1703882516928547364, 0.3000000000000001554, -0.003398305071320039186 ) ) ;
#750 = DIRECTION ( 'NONE',  ( 0.000000000000000000, 0.000000000000000000, -1.000000000000000000 ) ) ;
#751 = CARTESIAN_POINT ( 'NONE',  ( 0.1703882516928544588, 0.2978942021556734709, -0.002956394529179791342 ) ) ;
#752 = ORIENTED_EDGE ( 'NONE', *, *, #778, .F. ) ;
#753 = ORIENTED_EDGE ( 'NONE', *, *, #790, .T. ) ;
#754 = CARTESIAN_POINT ( 'NONE',  ( -0.04124999999999999500, 0.3000393700787401530, -0.01338562172233851051 ) ) ;
#755 = CARTESIAN_POINT ( 'NONE',  ( 0.000000000000000000, 0.000000000000000000, -0.1037401574803149540 ) ) ;
#756 = CARTESIAN_POINT ( 'NONE',  ( 0.2562500000000000333, 0.7999999999999999334, 0.1067439849859925516 ) ) ;
#757 = DIRECTION ( 'NONE',  ( 0.000000000000000000, 0.000000000000000000, 1.000000000000000000 ) ) ;
#758 = ORIENTED_EDGE ( 'NONE', *, *, #1003, .F. ) ;
#759 = CARTESIAN_POINT ( 'NONE',  ( -0.1703882516928539870, 0.4048708370833553616, 0.002386044132501179658 ) ) ;
#760 = CIRCLE ( 'NONE', #1972, 0.01000000000000000021 ) ;
#761 = DIRECTION ( 'NONE',  ( -1.000000000000000000, 0.000000000000000000, -0.000000000000000000 ) ) ;
#762 = EDGE_CURVE ( 'NONE', #1610, #613, #1427, .T. ) ;
#763 = VERTEX_POINT ( 'NONE', #1924 ) ;
#764 = CARTESIAN_POINT ( 'NONE',  ( 0.1703882516928547364, 0.2989488822194497630, -0.002654242796406513019 ) ) ;
#765 = ORIENTED_EDGE ( 'NONE', *, *, #1058, .T. ) ;
#766 = CARTESIAN_POINT ( 'NONE',  ( -0.2562500000000000333, 0.7999999999999999334, -0.1479460064798414909 ) ) ;
#767 = CARTESIAN_POINT ( 'NONE',  ( -0.03374999999999999528, 0.000000000000000000, -0.01999999999999998654 ) ) ;
#768 = CARTESIAN_POINT ( 'NONE',  ( -0.2562499999999999778, 0.7999999999999999334, 0.1479460064798416297 ) ) ;
#769 = CARTESIAN_POINT ( 'NONE',  ( 0.02052124344467704323, 0.3000393700787401530, 0.02499999999999999098 ) ) ;
#770 = VECTOR ( 'NONE', #693, 39.37007874015748143 ) ;
#771 = ORIENTED_EDGE ( 'NONE', *, *, #196, .T. ) ;
#772 = CARTESIAN_POINT ( 'NONE',  ( -0.1703882516928548196, 0.2978920618825975919, 0.003189518059892030698 ) ) ;
#773 = CARTESIAN_POINT ( 'NONE',  ( 0.1703882516928545698, 0.2978905330853786060, -0.003499437747600794846 ) ) ;
#774 = ORIENTED_EDGE ( 'NONE', *, *, #951, .T. ) ;
#775 = VERTEX_POINT ( 'NONE', #2072 ) ;
#776 = CARTESIAN_POINT ( 'NONE',  ( 0.2562499999999999778, 0.7999999999999999334, -0.1479460064798417684 ) ) ;
#777 = AXIS2_PLACEMENT_3D ( 'NONE', #114, #2105, #780 ) ;
#778 = EDGE_CURVE ( 'NONE', #1421, #1204, #1570, .T. ) ;
#779 = CARTESIAN_POINT ( 'NONE',  ( -0.1487165057355107067, 0.2969254649156846115, -0.08506669239732099486 ) ) ;
#780 = DIRECTION ( 'NONE',  ( 0.000000000000000000, 0.000000000000000000, -1.000000000000000000 ) ) ;
#781 = CARTESIAN_POINT ( 'NONE',  ( -0.2562500000000001443, 0.4532397068352106984, 0.1167468729788143367 ) ) ;
#782 = VERTEX_POINT ( 'NONE', #573 ) ;
#783 = CARTESIAN_POINT ( 'NONE',  ( -0.1703882516928543200, 0.3000000000000004885, 0.002956394529179813893 ) ) ;
#784 = CARTESIAN_POINT ( 'NONE',  ( 0.1265001023353232168, 0.4032931620150506102, 0.1127501023353241622 ) ) ;
#785 = CARTESIAN_POINT ( 'NONE',  ( 0.1703882516928545698, 0.2989451681333822886, -0.003740157480313865968 ) ) ;
#786 = ORIENTED_EDGE ( 'NONE', *, *, #1914, .T. ) ;
#787 = ORIENTED_EDGE ( 'NONE', *, *, #481, .T. ) ;
#788 = DIRECTION ( 'NONE',  ( -1.000000000000000000, 0.000000000000000000, 0.000000000000000000 ) ) ;
#789 = DIRECTION ( 'NONE',  ( -1.000000000000000000, 0.000000000000000000, 1.340771175351984093E-16 ) ) ;
#790 = EDGE_CURVE ( 'NONE', #453, #909, #940, .T. ) ;
#791 = PLANE ( 'NONE',  #2021 ) ;
#792 = ORIENTED_EDGE ( 'NONE', *, *, #1089, .T. ) ;
#793 = CARTESIAN_POINT ( 'NONE',  ( 0.03826064869218914061, 0.2978176367650412493, 0.1558452122666556527 ) ) ;
#794 = ORIENTED_EDGE ( 'NONE', *, *, #2093, .T. ) ;
#795 = EDGE_LOOP ( 'NONE', ( #1057, #1965, #437, #136 ) ) ;
#796 = VECTOR ( 'NONE', #1516, 39.37007874015748143 ) ;
#797 = CARTESIAN_POINT ( 'NONE',  ( -0.1695952122666559425, 0.4029098165098947137, -0.02451064869218980494 ) ) ;
#798 = LINE ( 'NONE', #1978, #188 ) ;
#799 = CARTESIAN_POINT ( 'NONE',  ( 1.913510623667738847E-17, 0.7999999999999999334, 0.1562500000000000000 ) ) ;
#800 = CARTESIAN_POINT ( 'NONE',  ( 0.2562499999999999778, 0.7999999999999994893, 0.04211299933533699941 ) ) ;
#801 = CARTESIAN_POINT ( 'NONE',  ( 0.1693998260410838896, 0.3000940101960539175, -0.02392671590735285722 ) ) ;
#802 = EDGE_LOOP ( 'NONE', ( #1893, #966, #976, #1307, #1640, #1496, #2141, #465, #384, #1896, #575, #792, #1793, #658, #1966, #1258, #439, #305 ) ) ;
#803 = CARTESIAN_POINT ( 'NONE',  ( -0.2562499999999999778, 0.4553537803110065951, -0.1023677921262289847 ) ) ;
#804 = CARTESIAN_POINT ( 'NONE',  ( 0.2562499999999998113, 0.7999999999999986011, 0.1230488702382481342 ) ) ;
#805 = VECTOR ( 'NONE', #213, 39.37007874015748143 ) ;
#806 = VERTEX_POINT ( 'NONE', #756 ) ;
#807 = CARTESIAN_POINT ( 'NONE',  ( -0.2562500000000000333, 1.499999999999999778, -0.1479460064798414909 ) ) ;
#808 = ORIENTED_EDGE ( 'NONE', *, *, #365, .F. ) ;
#809 = ORIENTED_EDGE ( 'NONE', *, *, #879, .F. ) ;
#810 = CARTESIAN_POINT ( 'NONE',  ( -0.2562499999999997002, 0.4583849906316174172, -0.1230488702382480093 ) ) ;
#811 = CARTESIAN_POINT ( 'NONE',  ( -0.01749015748031500575, 0.2968840554300688495, 0.1566382516928545021 ) ) ;
#812 =( GEOMETRIC_REPRESENTATION_CONTEXT ( 3 ) GLOBAL_UNCERTAINTY_ASSIGNED_CONTEXT ( ( #819 ) ) GLOBAL_UNIT_ASSIGNED_CONTEXT ( ( #2067, #1203, #265 ) ) REPRESENTATION_CONTEXT ( 'NONE', 'WORKASPACE' ) );
#813 = CARTESIAN_POINT ( 'NONE',  ( 0.1703882516928545698, 0.2999999999999999889, -0.003740157480314413706 ) ) ;
#814 = ORIENTED_EDGE ( 'NONE', *, *, #1014, .T. ) ;
#815 = AXIS2_PLACEMENT_3D ( 'NONE', #139, #1817, #1483 ) ;
#816 = CARTESIAN_POINT ( 'NONE',  ( 0.09881669239732014665, 0.2979045917271594401, 0.1349665057355105835 ) ) ;
#817 = CYLINDRICAL_SURFACE ( 'NONE', #53, 0.1562500000000000000 ) ;
#818 = EDGE_CURVE ( 'NONE', #1410, #131, #358, .T. ) ;
#819 = UNCERTAINTY_MEASURE_WITH_UNIT (LENGTH_MEASURE( 1.000000000000000082E-05 ), #2067, 'distance_accuracy_value', 'NONE');
#820 = CARTESIAN_POINT ( 'NONE',  ( -0.1265001023353233001, 0.2999999999999997113, -0.1127501023353234683 ) ) ;
#821 = CARTESIAN_POINT ( 'NONE',  ( -0.1184554356184114449, 0.2998692058766164181, -0.1189651208933247967 ) ) ;
#822 = CARTESIAN_POINT ( 'NONE',  ( -0.03874999999999999972, 0.2999999999999999889, -0.000000000000000000 ) ) ;
#823 = CARTESIAN_POINT ( 'NONE',  ( 0.2562499999999999223, 0.4607531196000824170, 0.04211299933533699941 ) ) ;
#824 = CARTESIAN_POINT ( 'NONE',  ( 0.05694891103071147292, 0.3001796519033704258, -0.1518237706691977218 ) ) ;
#825 = CARTESIAN_POINT ( 'NONE',  ( 0.000000000000000000, 0.3000393700787401530, 0.02499999999999999098 ) ) ;
#826 = ORIENTED_EDGE ( 'NONE', *, *, #1221, .T. ) ;
#827 = CARTESIAN_POINT ( 'NONE',  ( 0.1265001023353232168, 0.2979341367596984869, 0.1127501023353241760 ) ) ;
#828 = CYLINDRICAL_SURFACE ( 'NONE', #1716, 0.009999999999999995004 ) ;
#829 = CARTESIAN_POINT ( 'NONE',  ( 0.1693674473168109706, 0.2998957584530935194, 0.02389724319912106543 ) ) ;
#830 = ADVANCED_FACE ( 'NONE', ( #918 ), #1414, .T. ) ;
#831 = CARTESIAN_POINT ( 'NONE',  ( -0.1703882516928545698, 0.2968355044001469434, 0.003740157480313813058 ) ) ;
#832 = CARTESIAN_POINT ( 'NONE',  ( 0.09396147068854177054, 0.3000104556787787091, -0.1365176119065656668 ) ) ;
#833 = CARTESIAN_POINT ( 'NONE',  ( -0.2562499999999999778, 0.7999999999999999334, 0.1479460064798416297 ) ) ;
#834 = ORIENTED_EDGE ( 'NONE', *, *, #1172, .F. ) ;
#835 = DIRECTION ( 'NONE',  ( 0.000000000000000000, -1.000000000000000000, 0.000000000000000000 ) ) ;
#836 = CARTESIAN_POINT ( 'NONE',  ( 0.1703882516928545421, 0.2969020415651698608, 0.002709516496400275407 ) ) ;
#837 = CARTESIAN_POINT ( 'NONE',  ( 0.1703882516928545698, 0.2979557572137272459, -0.0006447676059046851234 ) ) ;
#838 = AXIS2_PLACEMENT_3D ( 'NONE', #1086, #1890, #419 ) ;
#839 = AXIS2_PLACEMENT_3D ( 'NONE', #1769, #441, #583 ) ;
#840 = CARTESIAN_POINT ( 'NONE',  ( 0.02052124344467704323, 0.000000000000000000, -0.03499999999999998945 ) ) ;
#841 = CARTESIAN_POINT ( 'NONE',  ( -0.1703882516928545698, 0.2989451681333822886, 0.003740157480313813058 ) ) ;
#842 = EDGE_CURVE ( 'NONE', #1553, #1790, #1669, .T. ) ;
#843 = CARTESIAN_POINT ( 'NONE',  ( -0.1703882516928545698, 0.2979296206800106650, -0.003258718014888154803 ) ) ;
#844 = CARTESIAN_POINT ( 'NONE',  ( 0.04374999999999996253, 0.7999999999999999334, 0.1000000000000001998 ) ) ;
#845 = CARTESIAN_POINT ( 'NONE',  ( 0.02713562172233852099, 0.3000393700787401530, -0.02749999999999998973 ) ) ;
#846 = CARTESIAN_POINT ( 'NONE',  ( -0.2562500000000001443, 0.4553405369854366946, 0.1012875700897820225 ) ) ;
#847 = CARTESIAN_POINT ( 'NONE',  ( 0.1703882516928545698, 0.2979296206800106650, 0.003258718014888793615 ) ) ;
#848 = CARTESIAN_POINT ( 'NONE',  ( 0.01749015748031387471, 0.4108299269199196524, 0.1566382516928545299 ) ) ;
#849 = CARTESIAN_POINT ( 'NONE',  ( -0.01749015748031384695, 0.2999999999999999889, -0.1566382516928545854 ) ) ;
#850 = CARTESIAN_POINT ( 'NONE',  ( -0.02052124344467704323, 0.000000000000000000, 0.02499999999999999098 ) ) ;
#851 = CARTESIAN_POINT ( 'NONE',  ( -0.1325773977635258671, 0.2998295710199099240, 0.1048540474149947943 ) ) ;
#852 = ADVANCED_FACE ( 'NONE', ( #179 ), #1740, .T. ) ;
#853 = DIRECTION ( 'NONE',  ( 0.4999999999999999445, 0.000000000000000000, -0.8660254037844387076 ) ) ;
#854 = CARTESIAN_POINT ( 'NONE',  ( -0.1703882516928544588, 0.4014343007096550786, -0.0003194750796320292149 ) ) ;
#855 = CARTESIAN_POINT ( 'NONE',  ( 0.1703882516928547364, 0.4025209587459875338, 0.001698584890128516630 ) ) ;
#856 = EDGE_CURVE ( 'NONE', #459, #472, #1535, .T. ) ;
#857 =( NAMED_UNIT ( * ) PLANE_ANGLE_UNIT ( ) SI_UNIT ( $, .RADIAN. ) );
#858 = CARTESIAN_POINT ( 'NONE',  ( 0.1703882516928545421, 0.2979696605774066476, 5.002446285684877418E-07 ) ) ;
#859 = DIRECTION ( 'NONE',  ( 0.000000000000000000, -0.9848077530122080203, -0.1736481776669306920 ) ) ;
#860 = CARTESIAN_POINT ( 'NONE',  ( 0.1703882516928545976, 0.2979096394047457963, -0.002057307070536227005 ) ) ;
#861 = CARTESIAN_POINT ( 'NONE',  ( 0.000000000000000000, 1.499999999999999778, 0.000000000000000000 ) ) ;
#862 = FACE_OUTER_BOUND ( 'NONE', #1565, .T. ) ;
#863 = CARTESIAN_POINT ( 'NONE',  ( -0.2562499999999999778, 1.499999999999999778, 0.1479460064798416297 ) ) ;
#864 = CARTESIAN_POINT ( 'NONE',  ( -0.2562499999999998668, 0.4616100962345287551, 0.02060101074692471251 ) ) ;
#865 = CARTESIAN_POINT ( 'NONE',  ( 0.1703882516928546809, 0.4034821679190208621, 0.003398305071320632028 ) ) ;
#866 = CARTESIAN_POINT ( 'NONE',  ( 0.1703882516928543200, 0.2968980648328686245, -0.001329567043302776544 ) ) ;
#867 = EDGE_CURVE ( 'NONE', #1376, #313, #2133, .T. ) ;
#868 = CARTESIAN_POINT ( 'NONE',  ( 0.01749015748031440901, 0.2999999999999999889, 0.1566382516928545299 ) ) ;
#869 = DIRECTION ( 'NONE',  ( 1.340771175351984093E-16, -0.000000000000000000, 1.000000000000000000 ) ) ;
#870 = CIRCLE ( 'NONE', #11, 0.01000000000000000021 ) ;
#871 = CARTESIAN_POINT ( 'NONE',  ( 0.2562500000000000333, 0.7999999999999999334, 0.1479460064798415186 ) ) ;
#872 = CARTESIAN_POINT ( 'NONE',  ( -0.02758120441369204395, 0.3000000000000001554, -0.1566382516928547242 ) ) ;
#873 = AXIS2_PLACEMENT_3D ( 'NONE', #825, #1269, #761 ) ;
#874 = CARTESIAN_POINT ( 'NONE',  ( -0.05694891103071233335, 0.3001796519033705923, 0.1518237706691974442 ) ) ;
#875 = CARTESIAN_POINT ( 'NONE',  ( 0.04374999999999992784, 0.7999999999999999334, -0.09999999999999992228 ) ) ;
#876 = CARTESIAN_POINT ( 'NONE',  ( -0.1703882516928546809, 0.3000000000000000444, 0.0003206750014617446541 ) ) ;
#877 = CARTESIAN_POINT ( 'NONE',  ( 0.1703882516928545421, 0.2969144962005319521, 0.002072052271911462972 ) ) ;
#878 = PLANE ( 'NONE',  #44 ) ;
#879 = EDGE_CURVE ( 'NONE', #775, #1106, #798, .T. ) ;
#880 = CARTESIAN_POINT ( 'NONE',  ( -0.2545629328360173860, 0.7199893631854791254, -0.06138378202930298844 ) ) ;
#881 = ORIENTED_EDGE ( 'NONE', *, *, #1233, .F. ) ;
#882 = AXIS2_PLACEMENT_3D ( 'NONE', #1532, #1676, #1357 ) ;
#883 = DIRECTION ( 'NONE',  ( 0.000000000000000000, 0.000000000000000000, 1.000000000000000000 ) ) ;
#884 = CARTESIAN_POINT ( 'NONE',  ( 0.000000000000000000, 1.499999999999999778, 0.2958920129596832593 ) ) ;
#885 = VERTEX_POINT ( 'NONE', #163 ) ;
#886 = CARTESIAN_POINT ( 'NONE',  ( -0.2562499999999999223, 0.4618856643011496899, -0.001141408071016423217 ) ) ;
#887 = CARTESIAN_POINT ( 'NONE',  ( -0.2562500000000000333, 0.7999999999999999334, 0.1458454036663782705 ) ) ;
#888 = CARTESIAN_POINT ( 'NONE',  ( -0.1562578185457019209, 0.9000122164897350618, 0.006607472948156003882 ) ) ;
#889 = DIRECTION ( 'NONE',  ( 0.8660254037844384856, 0.000000000000000000, -0.5000000000000002220 ) ) ;
#890 = ORIENTED_EDGE ( 'NONE', *, *, #207, .F. ) ;
#891 = CARTESIAN_POINT ( 'NONE',  ( -0.1174901574803149662, 0.000000000000000000, -0.003740157480314245005 ) ) ;
#892 = ADVANCED_FACE ( 'NONE', ( #1989 ), #499, .F. ) ;
#893 = DIRECTION ( 'NONE',  ( 1.000000000000000000, 0.000000000000000000, 0.000000000000000000 ) ) ;
#894 = CARTESIAN_POINT ( 'NONE',  ( -0.005830052493438253429, 0.2999999999999999889, 0.1566382516928545021 ) ) ;
#895 = CARTESIAN_POINT ( 'NONE',  ( 0.02052124344467704323, 0.000000000000000000, 0.03499999999999998945 ) ) ;
#896 = AXIS2_PLACEMENT_3D ( 'NONE', #863, #853, #28 ) ;
#897 = EDGE_LOOP ( 'NONE', ( #272, #901, #615, #241, #752, #739, #2108 ) ) ;
#898 = CYLINDRICAL_SURFACE ( 'NONE', #137, 0.009999999999999995004 ) ;
#899 = CARTESIAN_POINT ( 'NONE',  ( 0.03874999999999999972, 0.2999999999999999889, -0.006771243444677038821 ) ) ;
#900 = CARTESIAN_POINT ( 'NONE',  ( 0.1703882516928545698, 0.2999999999999999889, -0.003740157480313865968 ) ) ;
#901 = ORIENTED_EDGE ( 'NONE', *, *, #1463, .F. ) ;
#902 = ORIENTED_EDGE ( 'NONE', *, *, #856, .T. ) ;
#903 = CARTESIAN_POINT ( 'NONE',  ( 3.414809992080329023E-17, 0.7999999999999999334, 0.2958920129596832593 ) ) ;
#904 = DIRECTION ( 'NONE',  ( -0.8660254037844383745, 0.000000000000000000, 0.5000000000000003331 ) ) ;
#905 = AXIS2_PLACEMENT_3D ( 'NONE', #861, #1523, #703 ) ;
#906 = LINE ( 'NONE', #283, #953 ) ;
#907 = PLANE ( 'NONE',  #2099 ) ;
#908 = EDGE_CURVE ( 'NONE', #107, #1295, #1812, .T. ) ;
#909 = VERTEX_POINT ( 'NONE', #2013 ) ;
#910 = CARTESIAN_POINT ( 'NONE',  ( 0.1018769106648511891, 0.4044042748857252234, -0.1566382516928549185 ) ) ;
#911 = B_SPLINE_SURFACE_WITH_KNOTS ( 'NONE', 3, 3, ( 
 ( #1389, #1402, #2071, #1923, #1756, #1378, #1481 ),
 ( #982, #315, #1471, #1636, #2104, #1958, #1815 ),
 ( #629, #1794, #1298, #162, #653, #1275, #150 ),
 ( #954, #1458, #2137, #2, #963, #1285, #1436 ),
 ( #1131, #644, #1109, #620, #1311, #1968, #1947 ),
 ( #498, #1623, #1603, #820, #663, #113, #1935 ),
 ( #779, #1322, #467, #1614, #295, #810, #1977 ),
 ( #456, #1771, #126, #489, #1445, #2126, #1802 ),
 ( #324, #1121, #1783, #308, #797, #212, #1368 ),
 ( #996, #202, #19, #1536, #353, #342, #2033 ),
 ( #1662, #843, #686, #35, #1197, #1018, #193 ),
 ( #26, #367, #214, #749, #1394, #2064, #1894 ),
 ( #1903, #1256, #1917, #1477, #1337, #803, #474 ),
 ( #2142, #1650, #1452, #989, #166, #1488, #1464 ),
 ( #1316, #1963, #999, #2120, #1984, #505, #2131 ),
 ( #132, #1125, #1160, #513, #1994, #1823, #649 ),
 ( #1304, #1168, #345, #1137, #1799, #1009, #635 ),
 ( #1291, #1952, #696, #1045, #524, #1673, #1681 ),
 ( #2017, #370, #554, #1838, #205, #1179, #544 ),
 ( #356, #533, #1190, #1850, #1509, #390, #1882 ),
 ( #197, #2004, #2037, #1021, #854, #886, #1029 ),
 ( #1036, #689, #1200, #400, #1517, #864, #378 ),
 ( #1702, #1373, #1527, #876, #61, #40, #707 ),
 ( #727, #1362, #2026, #23, #229, #1859, #1691 ),
 ( #1344, #717, #1209, #219, #1539, #1220, #49 ),
 ( #1550, #1382, #1666, #1870, #2047, #846, #563 ),
 ( #185, #445, #1098, #1713, #1759, #781, #1862 ),
 ( #381, #52, #556, #1211, #1606, #1244, #425 ),
 ( #301, #1157, #1818, #2109, #759, #460, #447 ),
 ( #945, #1418, #1101, #333, #273, #931, #286 ),
 ( #4, #958, #1594, #783, #667, #106, #614 ),
 ( #118, #772, #1268, #1761, #1440, #624, #887 ),
 ( #728, #1192, #1375, #423, #1429, #1901, #1277 ),
 ( #130, #612, #1582, #1266, #84, #96, #1416 ),
 ( #2087, #600, #1147, #183, #1821, #334, #833 ) ),
 .UNSPECIFIED., .F., .F., .F.,
 ( 4, 1, 1, 1, 1, 1, 1, 1, 2, 1, 1, 1, 1, 1, 1, 1, 1, 1, 1, 1, 1, 1, 1, 1, 1, 1, 1, 1, 1, 1, 1, 4 ),
 ( 4, 3, 4 ),
 ( 0.000000000000000000, 0.07834362956643922682, 0.1566872591328784536, 0.2350308886993177082, 0.3133745182657569073, 0.3917181478321962174, 0.4700617773986354164, 0.5484054069650745600, 0.6267490365315138146, 0.6325810828357090188, 0.6384131291399041119, 0.6500772217482944093, 0.6617413143566845957, 0.6734054069650748930, 0.6967335921818554878, 0.7200617773986360826, 0.7433899626154165663, 0.7667181478321971611, 0.7900463330489777558, 0.8133745182657567963, 0.8367027034825360587, 0.8600308886993166535, 0.8833590739160972483, 0.9066872591328778430, 0.9300154443496583268, 0.9533436295664389215, 0.9650077221748292189, 0.9766718147832194052, 0.9883359073916098136, 0.9941679536958050178, 0.9970839768479025089, 1.000000000000000000 ),
 ( -0.01000000000000000021, 0.000000000000000000, 1.000000000000000000 ),
 .UNSPECIFIED. ) ;
#912 = CARTESIAN_POINT ( 'NONE',  ( 0.03374999999999999528, 0.3000393700787401530, -0.01999999999999998654 ) ) ;
#913 = VERTEX_POINT ( 'NONE', #618 ) ;
#914 = AXIS2_PLACEMENT_3D ( 'NONE', #1591, #103, #94 ) ;
#915 = FACE_OUTER_BOUND ( 'NONE', #1078, .T. ) ;
#916 = AXIS2_PLACEMENT_3D ( 'NONE', #895, #60, #757 ) ;
#917 = CARTESIAN_POINT ( 'NONE',  ( 0.03874999999999999972, 0.2999999999999999889, 0.006771243444677038821 ) ) ;
#918 = FACE_OUTER_BOUND ( 'NONE', #1876, .T. ) ;
#919 = CARTESIAN_POINT ( 'NONE',  ( 0.000000000000000000, 1.499999999999999778, 0.000000000000000000 ) ) ;
#920 = EDGE_CURVE ( 'NONE', #1916, #1451, #741, .T. ) ;
#921 = VERTEX_POINT ( 'NONE', #1308 ) ;
#922 = ADVANCED_FACE ( 'NONE', ( #1154 ), #331, .F. ) ;
#923 = CARTESIAN_POINT ( 'NONE',  ( 0.1708333333333333093, 0.4501875640875113160, -0.1972613419731222839 ) ) ;
#924 = CARTESIAN_POINT ( 'NONE',  ( -0.1206459586974815978, 0.8135134109213693065, 0.09930524497727721833 ) ) ;
#925 = CARTESIAN_POINT ( 'NONE',  ( 0.1703882516928547364, 0.4054536638696657480, -0.003465273537563084375 ) ) ;
#926 = ORIENTED_EDGE ( 'NONE', *, *, #856, .F. ) ;
#927 = CARTESIAN_POINT ( 'NONE',  ( -0.02052124344467704323, 0.3000393700787401530, -0.03499999999999998945 ) ) ;
#928 = CARTESIAN_POINT ( 'NONE',  ( 0.2562500000000000333, 1.499999999999999778, 0.1479460064798415186 ) ) ;
#929 = CARTESIAN_POINT ( 'NONE',  ( -0.2562500000000000333, 1.499999999999999778, -0.1067439849859922879 ) ) ;
#930 = ORIENTED_EDGE ( 'NONE', *, *, #1149, .T. ) ;
#931 = CARTESIAN_POINT ( 'NONE',  ( -0.2562500000000000333, 0.4496274064832342376, 0.1399426605377351585 ) ) ;
#932 = VECTOR ( 'NONE', #1913, 39.37007874015748854 ) ;
#933 = DIRECTION ( 'NONE',  ( 0.000000000000000000, 0.000000000000000000, 1.000000000000000000 ) ) ;
#934 = ORIENTED_EDGE ( 'NONE', *, *, #1310, .T. ) ;
#935 = CARTESIAN_POINT ( 'NONE',  ( 0.1703882516928544588, 0.2999999999999999334, -0.002386044132501115040 ) ) ;
#936 = EDGE_CURVE ( 'NONE', #1701, #479, #1194, .T. ) ;
#937 = ORIENTED_EDGE ( 'NONE', *, *, #1145, .F. ) ;
#938 = ORIENTED_EDGE ( 'NONE', *, *, #2032, .T. ) ;
#939 = CYLINDRICAL_SURFACE ( 'NONE', #839, 0.01000000000000000021 ) ;
#940 = LINE ( 'NONE', #1757, #16 ) ;
#941 = LINE ( 'NONE', #271, #363 ) ;
#942 = VECTOR ( 'NONE', #986, 39.37007874015748143 ) ;
#943 = CIRCLE ( 'NONE', #215, 0.009999999999999995004 ) ;
#944 = ORIENTED_EDGE ( 'NONE', *, *, #232, .F. ) ;
#945 = CARTESIAN_POINT ( 'NONE',  ( -0.1703882516928549862, 0.2968466466583483676, 0.002654242796406552484 ) ) ;
#946 = CARTESIAN_POINT ( 'NONE',  ( 0.09881669239732014665, 0.2999999999999999334, 0.1349665057355105835 ) ) ;
#947 = ORIENTED_EDGE ( 'NONE', *, *, #261, .F. ) ;
#948 = CARTESIAN_POINT ( 'NONE',  ( 0.1703882516928545698, 0.2968355044001469434, -0.003740157480313865968 ) ) ;
#949 = ORIENTED_EDGE ( 'NONE', *, *, #307, .T. ) ;
#950 = EDGE_LOOP ( 'NONE', ( #124, #938, #1573, #1417 ) ) ;
#951 = EDGE_CURVE ( 'NONE', #2081, #292, #1609, .T. ) ;
#952 = DIRECTION ( 'NONE',  ( 0.8660254037844383745, 0.000000000000000000, -0.5000000000000004441 ) ) ;
#953 = VECTOR ( 'NONE', #296, 39.37007874015748143 ) ;
#954 = CARTESIAN_POINT ( 'NONE',  ( -0.06612631189501699813, 0.2967907979481941294, -0.1499434085417414853 ) ) ;
#955 = CARTESIAN_POINT ( 'NONE',  ( -0.2557608049715938692, 0.7556532082935690786, 0.08986761741694315742 ) ) ;
#956 = VECTOR ( 'NONE', #1428, 39.37007874015748143 ) ;
#957 = ORIENTED_EDGE ( 'NONE', *, *, #1858, .F. ) ;
#958 = CARTESIAN_POINT ( 'NONE',  ( -0.1703882516928543200, 0.2978942021556740261, 0.002956394529179813893 ) ) ;
#959 = CARTESIAN_POINT ( 'NONE',  ( 0.2562499999999998113, 0.4583849906316169731, 0.1230488702382481342 ) ) ;
#960 = ORIENTED_EDGE ( 'NONE', *, *, #244, .F. ) ;
#961 = ORIENTED_EDGE ( 'NONE', *, *, #699, .T. ) ;
#962 = ORIENTED_EDGE ( 'NONE', *, *, #448, .F. ) ;
#963 = CARTESIAN_POINT ( 'NONE',  ( -0.06612631189501699813, 0.4069734017268591963, -0.1499434085417414575 ) ) ;
#964 = CARTESIAN_POINT ( 'NONE',  ( -0.01749015748031500575, 0.2999999999999999889, 0.1566382516928545021 ) ) ;
#965 = CARTESIAN_POINT ( 'NONE',  ( 0.02759201273151562842, 0.2999999999999999334, -0.1566382516928546131 ) ) ;
#966 = ORIENTED_EDGE ( 'NONE', *, *, #867, .F. ) ;
#967 = CARTESIAN_POINT ( 'NONE',  ( 0.2562500000000000333, 0.4434219942438015760, 0.1336037275992573437 ) ) ;
#968 = ORIENTED_EDGE ( 'NONE', *, *, #365, .T. ) ;
#969 = CIRCLE ( 'NONE', #520, 0.1562500000000000000 ) ;
#970 = EDGE_LOOP ( 'NONE', ( #1955, #1698, #393, #1929 ) ) ;
#971 = ORIENTED_EDGE ( 'NONE', *, *, #32, .T. ) ;
#972 = APPLICATION_PROTOCOL_DEFINITION ( 'draft international standard', 'automotive_design', 1998, #1991 ) ;
#973 = DIRECTION ( 'NONE',  ( 0.000000000000000000, 0.000000000000000000, 1.000000000000000000 ) ) ;
#974 = CARTESIAN_POINT ( 'NONE',  ( -0.02713562172233852099, 0.3000393700787401530, -0.02749999999999998973 ) ) ;
#975 = EDGE_CURVE ( 'NONE', #1701, #107, #507, .T. ) ;
#976 = ORIENTED_EDGE ( 'NONE', *, *, #1782, .T. ) ;
#977 = CARTESIAN_POINT ( 'NONE',  ( 0.2562500000000000333, 0.4324688715691470953, 0.1402189217281810396 ) ) ;
#978 = VECTOR ( 'NONE', #1314, 39.37007874015748143 ) ;
#979 = CIRCLE ( 'NONE', #1734, 0.009999999999999995004 ) ;
#980 = ORIENTED_EDGE ( 'NONE', *, *, #320, .F. ) ;
#981 = ORIENTED_EDGE ( 'NONE', *, *, #920, .T. ) ;
#982 = CARTESIAN_POINT ( 'NONE',  ( -0.02395747836997551630, 0.2966922198441222513, -0.1566382516928546409 ) ) ;
#983 = AXIS2_PLACEMENT_3D ( 'NONE', #566, #1905, #1366 ) ;
#984 = CARTESIAN_POINT ( 'NONE',  ( 0.000000000000000000, 0.7999999999999999334, 0.000000000000000000 ) ) ;
#985 = VECTOR ( 'NONE', #711, 39.37007874015748143 ) ;
#986 = DIRECTION ( 'NONE',  ( 1.154073054532098867E-16, 0.000000000000000000, 1.000000000000000000 ) ) ;
#987 = ORIENTED_EDGE ( 'NONE', *, *, #1162, .T. ) ;
#988 = VECTOR ( 'NONE', #1313, 39.37007874015749564 ) ;
#989 = CARTESIAN_POINT ( 'NONE',  ( -0.1703882516928548752, 0.2999999999999997113, -0.002709516496399725933 ) ) ;
#990 = CARTESIAN_POINT ( 'NONE',  ( 0.06612631189501695650, 0.2967907979481941294, 0.1499434085417418461 ) ) ;
#991 = DIRECTION ( 'NONE',  ( 0.000000000000000000, 0.000000000000000000, 1.000000000000000000 ) ) ;
#992 = EDGE_CURVE ( 'NONE', #2081, #1906, #1327, .T. ) ;
#993 = CARTESIAN_POINT ( 'NONE',  ( 0.03374999999999999528, 0.3000393700787401530, -0.01999999999999998654 ) ) ;
#994 = CYLINDRICAL_SURFACE ( 'NONE', #1331, 0.1000000000000000611 ) ;
#995 = CARTESIAN_POINT ( 'NONE',  ( -0.1693763645084156166, 0.2998947538386351752, -0.02382674413084217430 ) ) ;
#996 = CARTESIAN_POINT ( 'NONE',  ( -0.1703882516928545976, 0.2968879380913075905, -0.01020747836997598461 ) ) ;
#997 = DIRECTION ( 'NONE',  ( -0.000000000000000000, -1.000000000000000000, 0.000000000000000000 ) ) ;
#998 = EDGE_LOOP ( 'NONE', ( #1720, #1612, #395, #947, #488, #808 ) ) ;
#999 = CARTESIAN_POINT ( 'NONE',  ( -0.1703882516928541813, 0.2989690379775757911, -0.002361965639007600030 ) ) ;
#1000 = CARTESIAN_POINT ( 'NONE',  ( 0.1703882516928545421, 0.4033938659066978460, 0.002858234250823156811 ) ) ;
#1001 = DIRECTION ( 'NONE',  ( 0.000000000000000000, -1.000000000000000000, 0.000000000000000000 ) ) ;
#1002 = CARTESIAN_POINT ( 'NONE',  ( -0.1703882516928545698, 0.2999999999999999889, -0.000000000000000000 ) ) ;
#1003 = EDGE_CURVE ( 'NONE', #1290, #1100, #1741, .T. ) ;
#1004 = CARTESIAN_POINT ( 'NONE',  ( 0.04374999999999994171, 0.7999999999999999334, 1.307265257910482348E-16 ) ) ;
#1005 = CARTESIAN_POINT ( 'NONE',  ( 0.000000000000000000, 0.7999999999999999334, 0.2958920129596832593 ) ) ;
#1006 = CARTESIAN_POINT ( 'NONE',  ( -0.2562499999999999778, 1.499999999999999778, 0.1479460064798416297 ) ) ;
#1007 = CARTESIAN_POINT ( 'NONE',  ( -0.01749015748031425288, 0.000000000000000000, 0.1037401574803149401 ) ) ;
#1008 = CARTESIAN_POINT ( 'NONE',  ( 0.2562499999999999223, 0.4595848231667741257, 0.06008554859593344399 ) ) ;
#1009 = CARTESIAN_POINT ( 'NONE',  ( -0.2562500000000001443, 0.4582634708467119289, -0.07554485148496502267 ) ) ;
#1010 = CARTESIAN_POINT ( 'NONE',  ( 0.1703882516928546809, 0.2989690379775758466, 0.002361965639008134325 ) ) ;
#1011 = CARTESIAN_POINT ( 'NONE',  ( 0.01749015748031440901, 0.2999999999999999889, 0.1566382516928545299 ) ) ;
#1012 = VECTOR ( 'NONE', #442, 39.37007874015748143 ) ;
#1013 = CARTESIAN_POINT ( 'NONE',  ( -0.1708333333333333648, 0.7999999999999999334, -0.1972613419731220896 ) ) ;
#1014 = EDGE_CURVE ( 'NONE', #1451, #1225, #1189, .T. ) ;
#1015 = CARTESIAN_POINT ( 'NONE',  ( 0.000000000000000000, 1.499999999999999778, -0.1562500000000000000 ) ) ;
#1016 = CARTESIAN_POINT ( 'NONE',  ( -0.03764721853061238355, 0.2998958263080526709, -0.1556174640769554807 ) ) ;
#1017 = ADVANCED_FACE ( 'NONE', ( #2052 ), #791, .T. ) ;
#1018 = CARTESIAN_POINT ( 'NONE',  ( -0.2562499999999999778, 0.4549367800017778962, -0.1061687663457848291 ) ) ;
#1019 = DIRECTION ( 'NONE',  ( 0.000000000000000000, -1.000000000000000000, 0.000000000000000000 ) ) ;
#1020 = AXIS2_PLACEMENT_3D ( 'NONE', #1142, #1457, #1129 ) ;
#1021 = CARTESIAN_POINT ( 'NONE',  ( -0.1703882516928544588, 0.3000000000000000999, -0.0003194750796320292149 ) ) ;
#1022 = CARTESIAN_POINT ( 'NONE',  ( 0.2562500000000000333, 0.7999999999999997113, 0.1023677921262291651 ) ) ;
#1023 = CARTESIAN_POINT ( 'NONE',  ( 0.2562500000000001443, 0.4618856643011512997, 0.001141408071016841502 ) ) ;
#1024 = CARTESIAN_POINT ( 'NONE',  ( 0.1703882516928545976, 0.4045180297627202215, -0.002057307070536227005 ) ) ;
#1025 = FACE_BOUND ( 'NONE', #651, .T. ) ;
#1026 = CARTESIAN_POINT ( 'NONE',  ( 0.01749015748031387471, 0.4108299269199196524, 0.1566382516928545299 ) ) ;
#1027 = CARTESIAN_POINT ( 'NONE',  ( -0.02713562172233852099, 0.3000393700787401530, 0.02749999999999998973 ) ) ;
#1028 = ADVANCED_FACE ( 'NONE', ( #2066 ), #1080, .F. ) ;
#1029 = CARTESIAN_POINT ( 'NONE',  ( -0.2562499999999999223, 0.7999999999999994893, -0.001141408071016423217 ) ) ;
#1030 = CARTESIAN_POINT ( 'NONE',  ( 0.2562499999999999223, 0.4571662445036209776, 0.08635819890514040420 ) ) ;
#1031 = CARTESIAN_POINT ( 'NONE',  ( 0.2562499999999999778, 0.4615705192000528201, 0.02225551529606781265 ) ) ;
#1032 = CARTESIAN_POINT ( 'NONE',  ( 0.1703882516928545976, 0.3000000000000001554, -0.002057307070536227005 ) ) ;
#1033 = DIRECTION ( 'NONE',  ( 0.000000000000000000, 1.000000000000000000, -0.000000000000000000 ) ) ;
#1034 = CARTESIAN_POINT ( 'NONE',  ( -0.03750159679199344120, 0.3000925680089461256, 0.1556631501856208799 ) ) ;
#1035 = ORIENTED_EDGE ( 'NONE', *, *, #1695, .T. ) ;
#1036 = CARTESIAN_POINT ( 'NONE',  ( -0.1703882516928547086, 0.2969544908661107541, -5.002446282671908168E-07 ) ) ;
#1037 = CARTESIAN_POINT ( 'NONE',  ( 0.2562500000000000333, 0.4550594402699307817, 0.1049684664648576765 ) ) ;
#1038 = ADVANCED_FACE ( 'NONE', ( #577 ), #1397, .F. ) ;
#1039 = CARTESIAN_POINT ( 'NONE',  ( 0.1623218159769057312, 0.3000604063674097710, 0.05303150581271347253 ) ) ;
#1040 = LINE ( 'NONE', #1697, #394 ) ;
#1041 = ORIENTED_EDGE ( 'NONE', *, *, #1766, .F. ) ;
#1042 = CARTESIAN_POINT ( 'NONE',  ( -0.03374999999999999528, 0.3000393700787401530, -0.02999999999999998848 ) ) ;
#1043 = PLANE ( 'NONE',  #422 ) ;
#1044 = EDGE_LOOP ( 'NONE', ( #1093, #1148, #1598, #1866 ) ) ;
#1045 = CARTESIAN_POINT ( 'NONE',  ( -0.1703882516928548752, 0.3000000000000000444, -0.001335416423958397329 ) ) ;
#1046 = ORIENTED_EDGE ( 'NONE', *, *, #1827, .F. ) ;
#1047 = ORIENTED_EDGE ( 'NONE', *, *, #1827, .T. ) ;
#1048 = DIRECTION ( 'NONE',  ( 0.000000000000000000, -1.000000000000000000, 0.000000000000000000 ) ) ;
#1049 = LINE ( 'NONE', #1073, #1012 ) ;
#1050 = CARTESIAN_POINT ( 'NONE',  ( 0.02052124344467704323, 0.3000393700787401530, -0.03499999999999998945 ) ) ;
#1051 = CARTESIAN_POINT ( 'NONE',  ( -0.2562500000000000333, 0.7999999999999999334, -0.09999999999999989453 ) ) ;
#1052 = EDGE_LOOP ( 'NONE', ( #285, #937, #1798, #1544 ) ) ;
#1053 = CARTESIAN_POINT ( 'NONE',  ( 0.03374999999999999528, 0.000000000000000000, 0.01999999999999998654 ) ) ;
#1054 = CARTESIAN_POINT ( 'NONE',  ( -0.2536679629894869059, 0.7032111170225952002, 0.02597142392717453549 ) ) ;
#1055 = CARTESIAN_POINT ( 'NONE',  ( 0.1703882516928545421, 0.2989597191205054516, -0.001709241011697506044 ) ) ;
#1056 = ORIENTED_EDGE ( 'NONE', *, *, #975, .T. ) ;
#1057 = ORIENTED_EDGE ( 'NONE', *, *, #1250, .F. ) ;
#1058 = EDGE_CURVE ( 'NONE', #1420, #775, #1111, .T. ) ;
#1059 = CARTESIAN_POINT ( 'NONE',  ( 0.1703882516928545698, 0.4054831866617680247, -0.003740157480313866401 ) ) ;
#1060 = CARTESIAN_POINT ( 'NONE',  ( 3.414809992080329023E-17, 0.7999999999999999334, -0.2958920129596832593 ) ) ;
#1061 = CARTESIAN_POINT ( 'NONE',  ( -0.2559999698734917173, 0.7677435129495536748, 0.09488069159747961057 ) ) ;
#1062 = DIRECTION ( 'NONE',  ( -0.000000000000000000, -1.000000000000000000, -0.000000000000000000 ) ) ;
#1063 = VECTOR ( 'NONE', #1019, 39.37007874015748143 ) ;
#1064 = VERTEX_POINT ( 'NONE', #221 ) ;
#1065 = CARTESIAN_POINT ( 'NONE',  ( 0.01749015748031430839, 0.2999999999999999889, -0.1566382516928545854 ) ) ;
#1066 = CARTESIAN_POINT ( 'NONE',  ( -0.1437798681018845059, 0.8791667063438965979, -0.06143086429217001210 ) ) ;
#1067 =( LENGTH_UNIT ( ) NAMED_UNIT ( * ) SI_UNIT ( $, .METRE. ) );
#1068 = CARTESIAN_POINT ( 'NONE',  ( 0.2562499999999999778, 0.7999999999999999334, -0.1399426605377352417 ) ) ;
#1069 = EDGE_LOOP ( 'NONE', ( #1746, #1787, #1593, #1780, #794, #570 ) ) ;
#1070 = CARTESIAN_POINT ( 'NONE',  ( -0.2562499999999999778, 1.499999999999999778, 0.1479460064798416297 ) ) ;
#1071 = ADVANCED_FACE ( 'NONE', ( #392 ), #878, .F. ) ;
#1072 = VECTOR ( 'NONE', #1700, 39.37007874015748143 ) ;
#1073 = CARTESIAN_POINT ( 'NONE',  ( -0.1174901574803149662, 0.000000000000000000, -0.000000000000000000 ) ) ;
#1074 = VECTOR ( 'NONE', #2012, 39.37007874015748143 ) ;
#1075 = CARTESIAN_POINT ( 'NONE',  ( -0.2562499999999999778, 1.499999999999999778, 0.1479460064798416297 ) ) ;
#1076 = DIRECTION ( 'NONE',  ( 1.771432683391670764E-15, 0.000000000000000000, 1.000000000000000000 ) ) ;
#1077 = ADVANCED_FACE ( 'NONE', ( #730 ), #2060, .T. ) ;
#1078 = EDGE_LOOP ( 'NONE', ( #987, #1927, #890, #2113 ) ) ;
#1079 = DIRECTION ( 'NONE',  ( -0.000000000000000000, -1.000000000000000000, 0.000000000000000000 ) ) ;
#1080 = PLANE ( 'NONE',  #158 ) ;
#1081 = DIRECTION ( 'NONE',  ( 0.000000000000000000, 1.000000000000000000, -0.000000000000000000 ) ) ;
#1082 = CARTESIAN_POINT ( 'NONE',  ( 0.1703882516928547364, 0.2968363900839103287, -0.003465273537563084375 ) ) ;
#1083 = VECTOR ( 'NONE', #1999, 39.37007874015748143 ) ;
#1084 = ORIENTED_EDGE ( 'NONE', *, *, #1221, .F. ) ;
#1085 = DIRECTION ( 'NONE',  ( -0.000000000000000000, -1.000000000000000000, -0.000000000000000000 ) ) ;
#1086 = CARTESIAN_POINT ( 'NONE',  ( -0.04874999999999999473, 0.3000393700787401530, 0.006771243444677038821 ) ) ;
#1087 = CARTESIAN_POINT ( 'NONE',  ( -0.2562178228780571665, 0.7867866915721581922, 0.09933839367530462872 ) ) ;
#1088 = CARTESIAN_POINT ( 'NONE',  ( 3.414809992080329023E-17, 1.499999999999999778, -0.2958920129596832593 ) ) ;
#1089 = EDGE_CURVE ( 'NONE', #616, #314, #1155, .T. ) ;
#1090 = ORIENTED_EDGE ( 'NONE', *, *, #1871, .F. ) ;
#1091 = CARTESIAN_POINT ( 'NONE',  ( 0.1703882516928545698, 0.2999999999999999889, -0.003499437747600794846 ) ) ;
#1092 = ORIENTED_EDGE ( 'NONE', *, *, #622, .T. ) ;
#1093 = ORIENTED_EDGE ( 'NONE', *, *, #541, .T. ) ;
#1094 = DIRECTION ( 'NONE',  ( 0.000000000000000000, -1.000000000000000000, 0.000000000000000000 ) ) ;
#1095 = FACE_OUTER_BOUND ( 'NONE', #1754, .T. ) ;
#1096 = DIRECTION ( 'NONE',  ( -2.308146109064196747E-16, 0.000000000000000000, -1.000000000000000000 ) ) ;
#1097 = CARTESIAN_POINT ( 'NONE',  ( 0.2562499999999999778, 0.7999999999999999334, -0.1479460064798417684 ) ) ;
#1098 = CARTESIAN_POINT ( 'NONE',  ( -0.1703882516928540147, 0.2989597191205056737, 0.001709241011697628342 ) ) ;
#1099 = CIRCLE ( 'NONE', #341, 0.009999999999999995004 ) ;
#1100 = VERTEX_POINT ( 'NONE', #668 ) ;
#1101 = CARTESIAN_POINT ( 'NONE',  ( -0.1703882516928549862, 0.2989488822194489304, 0.002654242796406552484 ) ) ;
#1102 = ADVANCED_FACE ( 'NONE', ( #1158 ), #1461, .T. ) ;
#1103 = CARTESIAN_POINT ( 'NONE',  ( 0.1703882516928551527, 0.2989505626922625003, -0.08812691066485074665 ) ) ;
#1104 = ORIENTED_EDGE ( 'NONE', *, *, #1519, .T. ) ;
#1105 = CARTESIAN_POINT ( 'NONE',  ( 0.2562499999999999223, 0.4484221808964434786, -0.1476583971597380252 ) ) ;
#1106 = VERTEX_POINT ( 'NONE', #844 ) ;
#1107 = EDGE_LOOP ( 'NONE', ( #105, #2119, #1056, #1367 ) ) ;
#1108 = DIRECTION ( 'NONE',  ( 0.000000000000000000, -1.000000000000000000, 0.000000000000000000 ) ) ;
#1109 = CARTESIAN_POINT ( 'NONE',  ( -0.09881669239732052135, 0.2989522958635800198, -0.1349665057355108888 ) ) ;
#1110 = CARTESIAN_POINT ( 'NONE',  ( -0.2560925792705148196, 0.7739704952263597448, 0.09677382321081522132 ) ) ;
#1111 = B_SPLINE_CURVE_WITH_KNOTS ( 'NONE', 3,
 ( #1715, #1449, #1743, #414, #1542, #1406, #1575, #230, #1066, #1212, #87, #1729, #1289, #1586, #590, #888, #1705, #1950, #1562, #264, #1245, #1123, #1904, #427, #238, #1551, #1873, #924, #73, #129 ),
 .UNSPECIFIED., .F., .F.,
 ( 4, 2, 2, 2, 2, 2, 2, 2, 2, 2, 2, 2, 2, 2, 4 ),
 ( 0.000000000000000000, 0.0005113354331685246185, 0.001022670866337049237, 0.002045341732674098474, 0.002556677165842619406, 0.003068012599011140339, 0.003579348032179661705, 0.004090683465348182203, 0.004602018898516703135, 0.005113354331685224935, 0.006136025198022266799, 0.006647360631190787732, 0.007158696064359308664, 0.007670031497527829596, 0.008181366930696350528 ),
 .UNSPECIFIED. ) ;
#1112 = ORIENTED_EDGE ( 'NONE', *, *, #70, .T. ) ;
#1113 = AXIS2_PLACEMENT_3D ( 'NONE', #643, #1297, #1957 ) ;
#1114 = CARTESIAN_POINT ( 'NONE',  ( -0.02713562172233852099, 0.000000000000000000, -0.02749999999999998973 ) ) ;
#1115 = CARTESIAN_POINT ( 'NONE',  ( 0.1703882516928544866, 0.2968380928238962824, -0.003189518059892028964 ) ) ;
#1116 = ORIENTED_EDGE ( 'NONE', *, *, #1601, .F. ) ;
#1117 = ORIENTED_EDGE ( 'NONE', *, *, #169, .F. ) ;
#1118 = EDGE_CURVE ( 'NONE', #228, #1566, #1945, .T. ) ;
#1119 = AXIS2_PLACEMENT_3D ( 'NONE', #483, #1655, #664 ) ;
#1120 = AXIS2_PLACEMENT_3D ( 'NONE', #1384, #1885, #403 ) ;
#1121 = CARTESIAN_POINT ( 'NONE',  ( -0.1695952122666559425, 0.2979418036698023298, -0.02451064869218980494 ) ) ;
#1122 = CARTESIAN_POINT ( 'NONE',  ( 0.2562499999999999778, 1.499999999999999778, -0.1479460064798417684 ) ) ;
#1123 = CARTESIAN_POINT ( 'NONE',  ( -0.1369678651440704165, 0.8660392976522648389, 0.07535994402212885246 ) ) ;
#1124 = ORIENTED_EDGE ( 'NONE', *, *, #58, .F. ) ;
#1125 = CARTESIAN_POINT ( 'NONE',  ( -0.1703882516928550694, 0.2979429974670215198, -0.002072052271910947326 ) ) ;
#1126 = CARTESIAN_POINT ( 'NONE',  ( 0.2562500000000002554, 0.8000000000000015987, 0.1273449957329170767 ) ) ;
#1127 = ORIENTED_EDGE ( 'NONE', *, *, #404, .F. ) ;
#1128 = ORIENTED_EDGE ( 'NONE', *, *, #169, .T. ) ;
#1129 = DIRECTION ( 'NONE',  ( 0.000000000000000000, 0.000000000000000000, 1.000000000000000000 ) ) ;
#1130 = EDGE_CURVE ( 'NONE', #732, #1617, #676, .T. ) ;
#1131 = CARTESIAN_POINT ( 'NONE',  ( -0.09881669239732052135, 0.2968568875907395266, -0.1349665057355108888 ) ) ;
#1132 = CARTESIAN_POINT ( 'NONE',  ( -0.1501014068431378023, 0.3001472775882333965, -0.08054283738094207556 ) ) ;
#1133 = LINE ( 'NONE', #822, #1819 ) ;
#1134 = FACE_OUTER_BOUND ( 'NONE', #747, .T. ) ;
#1135 = FACE_OUTER_BOUND ( 'NONE', #1627, .T. ) ;
#1136 = ORIENTED_EDGE ( 'NONE', *, *, #1, .F. ) ;
#1137 = CARTESIAN_POINT ( 'NONE',  ( -0.1703882516928541258, 0.3000000000000000999, -0.001698584890128037629 ) ) ;
#1138 = CARTESIAN_POINT ( 'NONE',  ( 0.2562500000000004219, 0.4580202936228797150, 0.1210862638665765323 ) ) ;
#1139 = VECTOR ( 'NONE', #1869, 39.37007874015748143 ) ;
#1140 = CARTESIAN_POINT ( 'NONE',  ( -0.03374999999999999528, 0.2999999999999999889, -0.02999999999999998848 ) ) ;
#1141 = VERTEX_POINT ( 'NONE', #1981 ) ;
#1142 = CARTESIAN_POINT ( 'NONE',  ( -0.03374999999999999528, 0.2999999999999999889, -0.01999999999999998654 ) ) ;
#1143 = DIRECTION ( 'NONE',  ( -0.4999999999999998335, 0.000000000000000000, 0.8660254037844388186 ) ) ;
#1144 = CARTESIAN_POINT ( 'NONE',  ( 0.000000000000000000, 0.000000000000000000, 0.1037401574803149401 ) ) ;
#1145 = EDGE_CURVE ( 'NONE', #292, #147, #485, .T. ) ;
#1146 = DIRECTION ( 'NONE',  ( 0.000000000000000000, 0.000000000000000000, 1.000000000000000000 ) ) ;
#1147 = CARTESIAN_POINT ( 'NONE',  ( -0.1703882516928545698, 0.2989451681333822886, 0.003740157480313813058 ) ) ;
#1148 = ORIENTED_EDGE ( 'NONE', *, *, #790, .F. ) ;
#1149 = EDGE_CURVE ( 'NONE', #1649, #453, #480, .T. ) ;
#1150 = AXIS2_PLACEMENT_3D ( 'NONE', #1262, #734, #584 ) ;
#1151 = CARTESIAN_POINT ( 'NONE',  ( 0.02395747836997553018, 0.4102593385292558903, 0.1566382516928545854 ) ) ;
#1152 = AXIS2_PLACEMENT_3D ( 'NONE', #20, #141, #182 ) ;
#1153 = DIRECTION ( 'NONE',  ( -1.000000000000000000, 0.000000000000000000, 1.340771175351984093E-16 ) ) ;
#1154 = FACE_OUTER_BOUND ( 'NONE', #1442, .T. ) ;
#1155 = CIRCLE ( 'NONE', #2049, 0.01000000000000000021 ) ;
#1156 = DIRECTION ( 'NONE',  ( 0.000000000000000000, 0.000000000000000000, 1.000000000000000000 ) ) ;
#1157 = CARTESIAN_POINT ( 'NONE',  ( -0.1703882516928539870, 0.2979025832583336308, 0.002386044132501179658 ) ) ;
#1158 = FACE_OUTER_BOUND ( 'NONE', #1255, .T. ) ;
#1159 = ORIENTED_EDGE ( 'NONE', *, *, #818, .F. ) ;
#1160 = CARTESIAN_POINT ( 'NONE',  ( -0.1703882516928550694, 0.2989714987335106433, -0.002072052271910947326 ) ) ;
#1161 = CARTESIAN_POINT ( 'NONE',  ( 0.1703882516928545421, 0.4032652811609935828, 0.002709516496400275407 ) ) ;
#1162 = EDGE_CURVE ( 'NONE', #13, #616, #511, .T. ) ;
#1163 = CARTESIAN_POINT ( 'NONE',  ( 0.03874999999999999972, 0.000000000000000000, -0.006771243444677038821 ) ) ;
#1164 = LINE ( 'NONE', #190, #1990 ) ;
#1165 = CARTESIAN_POINT ( 'NONE',  ( -0.07145559271754955977, 0.2999328434518457320, -0.1468721367263803590 ) ) ;
#1166 = CARTESIAN_POINT ( 'NONE',  ( 0.01749015748031428064, 0.2999999999999999889, -0.1566382516928545854 ) ) ;
#1167 = CARTESIAN_POINT ( 'NONE',  ( 0.000000000000000000, 0.7999999999999999334, 0.000000000000000000 ) ) ;
#1168 = CARTESIAN_POINT ( 'NONE',  ( -0.1703882516928541258, 0.2979495808250804401, -0.001698584890128037629 ) ) ;
#1169 = CARTESIAN_POINT ( 'NONE',  ( 0.2562500000000000333, 0.4553537803110063731, 0.1023677921262291651 ) ) ;
#1170 = CARTESIAN_POINT ( 'NONE',  ( 0.1703882516928547641, 0.2969169218325888870, -0.0009800650940371350827 ) ) ;
#1171 = DIRECTION ( 'NONE',  ( -0.000000000000000000, -1.000000000000000000, -0.000000000000000000 ) ) ;
#1172 = EDGE_CURVE ( 'NONE', #1432, #237, #1830, .T. ) ;
#1173 = CARTESIAN_POINT ( 'NONE',  ( -0.1174901574803149662, 0.000000000000000000, 0.003740157480314199034 ) ) ;
#1174 = CARTESIAN_POINT ( 'NONE',  ( -0.005830052493437798064, 0.2999999999999999889, -0.1566382516928545854 ) ) ;
#1175 = AXIS2_PLACEMENT_3D ( 'NONE', #184, #1343, #1353 ) ;
#1176 = DIRECTION ( 'NONE',  ( 0.000000000000000000, 0.000000000000000000, 1.000000000000000000 ) ) ;
#1177 = PLANE ( 'NONE',  #218 ) ;
#1178 = ORIENTED_EDGE ( 'NONE', *, *, #207, .T. ) ;
#1179 = CARTESIAN_POINT ( 'NONE',  ( -0.2562500000000000888, 0.4607531196000824170, -0.04211299933533647899 ) ) ;
#1180 = CARTESIAN_POINT ( 'NONE',  ( 0.1695952122666558037, 0.4029098165098954354, 0.02451064869219016923 ) ) ;
#1181 = VECTOR ( 'NONE', #1711, 39.37007874015748143 ) ;
#1182 = VECTOR ( 'NONE', #1108, 39.37007874015748143 ) ;
#1183 = CARTESIAN_POINT ( 'NONE',  ( 0.1107997185470260687, 0.3001519411939055915, 0.1253048408967989413 ) ) ;
#1184 = CARTESIAN_POINT ( 'NONE',  ( -0.2562500000000000333, 0.4305669102669343329, -0.1479460064798414909 ) ) ;
#1185 = CARTESIAN_POINT ( 'NONE',  ( 0.1703882516928545421, 0.2968791573615166546, -0.001709241011697506044 ) ) ;
#1186 = FACE_OUTER_BOUND ( 'NONE', #1069, .T. ) ;
#1187 = CARTESIAN_POINT ( 'NONE',  ( -0.005830052493438253429, 0.4061865216384424881, 0.1566382516928545021 ) ) ;
#1188 = LINE ( 'NONE', #1672, #796 ) ;
#1189 = CIRCLE ( 'NONE', #537, 0.01000000000000000021 ) ;
#1190 = CARTESIAN_POINT ( 'NONE',  ( -0.1703882516928548752, 0.2989847115576002023, -0.0006466386482110557388 ) ) ;
#1191 = CARTESIAN_POINT ( 'NONE',  ( 0.2562500000000000888, 0.7999999999999999334, 0.1144710697376530445 ) ) ;
#1192 = CARTESIAN_POINT ( 'NONE',  ( -0.1703882516928544588, 0.2978909267226068636, 0.003465273537563060956 ) ) ;
#1193 = CARTESIAN_POINT ( 'NONE',  ( 0.1703882516928547641, 0.3000000000000004330, -0.0009800650940371350827 ) ) ;
#1194 = LINE ( 'NONE', #1173, #985 ) ;
#1195 = CARTESIAN_POINT ( 'NONE',  ( 0.02052124344467704323, 0.2999999999999999889, 0.03499999999999998945 ) ) ;
#1196 = EDGE_CURVE ( 'NONE', #1906, #806, #1302, .T. ) ;
#1197 = CARTESIAN_POINT ( 'NONE',  ( -0.1703882516928545698, 0.4035189659994664613, -0.003258718014888154803 ) ) ;
#1198 = CARTESIAN_POINT ( 'NONE',  ( 0.2562500000000000888, 0.4305669102669343329, 0.1479460064798414909 ) ) ;
#1199 = DIRECTION ( 'NONE',  ( 0.000000000000000000, 0.000000000000000000, 1.000000000000000000 ) ) ;
#1200 = CARTESIAN_POINT ( 'NONE',  ( -0.1703882516928547086, 0.2989848302887035958, -5.002446282671908168E-07 ) ) ;
#1201 = CARTESIAN_POINT ( 'NONE',  ( 0.1703882516928545698, 0.4037353969564142497, 0.01020747836997660564 ) ) ;
#1202 = CARTESIAN_POINT ( 'NONE',  ( 0.08547036350267153693, 0.2997645562620876447, 0.1410172125256378417 ) ) ;
#1203 =( NAMED_UNIT ( * ) PLANE_ANGLE_UNIT ( ) SI_UNIT ( $, .RADIAN. ) );
#1204 = VERTEX_POINT ( 'NONE', #1006 ) ;
#1205 = DIRECTION ( 'NONE',  ( 0.000000000000000000, -1.000000000000000000, 0.000000000000000000 ) ) ;
#1206 = VECTOR ( 'NONE', #2096, 39.37007874015748143 ) ;
#1207 = CARTESIAN_POINT ( 'NONE',  ( -0.04124999999999999500, 0.3000393700787401530, 0.01338562172233851398 ) ) ;
#1208 = LINE ( 'NONE', #1027, #1139 ) ;
#1209 = CARTESIAN_POINT ( 'NONE',  ( -0.1703882516928545976, 0.2989723072775292700, 0.0009800650940373295886 ) ) ;
#1210 = ADVANCED_FACE ( 'NONE', ( #1134 ), #389, .T. ) ;
#1211 = CARTESIAN_POINT ( 'NONE',  ( -0.1703882516928552915, 0.2999999999999995448, 0.002057307070536304201 ) ) ;
#1212 = CARTESIAN_POINT ( 'NONE',  ( -0.1478651254388942959, 0.8863644153746517151, -0.05081639733411227877 ) ) ;
#1213 = DIRECTION ( 'NONE',  ( -0.000000000000000000, -1.000000000000000000, -0.000000000000000000 ) ) ;
#1214 = ORIENTED_EDGE ( 'NONE', *, *, #2063, .F. ) ;
#1215 = AXIS2_PLACEMENT_3D ( 'NONE', #322, #835, #680 ) ;
#1216 = LINE ( 'NONE', #1846, #1424 ) ;
#1217 = FACE_OUTER_BOUND ( 'NONE', #242, .T. ) ;
#1218 = DIRECTION ( 'NONE',  ( 0.000000000000000000, 0.9848077530122080203, -0.1736481776669306920 ) ) ;
#1219 = CARTESIAN_POINT ( 'NONE',  ( 0.04374999999999992784, 0.7999999999999999334, -0.09999999999999990841 ) ) ;
#1220 = CARTESIAN_POINT ( 'NONE',  ( -0.2562500000000000888, 0.4574357591764897091, 0.08331502082918583463 ) ) ;
#1221 = EDGE_CURVE ( 'NONE', #1290, #77, #9, .T. ) ;
#1222 = CARTESIAN_POINT ( 'NONE',  ( -0.04874999999999999473, 0.3000393700787401530, -0.006771243444677038821 ) ) ;
#1223 = DIRECTION ( 'NONE',  ( -1.000000000000000000, 0.000000000000000000, -0.000000000000000000 ) ) ;
#1224 = VECTOR ( 'NONE', #421, 39.37007874015748143 ) ;
#1225 = VERTEX_POINT ( 'NONE', #493 ) ;
#1226 = CARTESIAN_POINT ( 'NONE',  ( -0.03374999999999999528, 0.2999999999999999889, 0.01999999999999998654 ) ) ;
#1227 = DIRECTION ( 'NONE',  ( 0.000000000000000000, 0.000000000000000000, -1.000000000000000000 ) ) ;
#1228 = LINE ( 'NONE', #768, #299 ) ;
#1229 = LINE ( 'NONE', #1925, #956 ) ;
#1230 = VERTEX_POINT ( 'NONE', #1648 ) ;
#1231 = CARTESIAN_POINT ( 'NONE',  ( 0.01749015748031430839, 0.2979227036200459144, -0.1566382516928545854 ) ) ;
#1232 = DIRECTION ( 'NONE',  ( 0.000000000000000000, 0.000000000000000000, 1.000000000000000000 ) ) ;
#1233 = EDGE_CURVE ( 'NONE', #99, #782, #164, .T. ) ;
#1234 = DIRECTION ( 'NONE',  ( 0.000000000000000000, 0.000000000000000000, 1.000000000000000000 ) ) ;
#1235 = ORIENTED_EDGE ( 'NONE', *, *, #702, .T. ) ;
#1236 = DIRECTION ( 'NONE',  ( 0.000000000000000000, 0.000000000000000000, -1.000000000000000000 ) ) ;
#1237 = EDGE_CURVE ( 'NONE', #885, #1956, #1559, .T. ) ;
#1238 = B_SPLINE_SURFACE_WITH_KNOTS ( 'NONE', 3, 3, ( 
 ( #1595, #63, #251, #589, #2089, #2065, #98 ),
 ( #1928, #449, #1103, #263, #1396, #923, #1585 ),
 ( #729, #1383, #1884, #576, #910, #2051, #1419 ),
 ( #402, #1231, #413, #1065, #1728, #495, #1800 ) ),
 .UNSPECIFIED., .F., .F., .F.,
 ( 4, 4 ),
 ( 4, 3, 4 ),
 ( 0.000000000000000000, 1.000000000000000000 ),
 ( -0.01000000000000000021, 0.000000000000000000, 1.000000000000000000 ),
 .UNSPECIFIED. ) ;
#1239 = CARTESIAN_POINT ( 'NONE',  ( 3.414809992080329023E-17, 0.7999999999999999334, -0.2958920129596832593 ) ) ;
#1240 = CARTESIAN_POINT ( 'NONE',  ( -0.2542154635357353754, 0.7132402774899087028, 0.05015085096650277741 ) ) ;
#1241 = LINE ( 'NONE', #586, #1224 ) ;
#1242 = AXIS2_PLACEMENT_3D ( 'NONE', #523, #1831, #1199 ) ;
#1243 = ORIENTED_EDGE ( 'NONE', *, *, #552, .T. ) ;
#1244 = CARTESIAN_POINT ( 'NONE',  ( -0.2562500000000000333, 0.4516065674576010824, 0.1275602203989890659 ) ) ;
#1245 = CARTESIAN_POINT ( 'NONE',  ( -0.1438070582066627578, 0.8795401062305999718, 0.06192423992683370598 ) ) ;
#1246 = CARTESIAN_POINT ( 'NONE',  ( 0.2562499999999999778, 0.7999999999999999334, -0.1458454036663783260 ) ) ;
#1247 = ORIENTED_EDGE ( 'NONE', *, *, #992, .T. ) ;
#1248 = ORIENTED_EDGE ( 'NONE', *, *, #21, .T. ) ;
#1249 = DIRECTION ( 'NONE',  ( 0.000000000000000000, 1.000000000000000000, 0.000000000000000000 ) ) ;
#1250 = EDGE_CURVE ( 'NONE', #626, #1701, #659, .T. ) ;
#1251 = FACE_OUTER_BOUND ( 'NONE', #289, .T. ) ;
#1252 = AXIS2_PLACEMENT_3D ( 'NONE', #2082, #1249, #1909 ) ;
#1253 = LINE ( 'NONE', #1615, #710 ) ;
#1254 = LINE ( 'NONE', #236, #119 ) ;
#1255 = EDGE_LOOP ( 'NONE', ( #968, #424 ) ) ;
#1256 = CARTESIAN_POINT ( 'NONE',  ( -0.1703882516928544033, 0.2979321226818660295, -0.002858234250822581750 ) ) ;
#1257 = AXIS2_PLACEMENT_3D ( 'NONE', #928, #788, #410 ) ;
#1258 = ORIENTED_EDGE ( 'NONE', *, *, #1356, .F. ) ;
#1259 = CARTESIAN_POINT ( 'NONE',  ( 0.1703882516928544866, 0.2989460309412985684, -0.003189518059892028964 ) ) ;
#1260 = ORIENTED_EDGE ( 'NONE', *, *, #1408, .F. ) ;
#1261 = LENGTH_MEASURE_WITH_UNIT ( LENGTH_MEASURE( 0.02539999999999999897 ), #1423 );
#1262 = CARTESIAN_POINT ( 'NONE',  ( 0.01749015748031496759, 0.000000000000000000, 0.003740157480314944966 ) ) ;
#1263 = FACE_OUTER_BOUND ( 'NONE', #249, .T. ) ;
#1264 = CARTESIAN_POINT ( 'NONE',  ( 0.03874999999999999972, 0.3000393700787401530, 0.006771243444677038821 ) ) ;
#1265 = ADVANCED_FACE ( 'NONE', ( #1515 ), #2076, .T. ) ;
#1266 = CARTESIAN_POINT ( 'NONE',  ( -0.1703882516928545698, 0.2999999999999999889, 0.003499437747600748876 ) ) ;
#1267 = EDGE_LOOP ( 'NONE', ( #1635, #758, #1270, #48 ) ) ;
#1268 = CARTESIAN_POINT ( 'NONE',  ( -0.1703882516928548196, 0.2989460309412986794, 0.003189518059892030698 ) ) ;
#1269 = DIRECTION ( 'NONE',  ( 0.000000000000000000, 0.000000000000000000, -1.000000000000000000 ) ) ;
#1270 = ORIENTED_EDGE ( 'NONE', *, *, #83, .T. ) ;
#1271 = CARTESIAN_POINT ( 'NONE',  ( 0.1703882516928544866, 0.4053969058701116790, -0.003189518059892028964 ) ) ;
#1272 = ORIENTED_EDGE ( 'NONE', *, *, #699, .F. ) ;
#1273 = EDGE_LOOP ( 'NONE', ( #1326, #1247, #335, #1136 ) ) ;
#1274 = DIRECTION ( 'NONE',  ( -1.000000000000000000, -0.000000000000000000, 1.340771175351984340E-16 ) ) ;
#1275 = CARTESIAN_POINT ( 'NONE',  ( -0.2562499999999999223, 0.4362727941735731751, -0.1420619179151645650 ) ) ;
#1276 = DIRECTION ( 'NONE',  ( 0.000000000000000000, 1.000000000000000000, 0.000000000000000000 ) ) ;
#1277 = CARTESIAN_POINT ( 'NONE',  ( -0.2562500000000000333, 0.7999999999999999334, 0.1470707128694023758 ) ) ;
#1278 = ORIENTED_EDGE ( 'NONE', *, *, #1118, .T. ) ;
#1279 = ADVANCED_FACE ( 'NONE', ( #862 ), #1524, .T. ) ;
#1280 = CARTESIAN_POINT ( 'NONE',  ( 0.09881669239732014665, 0.4047704136420243182, 0.1349665057355105835 ) ) ;
#1281 = ORIENTED_EDGE ( 'NONE', *, *, #691, .T. ) ;
#1282 = CARTESIAN_POINT ( 'NONE',  ( 0.1703882516928544588, 0.2999999999999999889, -0.002956394529179791342 ) ) ;
#1283 = ORIENTED_EDGE ( 'NONE', *, *, #1887, .F. ) ;
#1284 = EDGE_LOOP ( 'NONE', ( #478, #388, #1621, #1434 ) ) ;
#1285 = CARTESIAN_POINT ( 'NONE',  ( -0.2562500000000000888, 0.4434219942438012985, -0.1336037275992573992 ) ) ;
#1286 = CARTESIAN_POINT ( 'NONE',  ( -0.05242168828641143724, 0.3000835767113121944, -0.1526942620618545465 ) ) ;
#1287 = CARTESIAN_POINT ( 'NONE',  ( 0.000000000000000000, 0.7999999999999999334, -0.1562500000000000000 ) ) ;
#1288 = VECTOR ( 'NONE', #408, 39.37007874015748854 ) ;
#1289 = CARTESIAN_POINT ( 'NONE',  ( -0.1540977560886716557, 0.8966081590499336285, -0.02666841492687501564 ) ) ;
#1290 = VERTEX_POINT ( 'NONE', #2058 ) ;
#1291 = CARTESIAN_POINT ( 'NONE',  ( -0.1703882516928548752, 0.2969362634085010444, -0.001335416423958397329 ) ) ;
#1292 = CARTESIAN_POINT ( 'NONE',  ( 0.1636934085417411366, 0.4025939119131354271, 0.05237631189501809614 ) ) ;
#1293 = CARTESIAN_POINT ( 'NONE',  ( 0.01749015748031425288, 0.000000000000000000, -0.1037401574803149540 ) ) ;
#1294 = ADVANCED_FACE ( 'NONE', ( #1359 ), #1177, .T. ) ;
#1295 = VERTEX_POINT ( 'NONE', #1856 ) ;
#1296 = EDGE_LOOP ( 'NONE', ( #277, #101, #1634, #1768 ) ) ;
#1297 = DIRECTION ( 'NONE',  ( 0.000000000000000000, 0.000000000000000000, 1.000000000000000000 ) ) ;
#1298 = CARTESIAN_POINT ( 'NONE',  ( -0.03826064869218923775, 0.2989088183825204803, -0.1558452122666558470 ) ) ;
#1299 = CARTESIAN_POINT ( 'NONE',  ( -0.1664615005695551930, 0.3000827262131464113, -0.03859717278572928623 ) ) ;
#1300 = LINE ( 'NONE', #1960, #988 ) ;
#1301 = AXIS2_PLACEMENT_3D ( 'NONE', #1391, #562, #1076 ) ;
#1302 = LINE ( 'NONE', #1961, #978 ) ;
#1303 = ORIENTED_EDGE ( 'NONE', *, *, #482, .F. ) ;
#1304 = CARTESIAN_POINT ( 'NONE',  ( -0.1703882516928541258, 0.2969243712376205546, -0.001698584890128037629 ) ) ;
#1305 = CARTESIAN_POINT ( 'NONE',  ( 0.09881669239732014665, 0.2968568875907391380, 0.1349665057355105835 ) ) ;
#1306 = DIRECTION ( 'NONE',  ( 0.000000000000000000, 0.000000000000000000, -1.000000000000000000 ) ) ;
#1307 = ORIENTED_EDGE ( 'NONE', *, *, #1601, .T. ) ;
#1308 = CARTESIAN_POINT ( 'NONE',  ( -0.2562500000000000333, 0.8000000000000003775, 0.09999999999996532496 ) ) ;
#1309 = EDGE_CURVE ( 'NONE', #1973, #77, #715, .T. ) ;
#1310 = EDGE_CURVE ( 'NONE', #1141, #1566, #2034, .T. ) ;
#1311 = CARTESIAN_POINT ( 'NONE',  ( -0.09881669239732052135, 0.4047704136420253174, -0.1349665057355108888 ) ) ;
#1312 = CARTESIAN_POINT ( 'NONE',  ( -0.08541666666666666852, 0.7999999999999999334, 0.2465766774664026884 ) ) ;
#1313 = DIRECTION ( 'NONE',  ( -0.8660254037844384856, 0.000000000000000000, 0.5000000000000002220 ) ) ;
#1314 = DIRECTION ( 'NONE',  ( -2.308146109064196747E-16, 0.000000000000000000, -1.000000000000000000 ) ) ;
#1315 = VERTEX_POINT ( 'NONE', #1868 ) ;
#1316 = CARTESIAN_POINT ( 'NONE',  ( -0.1703882516928541813, 0.2969071139327266740, -0.002361965639007600030 ) ) ;
#1317 = CARTESIAN_POINT ( 'NONE',  ( 0.03826064869218914061, 0.4091181617479277000, 0.1558452122666556527 ) ) ;
#1318 = CARTESIAN_POINT ( 'NONE',  ( 0.2562499999999999223, 0.4483893777941068137, -0.1479460064798417684 ) ) ;
#1319 = VECTOR ( 'NONE', #2084, 39.37007874015748143 ) ;
#1320 = PRODUCT_DEFINITION_CONTEXT ( 'detailed design', #1738, 'design' ) ;
#1321 = DIRECTION ( 'NONE',  ( -1.000000000000000000, -0.000000000000000000, 1.340771175351984340E-16 ) ) ;
#1322 = CARTESIAN_POINT ( 'NONE',  ( -0.1487165057355107067, 0.2979503099437897928, -0.08506669239732099486 ) ) ;
#1323 = CARTESIAN_POINT ( 'NONE',  ( -0.1018769106648518830, 0.2979119145022854354, 0.1566382516928545021 ) ) ;
#1324 = DIRECTION ( 'NONE',  ( 0.000000000000000000, 0.000000000000000000, -1.000000000000000000 ) ) ;
#1325 = CARTESIAN_POINT ( 'NONE',  ( -0.03874999999999999972, 0.3000393700787401530, 0.006771243444677038821 ) ) ;
#1326 = ORIENTED_EDGE ( 'NONE', *, *, #723, .T. ) ;
#1327 = B_SPLINE_CURVE_WITH_KNOTS ( 'NONE', 3,
 ( #1011, #848, #1512, #1347 ),
 .UNSPECIFIED., .F., .F.,
 ( 4, 4 ),
 ( 0.000000000000000000, 1.000000000000000000 ),
 .UNSPECIFIED. ) ;
#1328 = CIRCLE ( 'NONE', #386, 0.01000000000000000021 ) ;
#1329 = CARTESIAN_POINT ( 'NONE',  ( 0.02395747836997553018, 0.2988974066147074282, 0.1566382516928545854 ) ) ;
#1330 = VECTOR ( 'NONE', #310, 39.37007874015748143 ) ;
#1331 = AXIS2_PLACEMENT_3D ( 'NONE', #1004, #1321, #348 ) ;
#1332 = CARTESIAN_POINT ( 'NONE',  ( -0.06678152216915828054, 0.3000603800028286972, -0.1485718056136398069 ) ) ;
#1333 = DIRECTION ( 'NONE',  ( 0.000000000000000000, 1.000000000000000000, -0.000000000000000000 ) ) ;
#1334 = ADVANCED_FACE ( 'NONE', ( #387 ), #1043, .F. ) ;
#1335 = VECTOR ( 'NONE', #1062, 39.37007874015748143 ) ;
#1336 = DIRECTION ( 'NONE',  ( 1.776356839400250465E-15, 0.000000000000000000, 1.000000000000000000 ) ) ;
#1337 = CARTESIAN_POINT ( 'NONE',  ( -0.1703882516928544033, 0.4033938659066978460, -0.002858234250822581750 ) ) ;
#1338 = CARTESIAN_POINT ( 'NONE',  ( 0.1703882516928545698, 0.2989626460304358746, 0.01020747836997660564 ) ) ;
#1339 = CARTESIAN_POINT ( 'NONE',  ( 0.05234715829960526201, 0.3000826846685776816, 0.1527114963852537755 ) ) ;
#1340 = DIRECTION ( 'NONE',  ( 0.000000000000000000, 0.000000000000000000, 1.000000000000000000 ) ) ;
#1341 = CARTESIAN_POINT ( 'NONE',  ( -0.01749015748031439860, 0.2999999999999999889, -0.1566382516928545854 ) ) ;
#1342 = CARTESIAN_POINT ( 'NONE',  ( 0.1105373050232762860, 0.2998782511673269702, -0.1254480637820178657 ) ) ;
#1343 = DIRECTION ( 'NONE',  ( -0.000000000000000000, -1.000000000000000000, 0.000000000000000000 ) ) ;
#1344 = CARTESIAN_POINT ( 'NONE',  ( -0.1703882516928545976, 0.2969169218325881654, 0.0009800650940373295886 ) ) ;
#1345 = CARTESIAN_POINT ( 'NONE',  ( 0.2562499999999999223, 0.7999999999999997113, 0.08635819890514040420 ) ) ;
#1346 = ADVANCED_FACE ( 'NONE', ( #1574 ), #898, .T. ) ;
#1347 = CARTESIAN_POINT ( 'NONE',  ( 0.2562500000000000333, 0.7999999999999999334, 0.1479460064798415186 ) ) ;
#1348 = AXIS2_PLACEMENT_3D ( 'NONE', #1954, #134, #1791 ) ;
#1349 = CIRCLE ( 'NONE', #1242, 0.009999999999999995004 ) ;
#1350 = CARTESIAN_POINT ( 'NONE',  ( -0.01749015748031384695, 0.4108299269199196524, -0.1566382516928545854 ) ) ;
#1351 = DIRECTION ( 'NONE',  ( -0.000000000000000000, -1.000000000000000000, -0.000000000000000000 ) ) ;
#1352 = CARTESIAN_POINT ( 'NONE',  ( -0.01749015748031431880, 0.4038648189977039338, 0.1566382516928545021 ) ) ;
#1353 = DIRECTION ( 'NONE',  ( 0.000000000000000000, 0.000000000000000000, 1.000000000000000000 ) ) ;
#1354 = CARTESIAN_POINT ( 'NONE',  ( 0.2562499999999999223, 0.7999999999999994893, 0.07554485148496560554 ) ) ;
#1355 = CARTESIAN_POINT ( 'NONE',  ( 0.1390534481305326642, 0.3001525423734946463, 0.09705514021367198096 ) ) ;
#1356 = EDGE_CURVE ( 'NONE', #1781, #913, #172, .T. ) ;
#1357 = DIRECTION ( 'NONE',  ( 0.000000000000000000, -0.000000000000000000, 1.000000000000000000 ) ) ;
#1358 = DIRECTION ( 'NONE',  ( 0.000000000000000000, 0.000000000000000000, 1.000000000000000000 ) ) ;
#1359 = FACE_OUTER_BOUND ( 'NONE', #2134, .T. ) ;
#1360 = CARTESIAN_POINT ( 'NONE',  ( -0.01749015748031500922, 0.4038648189977039338, 0.1566382516928545021 ) ) ;
#1361 = AXIS2_PLACEMENT_3D ( 'NONE', #632, #1895, #2117 ) ;
#1362 = CARTESIAN_POINT ( 'NONE',  ( -0.1703882516928545698, 0.2979557572137280785, 0.0006447676059049155164 ) ) ;
#1363 = CARTESIAN_POINT ( 'NONE',  ( 0.1703882516928545698, 0.2968879380913075905, 0.01020747836997660564 ) ) ;
#1364 = CARTESIAN_POINT ( 'NONE',  ( 0.1703882516928547641, 0.2979713139858075066, 0.0003194750796323645586 ) ) ;
#1365 = VECTOR ( 'NONE', #1785, 39.37007874015748143 ) ;
#1366 = DIRECTION ( 'NONE',  ( 0.000000000000000000, 0.000000000000000000, -1.000000000000000000 ) ) ;
#1367 = ORIENTED_EDGE ( 'NONE', *, *, #678, .T. ) ;
#1368 = CARTESIAN_POINT ( 'NONE',  ( -0.2562499999999999223, 0.7999999999999999334, -0.1126280735506692138 ) ) ;
#1369 = CARTESIAN_POINT ( 'NONE',  ( -0.03374999999999999528, 0.3000393700787401530, -0.01999999999999998654 ) ) ;
#1370 = ADVANCED_FACE ( 'NONE', ( #2075 ), #1238, .T. ) ;
#1371 = CARTESIAN_POINT ( 'NONE',  ( 0.000000000000000000, 0.2999999999999999889, -0.02499999999999999098 ) ) ;
#1372 = DIRECTION ( 'NONE',  ( 1.000000000000000000, -0.000000000000000000, 0.000000000000000000 ) ) ;
#1373 = CARTESIAN_POINT ( 'NONE',  ( -0.1703882516928546809, 0.2979643607670754979, 0.0003206750014617446541 ) ) ;
#1374 = CARTESIAN_POINT ( 'NONE',  ( 0.1703882516928545698, 0.4035189659994667388, 0.003258718014888793615 ) ) ;
#1375 = CARTESIAN_POINT ( 'NONE',  ( -0.1703882516928544588, 0.2989454633613035095, 0.003465273537563060956 ) ) ;
#1376 = VERTEX_POINT ( 'NONE', #1114 ) ;
#1377 = FACE_OUTER_BOUND ( 'NONE', #76, .T. ) ;
#1378 = CARTESIAN_POINT ( 'NONE',  ( -0.2562500000000000333, 0.4305669102669340553, -0.1479460064798414909 ) ) ;
#1379 = CARTESIAN_POINT ( 'NONE',  ( -0.1703882516928545698, 0.2999999999999999889, 0.003740157480314370772 ) ) ;
#1380 = CARTESIAN_POINT ( 'NONE',  ( 0.1703882516928545698, 0.2999999999999999334, 0.003740157480314578939 ) ) ;
#1381 = EDGE_CURVE ( 'NONE', #2081, #782, #321, .T. ) ;
#1382 = CARTESIAN_POINT ( 'NONE',  ( -0.1703882516928546809, 0.2979320432219126347, 0.001329567043302926814 ) ) ;
#1383 = CARTESIAN_POINT ( 'NONE',  ( 0.1018769106648511891, 0.2979119145022854354, -0.1566382516928549185 ) ) ;
#1384 = CARTESIAN_POINT ( 'NONE',  ( -0.01749015748031495024, 0.000000000000000000, -0.003740157480314961879 ) ) ;
#1385 = CARTESIAN_POINT ( 'NONE',  ( -0.2534768839473864332, 0.6999985085614931490, -0.006500019780422845381 ) ) ;
#1386 = ORIENTED_EDGE ( 'NONE', *, *, #2011, .F. ) ;
#1387 = VECTOR ( 'NONE', #268, 39.37007874015748143 ) ;
#1388 = LINE ( 'NONE', #2055, #1387 ) ;
#1389 = CARTESIAN_POINT ( 'NONE',  ( -0.01749015748031384695, 0.2966751021924023957, -0.1566382516928545854 ) ) ;
#1390 = CARTESIAN_POINT ( 'NONE',  ( 0.005830052493437809340, 0.2999999999999999889, 0.1566382516928545021 ) ) ;
#1391 = CARTESIAN_POINT ( 'NONE',  ( 0.01749015748031496759, 0.000000000000000000, -0.003740157480314961879 ) ) ;
#1392 = ADVANCED_FACE ( 'NONE', ( #487 ), #1412, .T. ) ;
#1393 = ORIENTED_EDGE ( 'NONE', *, *, #1058, .F. ) ;
#1394 = CARTESIAN_POINT ( 'NONE',  ( -0.1703882516928547364, 0.4034821679190210841, -0.003398305071320039186 ) ) ;
#1395 = EDGE_CURVE ( 'NONE', #1649, #642, #1975, .T. ) ;
#1396 = CARTESIAN_POINT ( 'NONE',  ( 0.1703882516928551527, 0.4049437307737465686, -0.08812691066485074665 ) ) ;
#1397 = PLANE ( 'NONE',  #1361 ) ;
#1398 = FILL_AREA_STYLE_COLOUR ( '', #1608 ) ;
#1399 = CARTESIAN_POINT ( 'NONE',  ( 0.1703882516928544588, 0.4048708370833541403, -0.002386044132501115040 ) ) ;
#1400 = ORIENTED_EDGE ( 'NONE', *, *, #70, .F. ) ;
#1401 = DIRECTION ( 'NONE',  ( 1.000000000000000000, 0.000000000000000000, 0.000000000000000000 ) ) ;
#1402 = CARTESIAN_POINT ( 'NONE',  ( -0.01749015748031384695, 0.2977834014616015934, -0.1566382516928545854 ) ) ;
#1403 = DIRECTION ( 'NONE',  ( -0.000000000000000000, -1.000000000000000000, 0.000000000000000000 ) ) ;
#1404 = DIRECTION ( 'NONE',  ( -1.340771175351984093E-16, 0.000000000000000000, -1.000000000000000000 ) ) ;
#1405 = VERTEX_POINT ( 'NONE', #1163 ) ;
#1406 = CARTESIAN_POINT ( 'NONE',  ( -0.1298784153692361665, 0.8508301631044967728, -0.08709000418094277329 ) ) ;
#1407 = CARTESIAN_POINT ( 'NONE',  ( -0.2551072590902696002, 0.7337851737595731949, -0.07521977440056308584 ) ) ;
#1408 = EDGE_CURVE ( 'NONE', #13, #581, #519, .T. ) ;
#1409 = ORIENTED_EDGE ( 'NONE', *, *, #1626, .F. ) ;
#1410 = VERTEX_POINT ( 'NONE', #1633 ) ;
#1411 = FACE_OUTER_BOUND ( 'NONE', #1921, .T. ) ;
#1412 = B_SPLINE_SURFACE_WITH_KNOTS ( 'NONE', 3, 3, ( 
 ( #329, #625, #461, #312, #670, #157, #1478 ),
 ( #287, #1941, #1329, #1810, #1151, #977, #1441 ),
 ( #1489, #793, #1641, #167, #1317, #1453, #650 ),
 ( #990, #2122, #1985, #2143, #1651, #967, #506 ),
 ( #1305, #816, #120, #946, #1280, #1630, #1465 ),
 ( #145, #827, #1607, #1762, #784, #660, #1126 ),
 ( #2110, #1776, #1974, #133, #302, #959, #804 ),
 ( #1618, #2132, #636, #1964, #1292, #1138, #1953 ),
 ( #475, #1860, #15, #1995, #1180, #1540, #1682 ),
 ( #1363, #1824, #1338, #718, #1201, #2027, #1191 ),
 ( #681, #847, #545, #50, #1374, #206, #175 ),
 ( #514, #379, #1510, #2038, #865, #1037, #1839 ),
 ( #336, #697, #1851, #1658, #1000, #1169, #1022 ),
 ( #836, #1674, #1692, #1499, #1161, #1832, #1528 ),
 ( #346, #220, #1010, #41, #1667, #708, #371 ),
 ( #877, #186, #1518, #24, #690, #1030, #1345 ),
 ( #2006, #525, #357, #198, #855, #30, #1354 ),
 ( #2018, #534, #1526, #2036, #14, #1008, #1508 ),
 ( #1448, #2116, #1647, #631, #469, #823, #800 ),
 ( #1484, #153, #1774, #298, #656, #1031, #1684 ),
 ( #2007, #1364, #2028, #546, #1840, #1023, #199 ),
 ( #2039, #858, #1675, #1997, #1541, #1852, #536 ),
 ( #515, #1861, #380, #1520, #709, #1703, #31 ),
 ( #719, #837, #555, #51, #1500, #187, #682 ),
 ( #1170, #698, #1511, #1193, #1529, #373, #208 ),
 ( #866, #1693, #1874, #2010, #1865, #567, #528 ),
 ( #1185, #406, #1055, #1854, #1718, #240, #1843 ),
 ( #383, #860, #362, #1032, #1024, #1522, #1686 ),
 ( #211, #1564, #438, #935, #1399, #75, #416 ),
 ( #604, #2068, #764, #2111, #579, #1942, #1068 ),
 ( #100, #751, #1745, #1282, #2080, #1731, #429 ),
 ( #1115, #1765, #1259, #593, #1271, #1597, #1246 ),
 ( #1082, #108, #1920, #266, #925, #1779, #2091 ),
 ( #278, #773, #1930, #1091, #452, #1105, #290 ),
 ( #948, #123, #785, #900, #1998, #1318, #337 ) ),
 .UNSPECIFIED., .F., .F., .F.,
 ( 4, 1, 1, 1, 1, 1, 1, 1, 2, 1, 1, 1, 1, 1, 1, 1, 1, 1, 1, 1, 1, 1, 1, 1, 1, 1, 1, 1, 1, 1, 1, 4 ),
 ( 4, 3, 4 ),
 ( 0.000000000000000000, 0.07834362956643890763, 0.1566872591328778153, 0.2350308886993167090, 0.3133745182657556305, 0.3917181478321945520, 0.4700617773986334180, 0.5484054069650722285, 0.6267490365315112610, 0.6325810828357065763, 0.6384131291399017805, 0.6500772217482922999, 0.6617413143566814870, 0.6734054069650720065, 0.6967335921818517130, 0.7200617773986326409, 0.7433899626154137907, 0.7667181478321949406, 0.7900463330489759795, 0.8133745182657556860, 0.8367027034825352816, 0.8600308886993164315, 0.8833590739160974703, 0.9066872591328785091, 0.9300154443496595480, 0.9533436295664392546, 0.9650077221748298850, 0.9766718147832189612, 0.9883359073916094806, 0.9941679536958047958, 0.9970839768479023979, 1.000000000000000000 ),
 ( -0.01000000000000000021, 0.000000000000000000, 1.000000000000000000 ),
 .UNSPECIFIED. ) ;
#1413 = LINE ( 'NONE', #1749, #2050 ) ;
#1414 = CYLINDRICAL_SURFACE ( 'NONE', #777, 0.009999999999999995004 ) ;
#1415 = DIRECTION ( 'NONE',  ( -1.000000000000000000, -0.000000000000000000, 1.340771175351984340E-16 ) ) ;
#1416 = CARTESIAN_POINT ( 'NONE',  ( -0.2562500000000000333, 0.7999999999999999334, 0.1476583971597379419 ) ) ;
#1417 = ORIENTED_EDGE ( 'NONE', *, *, #1162, .F. ) ;
#1418 = CARTESIAN_POINT ( 'NONE',  ( -0.1703882516928549862, 0.2978977644388986490, 0.002654242796406552484 ) ) ;
#1419 = CARTESIAN_POINT ( 'NONE',  ( 0.08541666666666662688, 0.7999999999999999334, -0.2465766774664027994 ) ) ;
#1420 = VERTEX_POINT ( 'NONE', #1826 ) ;
#1421 = VERTEX_POINT ( 'NONE', #807 ) ;
#1422 = EDGE_CURVE ( 'NONE', #1100, #1781, #1811, .T. ) ;
#1423 =( LENGTH_UNIT ( ) NAMED_UNIT ( * ) SI_UNIT ( $, .METRE. ) );
#1424 = VECTOR ( 'NONE', #1877, 39.37007874015748143 ) ;
#1425 = VECTOR ( 'NONE', #227, 39.37007874015748143 ) ;
#1426 = DIRECTION ( 'NONE',  ( 0.000000000000000000, 0.000000000000000000, -1.000000000000000000 ) ) ;
#1427 = LINE ( 'NONE', #1446, #1503 ) ;
#1428 = DIRECTION ( 'NONE',  ( -0.000000000000000000, -1.000000000000000000, -0.000000000000000000 ) ) ;
#1429 = CARTESIAN_POINT ( 'NONE',  ( -0.1703882516928544588, 0.4054536638696654705, 0.003465273537563060956 ) ) ;
#1430 = ORIENTED_EDGE ( 'NONE', *, *, #1910, .F. ) ;
#1431 = CIRCLE ( 'NONE', #79, 0.009999999999999995004 ) ;
#1432 = VERTEX_POINT ( 'NONE', #8 ) ;
#1433 = ORIENTED_EDGE ( 'NONE', *, *, #1653, .F. ) ;
#1434 = ORIENTED_EDGE ( 'NONE', *, *, #1545, .T. ) ;
#1435 = CARTESIAN_POINT ( 'NONE',  ( 0.04374999999999992784, 0.7999999999999999334, -0.09999999999999992228 ) ) ;
#1436 = CARTESIAN_POINT ( 'NONE',  ( -0.2562500000000000888, 0.7999999999999999334, -0.1336037275992573992 ) ) ;
#1437 = CARTESIAN_POINT ( 'NONE',  ( 0.000000000000000000, 1.499999999999999778, 0.000000000000000000 ) ) ;
#1438 = ADVANCED_FACE ( 'NONE', ( #2144 ), #817, .F. ) ;
#1439 = ORIENTED_EDGE ( 'NONE', *, *, #641, .T. ) ;
#1440 = CARTESIAN_POINT ( 'NONE',  ( -0.1703882516928548196, 0.4053969058701119565, 0.003189518059892030698 ) ) ;
#1441 = CARTESIAN_POINT ( 'NONE',  ( 0.2562500000000000333, 0.7999999999999999334, 0.1402189217281810396 ) ) ;
#1442 = EDGE_LOOP ( 'NONE', ( #1386, #417, #303, #1982 ) ) ;
#1443 = ORIENTED_EDGE ( 'NONE', *, *, #1914, .F. ) ;
#1444 = ORIENTED_EDGE ( 'NONE', *, *, #538, .F. ) ;
#1445 = CARTESIAN_POINT ( 'NONE',  ( -0.1636934085417411089, 0.4025939119131360378, -0.05237631189501736756 ) ) ;
#1446 = CARTESIAN_POINT ( 'NONE',  ( 0.03874999999999999972, 0.2999999999999999889, 0.000000000000000000 ) ) ;
#1447 = CARTESIAN_POINT ( 'NONE',  ( 0.1174901574803149662, 0.000000000000000000, 0.000000000000000000 ) ) ;
#1448 = CARTESIAN_POINT ( 'NONE',  ( 0.1703882516928547364, 0.2969467780764016851, 0.0009768093798512283033 ) ) ;
#1449 = CARTESIAN_POINT ( 'NONE',  ( -0.1200585794518659738, 0.8068305975282575870, -0.09999999999999985290 ) ) ;
#1450 = ADVANCED_FACE ( 'NONE', ( #661 ), #1479, .F. ) ;
#1451 = VERTEX_POINT ( 'NONE', #1140 ) ;
#1452 = CARTESIAN_POINT ( 'NONE',  ( -0.1703882516928548752, 0.2989673471883897982, -0.002709516496399725933 ) ) ;
#1453 = CARTESIAN_POINT ( 'NONE',  ( 0.2562499999999998668, 0.4362727941735728976, 0.1420619179151647038 ) ) ;
#1454 = ORIENTED_EDGE ( 'NONE', *, *, #1381, .F. ) ;
#1455 = ORIENTED_EDGE ( 'NONE', *, *, #492, .T. ) ;
#1456 = ORIENTED_EDGE ( 'NONE', *, *, #2008, .T. ) ;
#1457 = DIRECTION ( 'NONE',  ( 0.000000000000000000, 1.000000000000000000, -0.000000000000000000 ) ) ;
#1458 = CARTESIAN_POINT ( 'NONE',  ( -0.06612631189501699813, 0.2978605319654626937, -0.1499434085417414853 ) ) ;
#1459 = CARTESIAN_POINT ( 'NONE',  ( -0.1326051539030150273, 0.2998660992124811964, -0.1048299675281262611 ) ) ;
#1460 = CARTESIAN_POINT ( 'NONE',  ( -0.1174901574803149662, 0.000000000000000000, 0.003740157480314210744 ) ) ;
#1461 = PLANE ( 'NONE',  #1152 ) ;
#1462 = ORIENTED_EDGE ( 'NONE', *, *, #738, .T. ) ;
#1463 = EDGE_CURVE ( 'NONE', #921, #237, #91, .T. ) ;
#1464 = CARTESIAN_POINT ( 'NONE',  ( -0.2562499999999999778, 0.7999999999999998224, -0.09874063904388577506 ) ) ;
#1465 = CARTESIAN_POINT ( 'NONE',  ( 0.2562499999999999223, 0.7999999999999980460, 0.1316411212275860332 ) ) ;
#1466 = EDGE_LOOP ( 'NONE', ( #401, #1439, #174, #1393, #1248, #71 ) ) ;
#1467 = ORIENTED_EDGE ( 'NONE', *, *, #1530, .T. ) ;
#1468 = ADVANCED_FACE ( 'NONE', ( #1652 ), #828, .T. ) ;
#1469 = ORIENTED_EDGE ( 'NONE', *, *, #1613, .F. ) ;
#1470 = CIRCLE ( 'NONE', #914, 0.01000000000000000021 ) ;
#1471 = CARTESIAN_POINT ( 'NONE',  ( -0.02395747836997551630, 0.2988974066147074282, -0.1566382516928546409 ) ) ;
#1472 = CARTESIAN_POINT ( 'NONE',  ( -0.1390548505603306229, 0.3001520243178542602, -0.09704973084899023994 ) ) ;
#1473 = DIRECTION ( 'NONE',  ( 1.707404996040163525E-16, 0.000000000000000000, 1.000000000000000000 ) ) ;
#1474 = VECTOR ( 'NONE', #1937, 39.37007874015748143 ) ;
#1475 = CARTESIAN_POINT ( 'NONE',  ( 0.08516309046109292458, 0.3000917574401407162, -0.1412363531237435521 ) ) ;
#1476 = VERTEX_POINT ( 'NONE', #597 ) ;
#1477 = CARTESIAN_POINT ( 'NONE',  ( -0.1703882516928544033, 0.2999999999999999889, -0.002858234250822581750 ) ) ;
#1478 = CARTESIAN_POINT ( 'NONE',  ( 0.2562500000000000333, 0.7999999999999999334, 0.1479460064798415186 ) ) ;
#1479 = CYLINDRICAL_SURFACE ( 'NONE', #1581, 0.01000000000000000021 ) ;
#1480 = ADVANCED_FACE ( 'NONE', ( #1251 ), #2094, .T. ) ;
#1481 = CARTESIAN_POINT ( 'NONE',  ( -0.2562500000000000333, 0.7999999999999999334, -0.1479460064798414909 ) ) ;
#1482 = DIRECTION ( 'NONE',  ( -0.000000000000000000, -1.000000000000000000, -0.000000000000000000 ) ) ;
#1483 = DIRECTION ( 'NONE',  ( 0.000000000000000000, 0.000000000000000000, 1.000000000000000000 ) ) ;
#1484 = CARTESIAN_POINT ( 'NONE',  ( 0.1703882516928544588, 0.2969541346727995745, 0.0006466386482114278370 ) ) ;
#1485 = CARTESIAN_POINT ( 'NONE',  ( 0.01749015748031496759, 0.000000000000000000, -0.003740157480314961879 ) ) ;
#1486 = CARTESIAN_POINT ( 'NONE',  ( -0.1703882516928545698, 0.2999999999999999889, 0.003740157480314370772 ) ) ;
#1487 = ORIENTED_EDGE ( 'NONE', *, *, #12, .F. ) ;
#1488 = CARTESIAN_POINT ( 'NONE',  ( -0.2562499999999999223, 0.4557823961300195847, -0.09874063904388577506 ) ) ;
#1489 = CARTESIAN_POINT ( 'NONE',  ( 0.03826064869218914061, 0.2967264551475619627, 0.1558452122666556527 ) ) ;
#1490 = CIRCLE ( 'NONE', #1301, 0.09999999999999999167 ) ;
#1491 = CARTESIAN_POINT ( 'NONE',  ( 0.1703882516926685520, 0.2999999999989457766, 0.01383120436274610718 ) ) ;
#1492 = CARTESIAN_POINT ( 'NONE',  ( 0.01749015748031429798, 0.2999999999999999889, -0.1566382516928545854 ) ) ;
#1493 = EDGE_CURVE ( 'NONE', #1944, #1230, #560, .T. ) ;
#1494 = CARTESIAN_POINT ( 'NONE',  ( -0.1605872700019716215, 0.2999303366821679528, -0.05780103625290684832 ) ) ;
#1495 = CARTESIAN_POINT ( 'NONE',  ( 0.06649261234158712619, 0.3001805104243638889, -0.1489585289590946438 ) ) ;
#1496 = ORIENTED_EDGE ( 'NONE', *, *, #1628, .F. ) ;
#1497 = AXIS2_PLACEMENT_3D ( 'NONE', #1992, #997, #1146 ) ;
#1498 = CIRCLE ( 'NONE', #1872, 0.09999999999999999167 ) ;
#1499 = CARTESIAN_POINT ( 'NONE',  ( 0.1703882516928545421, 0.2999999999999997113, 0.002709516496400275407 ) ) ;
#1500 = CARTESIAN_POINT ( 'NONE',  ( 0.1703882516928545698, 0.4022121393136167122, -0.0006447676059046851234 ) ) ;
#1501 = CARTESIAN_POINT ( 'NONE',  ( 0.1501327544544182324, 0.3001467452651574996, 0.08049267189833995972 ) ) ;
#1502 = CARTESIAN_POINT ( 'NONE',  ( 0.04124999999999999500, 0.2999999999999999889, 0.01338562172233851398 ) ) ;
#1503 = VECTOR ( 'NONE', #621, 39.37007874015748143 ) ;
#1504 = CARTESIAN_POINT ( 'NONE',  ( 0.1654623297640000490, 0.3001807469468226741, -0.04365204004502934443 ) ) ;
#1505 = AXIS2_PLACEMENT_3D ( 'NONE', #1447, #1970, #1616 ) ;
#1506 = CARTESIAN_POINT ( 'NONE',  ( -0.1703882516928545976, 0.2999999999999999334, -0.003740157480314272326 ) ) ;
#1507 = ADVANCED_FACE ( 'NONE', ( #1879, #1217 ), #572, .F. ) ;
#1508 = CARTESIAN_POINT ( 'NONE',  ( 0.2562499999999999223, 0.7999999999999993783, 0.06008554859593344399 ) ) ;
#1509 = CARTESIAN_POINT ( 'NONE',  ( -0.1703882516928548752, 0.4015288442399839175, -0.0006466386482110557388 ) ) ;
#1510 = CARTESIAN_POINT ( 'NONE',  ( 0.1703882516928546809, 0.2989651783208098768, 0.003398305071320632028 ) ) ;
#1511 = CARTESIAN_POINT ( 'NONE',  ( 0.1703882516928547641, 0.2989723072775299362, -0.0009800650940371350827 ) ) ;
#1512 = CARTESIAN_POINT ( 'NONE',  ( 0.2562500000000000888, 0.4305669102669343329, 0.1479460064798414909 ) ) ;
#1513 = CARTESIAN_POINT ( 'NONE',  ( -0.005830052493437798064, 0.4085082242791811535, -0.1566382516928545854 ) ) ;
#1514 = DIRECTION ( 'NONE',  ( 0.000000000000000000, 1.000000000000000000, 0.000000000000000000 ) ) ;
#1515 = FACE_OUTER_BOUND ( 'NONE', #1273, .T. ) ;
#1516 = DIRECTION ( 'NONE',  ( 0.000000000000000000, 0.000000000000000000, -1.000000000000000000 ) ) ;
#1517 = CARTESIAN_POINT ( 'NONE',  ( -0.1703882516928547086, 0.4015169711296414645, -5.002446282671908168E-07 ) ) ;
#1518 = CARTESIAN_POINT ( 'NONE',  ( 0.1703882516928545421, 0.2989714987335101992, 0.002072052271911462972 ) ) ;
#1519 = EDGE_CURVE ( 'NONE', #613, #1405, #2057, .T. ) ;
#1520 = CARTESIAN_POINT ( 'NONE',  ( 0.1703882516928545421, 0.3000000000000005440, -0.0003206750014614785367 ) ) ;
#1521 = CARTESIAN_POINT ( 'NONE',  ( 0.005830052493438250827, 0.4061865216384424881, -0.1566382516928545854 ) ) ;
#1522 = CARTESIAN_POINT ( 'NONE',  ( 0.2562499999999999223, 0.4516065674576012490, -0.1275602203989895655 ) ) ;
#1523 = DIRECTION ( 'NONE',  ( 0.000000000000000000, 1.000000000000000000, 0.000000000000000000 ) ) ;
#1524 = CYLINDRICAL_SURFACE ( 'NONE', #149, 0.01000000000000000021 ) ;
#1525 = EDGE_LOOP ( 'NONE', ( #1733, #1454, #558, #1243 ) ) ;
#1526 = CARTESIAN_POINT ( 'NONE',  ( 0.1703882516928542923, 0.2989787544694993415, 0.001335416423958848357 ) ) ;
#1527 = CARTESIAN_POINT ( 'NONE',  ( -0.1703882516928546809, 0.2989821803835377989, 0.0003206750014617446541 ) ) ;
#1528 = CARTESIAN_POINT ( 'NONE',  ( 0.2562500000000000333, 0.7999999999999997113, 0.09874063904388603874 ) ) ;
#1529 = CARTESIAN_POINT ( 'NONE',  ( 0.1703882516928547641, 0.4027692722470533893, -0.0009800650940371350827 ) ) ;
#1530 = EDGE_CURVE ( 'NONE', #1790, #459, #397, .T. ) ;
#1531 = CARTESIAN_POINT ( 'NONE',  ( 0.05724198243039804040, 0.3001272657624897700, 0.1514887739717953319 ) ) ;
#1532 = CARTESIAN_POINT ( 'NONE',  ( 0.000000000000000000, 0.7999999999999999334, 0.000000000000000000 ) ) ;
#1533 = PRODUCT_RELATED_PRODUCT_CATEGORY ( 'part', '', ( #1572 ) ) ;
#1534 = CYLINDRICAL_SURFACE ( 'NONE', #250, 0.01000000000000000021 ) ;
#1535 = CIRCLE ( 'NONE', #116, 0.1562500000000000000 ) ;
#1536 = CARTESIAN_POINT ( 'NONE',  ( -0.1703882516928545976, 0.2999999999999999889, -0.01020747836997598461 ) ) ;
#1537 = CARTESIAN_POINT ( 'NONE',  ( -0.01749015748031431880, 0.2999999999999999889, 0.1566382516928545021 ) ) ;
#1538 = FACE_OUTER_BOUND ( 'NONE', #1883, .T. ) ;
#1539 = CARTESIAN_POINT ( 'NONE',  ( -0.1703882516928545976, 0.4027692722470531117, 0.0009800650940373295886 ) ) ;
#1540 = CARTESIAN_POINT ( 'NONE',  ( 0.2562499999999998668, 0.4569672783003526084, 0.1126280735506694219 ) ) ;
#1541 = CARTESIAN_POINT ( 'NONE',  ( 0.1703882516928545421, 0.4015169711296414645, 5.002446285684877418E-07 ) ) ;
#1542 = CARTESIAN_POINT ( 'NONE',  ( -0.1243541321688831081, 0.8328972489439088189, -0.09465656125852588143 ) ) ;
#1543 = CARTESIAN_POINT ( 'NONE',  ( -0.2541846386192231355, 0.7125538350306668267, -0.05022525529128454153 ) ) ;
#1544 = ORIENTED_EDGE ( 'NONE', *, *, #1381, .T. ) ;
#1545 = EDGE_CURVE ( 'NONE', #1944, #1649, #458, .T. ) ;
#1546 = CARTESIAN_POINT ( 'NONE',  ( 3.414809992080329023E-17, 0.7999999999999999334, -0.2958920129596832593 ) ) ;
#1547 = DIRECTION ( 'NONE',  ( 1.000000000000000000, -0.000000000000000000, 0.000000000000000000 ) ) ;
#1548 = CARTESIAN_POINT ( 'NONE',  ( -0.1389111270720243818, 0.2998755799487277107, 0.09716400271771774566 ) ) ;
#1549 = CARTESIAN_POINT ( 'NONE',  ( -0.01749015748031463105, 0.2999999999999999889, 0.1566382516928545021 ) ) ;
#1550 = CARTESIAN_POINT ( 'NONE',  ( -0.1703882516928546809, 0.2968980648328689576, 0.001329567043302926814 ) ) ;
#1551 = CARTESIAN_POINT ( 'NONE',  ( -0.1243672731711751439, 0.8329453755769614665, 0.09463925915392586152 ) ) ;
#1552 = CARTESIAN_POINT ( 'NONE',  ( -0.2536657756753323278, 0.7031787316580858649, -0.02585981678535172537 ) ) ;
#1553 = VERTEX_POINT ( 'NONE', #1911 ) ;
#1554 = EDGE_LOOP ( 'NONE', ( #476, #1951, #623, #109 ) ) ;
#1555 = DIRECTION ( 'NONE',  ( 0.000000000000000000, 1.000000000000000000, -0.000000000000000000 ) ) ;
#1556 = EDGE_CURVE ( 'NONE', #479, #1767, #1049, .T. ) ;
#1557 = VECTOR ( 'NONE', #724, 39.37007874015748143 ) ;
#1558 = LINE ( 'NONE', #755, #2090 ) ;
#1559 = LINE ( 'NONE', #354, #1181 ) ;
#1560 = DIRECTION ( 'NONE',  ( -1.000000000000000000, -0.000000000000000000, 1.340771175351984340E-16 ) ) ;
#1561 = ORIENTED_EDGE ( 'NONE', *, *, #2121, .F. ) ;
#1562 = CARTESIAN_POINT ( 'NONE',  ( -0.1528671662622159699, 0.8946490742603485646, 0.03293622501351432807 ) ) ;
#1563 = DIRECTION ( 'NONE',  ( 0.000000000000000000, -1.000000000000000000, 0.000000000000000000 ) ) ;
#1564 = CARTESIAN_POINT ( 'NONE',  ( 0.1703882516928544588, 0.2979025832583328537, -0.002386044132501115040 ) ) ;
#1565 = EDGE_LOOP ( 'NONE', ( #826, #323, #1719, #279 ) ) ;
#1566 = VERTEX_POINT ( 'NONE', #432 ) ;
#1567 = CIRCLE ( 'NONE', #638, 0.009999999999999995004 ) ;
#1568 = CARTESIAN_POINT ( 'NONE',  ( 0.000000000000000000, 0.3000393700787401530, -0.02499999999999999098 ) ) ;
#1569 = LINE ( 'NONE', #2044, #72 ) ;
#1570 = LINE ( 'NONE', #609, #569 ) ;
#1571 = CARTESIAN_POINT ( 'NONE',  ( -0.03874999999999999972, 0.3000393700787401530, -0.006771243444677038821 ) ) ;
#1572 = PRODUCT ( 'JoyStickCapV2', 'JoyStickCapV2', '', ( #535 ) ) ;
#1573 = ORIENTED_EDGE ( 'NONE', *, *, #1089, .F. ) ;
#1574 = FACE_OUTER_BOUND ( 'NONE', #1755, .T. ) ;
#1575 = CARTESIAN_POINT ( 'NONE',  ( -0.1346896312278917929, 0.8615413755797863837, -0.07983455645303685899 ) ) ;
#1576 = CARTESIAN_POINT ( 'NONE',  ( -0.2552879566327528327, 0.7389102123825336266, -0.07944124590232241878 ) ) ;
#1577 = CARTESIAN_POINT ( 'NONE',  ( 0.000000000000000000, 0.2999999999999999889, -0.1566382516928545299 ) ) ;
#1578 = DIRECTION ( 'NONE',  ( 0.000000000000000000, 1.000000000000000000, -0.000000000000000000 ) ) ;
#1579 = CARTESIAN_POINT ( 'NONE',  ( -0.2562500000000001443, 0.7933971550719661758, 0.1000000000000002415 ) ) ;
#1580 = LINE ( 'NONE', #411, #1335 ) ;
#1581 = AXIS2_PLACEMENT_3D ( 'NONE', #304, #1001, #1644 ) ;
#1582 = CARTESIAN_POINT ( 'NONE',  ( -0.1703882516928545698, 0.2989452665426892697, 0.003499437747600748876 ) ) ;
#1583 = ORIENTED_EDGE ( 'NONE', *, *, #1584, .F. ) ;
#1584 = EDGE_CURVE ( 'NONE', #228, #1792, #1806, .T. ) ;
#1585 = CARTESIAN_POINT ( 'NONE',  ( 0.1708333333333333093, 0.7999999999999999334, -0.1972613419731222839 ) ) ;
#1586 = CARTESIAN_POINT ( 'NONE',  ( -0.1557938300144053878, 0.8992911649343030556, -0.01362370418492217863 ) ) ;
#1587 = CARTESIAN_POINT ( 'NONE',  ( -0.01749015748031463105, 0.2999999999999999889, 0.1566382516928545021 ) ) ;
#1588 = EDGE_LOOP ( 'NONE', ( #633, #1742, #2069, #1400 ) ) ;
#1589 = LINE ( 'NONE', #1070, #1288 ) ;
#1590 = DIRECTION ( 'NONE',  ( 0.000000000000000000, 0.000000000000000000, 1.000000000000000000 ) ) ;
#1591 = CARTESIAN_POINT ( 'NONE',  ( 0.03374999999999999528, 0.000000000000000000, -0.01999999999999998654 ) ) ;
#1592 = CARTESIAN_POINT ( 'NONE',  ( -0.02052124344467704323, 0.000000000000000000, -0.02499999999999999098 ) ) ;
#1593 = ORIENTED_EDGE ( 'NONE', *, *, #482, .T. ) ;
#1594 = CARTESIAN_POINT ( 'NONE',  ( -0.1703882516928543200, 0.2989471010778372295, 0.002956394529179813893 ) ) ;
#1595 = CARTESIAN_POINT ( 'NONE',  ( 0.1703882516928545698, 0.2968355044001469434, -0.003740157480313865968 ) ) ;
#1596 = ORIENTED_EDGE ( 'NONE', *, *, #1463, .T. ) ;
#1597 = CARTESIAN_POINT ( 'NONE',  ( 0.2562499999999999223, 0.4486769804329595046, -0.1458454036663783260 ) ) ;
#1598 = ORIENTED_EDGE ( 'NONE', *, *, #691, .F. ) ;
#1599 = ORIENTED_EDGE ( 'NONE', *, *, #1626, .T. ) ;
#1600 = CARTESIAN_POINT ( 'NONE',  ( 0.03374999999999999528, 0.2999999999999999889, -0.01999999999999998654 ) ) ;
#1601 = EDGE_CURVE ( 'NONE', #1476, #2102, #870, .T. ) ;
#1602 = CIRCLE ( 'NONE', #1150, 0.09999999999999999167 ) ;
#1603 = CARTESIAN_POINT ( 'NONE',  ( -0.1265001023353233001, 0.2989670683798492101, -0.1127501023353234683 ) ) ;
#1604 = DIRECTION ( 'NONE',  ( -0.1736481776669307198, -0.9848077530122080203, -1.244322093358440104E-15 ) ) ;
#1605 = ORIENTED_EDGE ( 'NONE', *, *, #762, .F. ) ;
#1606 = CARTESIAN_POINT ( 'NONE',  ( -0.1703882516928552915, 0.4045180297627191668, 0.002057307070536304201 ) ) ;
#1607 = CARTESIAN_POINT ( 'NONE',  ( 0.1265001023353232168, 0.2989670683798489881, 0.1127501023353241760 ) ) ;
#1608 = COLOUR_RGB ( '',0.7921568627450980005, 0.8196078431372548767, 0.9333333333333333481 ) ;
#1609 = B_SPLINE_CURVE_WITH_KNOTS ( 'NONE', 3,
 ( #868, #382, #1853, #1339, #1531, #700, #189, #1202, #42, #1183, #673, #2019, #1355, #1501, #1863, #1828, #1039, #1841, #1696, #829, #1491, #1987 ),
 .UNSPECIFIED., .F., .F.,
 ( 4, 2, 2, 2, 2, 2, 2, 2, 2, 2, 4 ),
 ( 1.333568672157170300E-17, 0.0007670116302796982843, 0.001150517445419540867, 0.001534023260559383125, 0.002301034890839068724, 0.003068046521118754540, 0.003835058151398440356, 0.004602069781678125304, 0.004985575596817969080, 0.005369081411957811988, 0.006136093042237496936 ),
 .UNSPECIFIED. ) ;
#1610 = VERTEX_POINT ( 'NONE', #917 ) ;
#1611 = EDGE_LOOP ( 'NONE', ( #627, #1278, #1727, #1214 ) ) ;
#1612 = ORIENTED_EDGE ( 'NONE', *, *, #2048, .T. ) ;
#1613 = EDGE_CURVE ( 'NONE', #601, #642, #1558, .T. ) ;
#1614 = CARTESIAN_POINT ( 'NONE',  ( -0.1487165057355107067, 0.3000000000000000999, -0.08506669239732099486 ) ) ;
#1615 = CARTESIAN_POINT ( 'NONE',  ( 0.2562500000000000333, 0.7999999999999999334, 0.1479460064798415186 ) ) ;
#1616 = DIRECTION ( 'NONE',  ( 0.1736481776669306920, 0.9848077530122080203, 0.000000000000000000 ) ) ;
#1617 = VERTEX_POINT ( 'NONE', #245 ) ;
#1618 = CARTESIAN_POINT ( 'NONE',  ( 0.1636934085417411366, 0.2969221826426052258, 0.05237631189501809614 ) ) ;
#1619 = ORIENTED_EDGE ( 'NONE', *, *, #527, .T. ) ;
#1620 = ORIENTED_EDGE ( 'NONE', *, *, #541, .F. ) ;
#1621 = ORIENTED_EDGE ( 'NONE', *, *, #1493, .F. ) ;
#1622 =( NAMED_UNIT ( * ) SI_UNIT ( $, .STERADIAN. ) SOLID_ANGLE_UNIT ( ) );
#1623 = CARTESIAN_POINT ( 'NONE',  ( -0.1265001023353233001, 0.2979341367596987089, -0.1127501023353234683 ) ) ;
#1624 = CARTESIAN_POINT ( 'NONE',  ( -0.1703882516928551805, 0.4049437307737465686, 0.08812691066485070501 ) ) ;
#1625 = DIRECTION ( 'NONE',  ( 0.000000000000000000, -0.9848077530122080203, -0.1736481776669306920 ) ) ;
#1626 = EDGE_CURVE ( 'NONE', #131, #2124, #1569, .T. ) ;
#1627 = EDGE_LOOP ( 'NONE', ( #1599, #1178, #1090, #1041 ) ) ;
#1628 = EDGE_CURVE ( 'NONE', #1617, #1775, #1413, .T. ) ;
#1629 = AXIS2_PLACEMENT_3D ( 'NONE', #919, #104, #434 ) ;
#1630 = CARTESIAN_POINT ( 'NONE',  ( 0.2562499999999999223, 0.4507652878599169299, 0.1316411212275860609 ) ) ;
#1631 = ADVANCED_BREP_SHAPE_REPRESENTATION ( 'JoyStickCapV2', ( #628, #1113 ), #602 ) ;
#1632 = ORIENTED_EDGE ( 'NONE', *, *, #1766, .T. ) ;
#1633 = CARTESIAN_POINT ( 'NONE',  ( -0.02713562172233852099, 0.2999999999999999889, 0.02749999999999998973 ) ) ;
#1634 = ORIENTED_EDGE ( 'NONE', *, *, #196, .F. ) ;
#1635 = ORIENTED_EDGE ( 'NONE', *, *, #1422, .F. ) ;
#1636 = CARTESIAN_POINT ( 'NONE',  ( -0.02395747836997551630, 0.2999999999999999889, -0.1566382516928546409 ) ) ;
#1637 = CARTESIAN_POINT ( 'NONE',  ( -0.01749015748031500922, 0.4038648189977039338, 0.1566382516928545021 ) ) ;
#1638 = VECTOR ( 'NONE', #1351, 39.37007874015748143 ) ;
#1639 = CARTESIAN_POINT ( 'NONE',  ( 0.02052124344467704323, 0.2999999999999999889, -0.03499999999999998945 ) ) ;
#1640 = ORIENTED_EDGE ( 'NONE', *, *, #12, .T. ) ;
#1641 = CARTESIAN_POINT ( 'NONE',  ( 0.03826064869218914061, 0.2989088183825205358, 0.1558452122666556527 ) ) ;
#1642 = ADVANCED_FACE ( 'NONE', ( #80 ), #67, .T. ) ;
#1643 = VECTOR ( 'NONE', #904, 39.37007874015748143 ) ;
#1644 = DIRECTION ( 'NONE',  ( 0.000000000000000000, 0.000000000000000000, -1.000000000000000000 ) ) ;
#1645 = AXIS2_PLACEMENT_3D ( 'NONE', #912, #1563, #415 ) ;
#1646 = CARTESIAN_POINT ( 'NONE',  ( -0.1703882516928551805, 0.2968516880767875787, 0.08812691066485070501 ) ) ;
#1647 = CARTESIAN_POINT ( 'NONE',  ( 0.1703882516928547364, 0.2989822593588011834, 0.0009768093798512283033 ) ) ;
#1648 = CARTESIAN_POINT ( 'NONE',  ( -0.2562500000000000333, 0.7999999999999999334, -0.1479460064798414909 ) ) ;
#1649 = VERTEX_POINT ( 'NONE', #608 ) ;
#1650 = CARTESIAN_POINT ( 'NONE',  ( -0.1703882516928548752, 0.2979346943767798295, -0.002709516496399725933 ) ) ;
#1651 = CARTESIAN_POINT ( 'NONE',  ( 0.06612631189501695650, 0.4069734017268595294, 0.1499434085417418461 ) ) ;
#1652 = FACE_OUTER_BOUND ( 'NONE', #970, .T. ) ;
#1653 = EDGE_CURVE ( 'NONE', #782, #147, #1602, .T. ) ;
#1654 = DIRECTION ( 'NONE',  ( -0.000000000000000000, -1.000000000000000000, 0.000000000000000000 ) ) ;
#1655 = DIRECTION ( 'NONE',  ( 0.000000000000000000, 1.000000000000000000, -0.000000000000000000 ) ) ;
#1656 = CARTESIAN_POINT ( 'NONE',  ( -0.1703882516928545698, 0.4054831866617679692, 0.003740157480313813058 ) ) ;
#1657 = ORIENTED_EDGE ( 'NONE', *, *, #908, .F. ) ;
#1658 = CARTESIAN_POINT ( 'NONE',  ( 0.1703882516928545421, 0.2999999999999999889, 0.002858234250823156811 ) ) ;
#1659 = CARTESIAN_POINT ( 'NONE',  ( 0.04874999999999999473, 0.3000393700787401530, -0.006771243444677038821 ) ) ;
#1660 = ADVANCED_FACE ( 'NONE', ( #1095 ), #911, .T. ) ;
#1661 = CARTESIAN_POINT ( 'NONE',  ( -0.000000000000000000, 0.4537839366743200431, 0.2958920129596832593 ) ) ;
#1662 = CARTESIAN_POINT ( 'NONE',  ( -0.1703882516928545698, 0.2968944310200160031, -0.003258718014888154803 ) ) ;
#1663 = CARTESIAN_POINT ( 'NONE',  ( 0.1389111270720239655, 0.2998755799487271556, -0.09716400271771802322 ) ) ;
#1664 = ORIENTED_EDGE ( 'NONE', *, *, #2011, .T. ) ;
#1665 = VECTOR ( 'NONE', #1274, 39.37007874015748143 ) ;
#1666 = CARTESIAN_POINT ( 'NONE',  ( -0.1703882516928546809, 0.2989660216109563118, 0.001329567043302926814 ) ) ;
#1667 = CARTESIAN_POINT ( 'NONE',  ( 0.1703882516928546809, 0.4030962022424565139, 0.002361965639008134325 ) ) ;
#1668 = FACE_OUTER_BOUND ( 'NONE', #2101, .T. ) ;
#1669 = CIRCLE ( 'NONE', #1915, 0.1562500000000000000 ) ;
#1670 = DIRECTION ( 'NONE',  ( -0.000000000000000000, -1.000000000000000000, 0.000000000000000000 ) ) ;
#1671 = CARTESIAN_POINT ( 'NONE',  ( -0.06649261234158798661, 0.3001805104243640554, 0.1489585289590943662 ) ) ;
#1672 = CARTESIAN_POINT ( 'NONE',  ( 0.03874999999999999972, 0.000000000000000000, 0.000000000000000000 ) ) ;
#1673 = CARTESIAN_POINT ( 'NONE',  ( -0.2562500000000001443, 0.4595848231667758466, -0.06008554859593270153 ) ) ;
#1674 = CARTESIAN_POINT ( 'NONE',  ( 0.1703882516928545421, 0.2979346943767798295, 0.002709516496400275407 ) ) ;
#1675 = CARTESIAN_POINT ( 'NONE',  ( 0.1703882516928545421, 0.2989848302887030962, 5.002446285684877418E-07 ) ) ;
#1676 = DIRECTION ( 'NONE',  ( 0.000000000000000000, 1.000000000000000000, 0.000000000000000000 ) ) ;
#1677 = PLANE ( 'NONE',  #905 ) ;
#1678 = CARTESIAN_POINT ( 'NONE',  ( -0.1703882516928547364, 0.3000000000000000444, 0.01384479087019699003 ) ) ;
#1679 = EDGE_CURVE ( 'NONE', #1701, #1064, #1825, .T. ) ;
#1680 = CARTESIAN_POINT ( 'NONE',  ( -0.01749015748031422859, 0.000000000000000000, -0.1037401574803149540 ) ) ;
#1681 = CARTESIAN_POINT ( 'NONE',  ( -0.2562500000000000888, 0.8000000000000001554, -0.06008554859593270153 ) ) ;
#1682 = CARTESIAN_POINT ( 'NONE',  ( 0.2562499999999998113, 0.7999999999999998224, 0.1126280735506694219 ) ) ;
#1683 = ADVANCED_FACE ( 'NONE', ( #1135 ), #327, .T. ) ;
#1684 = CARTESIAN_POINT ( 'NONE',  ( 0.2562499999999999778, 0.7999999999999998224, 0.02225551529606781265 ) ) ;
#1685 = FACE_OUTER_BOUND ( 'NONE', #97, .T. ) ;
#1686 = CARTESIAN_POINT ( 'NONE',  ( 0.2562499999999999223, 0.7999999999999997113, -0.1275602203989895655 ) ) ;
#1687 = AXIS2_PLACEMENT_3D ( 'NONE', #409, #1578, #1590 ) ;
#1688 = CARTESIAN_POINT ( 'NONE',  ( 0.03374999999999999528, 0.000000000000000000, -0.02999999999999998848 ) ) ;
#1689 = CARTESIAN_POINT ( 'NONE',  ( -0.08516309046109367398, 0.3000917574401411048, 0.1412363531237433301 ) ) ;
#1690 = EDGE_LOOP ( 'NONE', ( #6, #1112, #412, #1084, #1902, #1664, #1092, #1605, #1127, #1260, #291, #1409, #1159, #125, #787, #1455, #617, #648 ) ) ;
#1691 = CARTESIAN_POINT ( 'NONE',  ( -0.2562499999999999223, 0.8000000000000000444, 0.06345753678991650215 ) ) ;
#1692 = CARTESIAN_POINT ( 'NONE',  ( 0.1703882516928545421, 0.2989673471883897982, 0.002709516496400275407 ) ) ;
#1693 = CARTESIAN_POINT ( 'NONE',  ( 0.1703882516928543200, 0.2979320432219123016, -0.001329567043302776544 ) ) ;
#1694 = CIRCLE ( 'NONE', #2016, 0.1562500000000000000 ) ;
#1695 = EDGE_CURVE ( 'NONE', #1566, #1617, #979, .T. ) ;
#1696 = CARTESIAN_POINT ( 'NONE',  ( 0.1664442704240891024, 0.3000836201698076078, 0.03867168460480120695 ) ) ;
#1697 = CARTESIAN_POINT ( 'NONE',  ( 0.000000000000000000, 1.499999999999999778, 0.2958920129596832593 ) ) ;
#1698 = ORIENTED_EDGE ( 'NONE', *, *, #1723, .T. ) ;
#1699 = DIRECTION ( 'NONE',  ( 0.000000000000000000, 1.000000000000000000, 0.000000000000000000 ) ) ;
#1700 = DIRECTION ( 'NONE',  ( 0.000000000000000000, -1.000000000000000000, 0.000000000000000000 ) ) ;
#1701 = VERTEX_POINT ( 'NONE', #591 ) ;
#1702 = CARTESIAN_POINT ( 'NONE',  ( -0.1703882516928546809, 0.2969465411506132524, 0.0003206750014617446541 ) ) ;
#1703 = CARTESIAN_POINT ( 'NONE',  ( 0.2562500000000001443, 0.4607267945125749220, -0.04234342956486604470 ) ) ;
#1704 = VECTOR ( 'NONE', #1813, 39.37007874015748143 ) ;
#1705 = CARTESIAN_POINT ( 'NONE',  ( -0.1558161793356334368, 0.8993261498254577768, 0.01337869524692998635 ) ) ;
#1706 = ADVANCED_FACE ( 'NONE', ( #450 ), #1777, .F. ) ;
#1707 = ORIENTED_EDGE ( 'NONE', *, *, #2048, .F. ) ;
#1708 = ORIENTED_EDGE ( 'NONE', *, *, #307, .F. ) ;
#1709 = CARTESIAN_POINT ( 'NONE',  ( -0.03874999999999999972, 0.000000000000000000, -0.006771243444677038821 ) ) ;
#1710 = DIRECTION ( 'NONE',  ( 0.000000000000000000, 1.000000000000000000, -0.000000000000000000 ) ) ;
#1711 = DIRECTION ( 'NONE',  ( -0.8660254037844388186, 0.000000000000000000, -0.4999999999999998335 ) ) ;
#1712 = LINE ( 'NONE', #1571, #140 ) ;
#1713 = CARTESIAN_POINT ( 'NONE',  ( -0.1703882516928540147, 0.3000000000000000999, 0.001709241011697628342 ) ) ;
#1714 = ORIENTED_EDGE ( 'NONE', *, *, #248, .F. ) ;
#1715 = CARTESIAN_POINT ( 'NONE',  ( -0.1200585794518659738, 0.8000000000000001554, -0.09999999999999990841 ) ) ;
#1716 = AXIS2_PLACEMENT_3D ( 'NONE', #1659, #168, #1227 ) ;
#1717 = SURFACE_STYLE_USAGE ( .BOTH. , #1730 ) ;
#1718 = CARTESIAN_POINT ( 'NONE',  ( 0.1703882516928545421, 0.4040280879494364541, -0.001709241011697506044 ) ) ;
#1719 = ORIENTED_EDGE ( 'NONE', *, *, #580, .F. ) ;
#1720 = ORIENTED_EDGE ( 'NONE', *, *, #294, .T. ) ;
#1721 = PLANE ( 'NONE',  #39 ) ;
#1722 = CIRCLE ( 'NONE', #1175, 0.09999999999999999167 ) ;
#1723 = EDGE_CURVE ( 'NONE', #913, #1405, #943, .T. ) ;
#1724 = CARTESIAN_POINT ( 'NONE',  ( 3.414809992080329023E-17, 0.4537839366743200431, -0.2958920129596832593 ) ) ;
#1725 = LINE ( 'NONE', #1899, #2097 ) ;
#1726 = LINE ( 'NONE', #1088, #522 ) ;
#1727 = ORIENTED_EDGE ( 'NONE', *, *, #1310, .F. ) ;
#1728 = CARTESIAN_POINT ( 'NONE',  ( 0.01749015748031430839, 0.4038648189977039338, -0.1566382516928545854 ) ) ;
#1729 = CARTESIAN_POINT ( 'NONE',  ( -0.1528231562285549960, 0.8945779417786632326, -0.03313316735752733222 ) ) ;
#1730 = SURFACE_SIDE_STYLE ('',( #1864 ) ) ;
#1731 = CARTESIAN_POINT ( 'NONE',  ( 0.2562499999999999223, 0.4490336926122564520, -0.1435698136200783681 ) ) ;
#1732 = ORIENTED_EDGE ( 'NONE', *, *, #818, .T. ) ;
#1733 = ORIENTED_EDGE ( 'NONE', *, *, #1233, .T. ) ;
#1734 = AXIS2_PLACEMENT_3D ( 'NONE', #1918, #463, #1789 ) ;
#1735 = CARTESIAN_POINT ( 'NONE',  ( -0.01749015748031439860, 0.2999999999999999889, -0.1566382516928545854 ) ) ;
#1736 = DIRECTION ( 'NONE',  ( 0.000000000000000000, 0.000000000000000000, 1.000000000000000000 ) ) ;
#1737 = CARTESIAN_POINT ( 'NONE',  ( -0.2547463641305516280, 0.7246169659796537488, 0.06603666964842727638 ) ) ;
#1738 = APPLICATION_CONTEXT ( 'automotive_design' ) ;
#1739 = CARTESIAN_POINT ( 'NONE',  ( 0.04124999999999999500, 0.000000000000000000, 0.01338562172233851398 ) ) ;
#1740 = B_SPLINE_SURFACE_WITH_KNOTS ( 'NONE', 3, 3, ( 
 ( #831, #316, #841, #1816, #10, #654, #2114 ),
 ( #1646, #3, #468, #630, #1624, #1969, #1803 ),
 ( #309, #1323, #340, #675, #325, #138, #1312 ),
 ( #811, #510, #2127, #964, #1637, #1661, #1005 ) ),
 .UNSPECIFIED., .F., .F., .F.,
 ( 4, 4 ),
 ( 4, 3, 4 ),
 ( 0.000000000000000000, 1.000000000000000000 ),
 ( -0.01000000000000000021, 0.000000000000000000, 1.000000000000000000 ),
 .UNSPECIFIED. ) ;
#1741 = CIRCLE ( 'NONE', #1845, 0.01000000000000000021 ) ;
#1742 = ORIENTED_EDGE ( 'NONE', *, *, #867, .T. ) ;
#1743 = CARTESIAN_POINT ( 'NONE',  ( -0.1206433788653979988, 0.8134890752042934770, -0.09930832513237836112 ) ) ;
#1744 = PRESENTATION_STYLE_ASSIGNMENT (( #1717 ) ) ;
#1745 = CARTESIAN_POINT ( 'NONE',  ( 0.1703882516928544588, 0.2989471010778367299, -0.002956394529179791342 ) ) ;
#1746 = ORIENTED_EDGE ( 'NONE', *, *, #1752, .T. ) ;
#1747 = ORIENTED_EDGE ( 'NONE', *, *, #2093, .F. ) ;
#1748 = CARTESIAN_POINT ( 'NONE',  ( 0.03874999999999999972, 0.000000000000000000, 0.006771243444677038821 ) ) ;
#1749 = CARTESIAN_POINT ( 'NONE',  ( -0.03874999999999999972, 0.000000000000000000, -0.000000000000000000 ) ) ;
#1750 = CARTESIAN_POINT ( 'NONE',  ( -0.2552906628040398362, 0.7389790988491780066, 0.07949115524469584082 ) ) ;
#1751 = CARTESIAN_POINT ( 'NONE',  ( 0.04374999999999994171, 0.7999999999999999334, 1.307265257910482348E-16 ) ) ;
#1752 = EDGE_CURVE ( 'NONE', #1931, #885, #1216, .T. ) ;
#1753 = ORIENTED_EDGE ( 'NONE', *, *, #992, .F. ) ;
#1754 = EDGE_LOOP ( 'NONE', ( #262, #834, #1714, #1561, #1657, #407, #122, #960 ) ) ;
#1755 = EDGE_LOOP ( 'NONE', ( #1907, #771, #1487, #2030 ) ) ;
#1756 = CARTESIAN_POINT ( 'NONE',  ( -0.01749015748031384695, 0.4108299269199196524, -0.1566382516928545854 ) ) ;
#1757 = CARTESIAN_POINT ( 'NONE',  ( 0.1174901574803149662, 0.000000000000000000, -0.003740157480314245438 ) ) ;
#1758 = FACE_OUTER_BOUND ( 'NONE', #1107, .T. ) ;
#1759 = CARTESIAN_POINT ( 'NONE',  ( -0.1703882516928540147, 0.4040280879494366206, 0.001709241011697628342 ) ) ;
#1760 = ORIENTED_EDGE ( 'NONE', *, *, #538, .T. ) ;
#1761 = CARTESIAN_POINT ( 'NONE',  ( -0.1703882516928548196, 0.2999999999999998224, 0.003189518059892030698 ) ) ;
#1762 = CARTESIAN_POINT ( 'NONE',  ( 0.1265001023353232168, 0.2999999999999995448, 0.1127501023353241760 ) ) ;
#1763 = DIMENSIONAL_EXPONENTS ( 1.000000000000000000, 0.000000000000000000, 0.000000000000000000, 0.000000000000000000, 0.000000000000000000, 0.000000000000000000, 0.000000000000000000 ) ;
#1764 = ORIENTED_EDGE ( 'NONE', *, *, #43, .F. ) ;
#1765 = CARTESIAN_POINT ( 'NONE',  ( 0.1703882516928544866, 0.2978920618825974254, -0.003189518059892028964 ) ) ;
#1766 = EDGE_CURVE ( 'NONE', #131, #1792, #364, .T. ) ;
#1767 = VERTEX_POINT ( 'NONE', #891 ) ;
#1768 = ORIENTED_EDGE ( 'NONE', *, *, #492, .F. ) ;
#1769 = CARTESIAN_POINT ( 'NONE',  ( -0.02052124344467704323, 0.3000393700787401530, 0.03499999999999998945 ) ) ;
#1770 = CIRCLE ( 'NONE', #735, 0.1562500000000000000 ) ;
#1771 = CARTESIAN_POINT ( 'NONE',  ( -0.1636934085417411089, 0.2979481217617368505, -0.05237631189501737450 ) ) ;
#1772 = CARTESIAN_POINT ( 'NONE',  ( -0.1174901574803149662, 0.000000000000000000, -0.003740157480314245005 ) ) ;
#1773 = CARTESIAN_POINT ( 'NONE',  ( -0.03874999999999999972, 0.2999999999999999889, -0.006771243444677038821 ) ) ;
#1774 = CARTESIAN_POINT ( 'NONE',  ( 0.1703882516928544588, 0.2989847115575992587, 0.0006466386482114278370 ) ) ;
#1775 = VERTEX_POINT ( 'NONE', #1709 ) ;
#1776 = CARTESIAN_POINT ( 'NONE',  ( 0.1487165057355102626, 0.2979503099437905700, 0.08506669239732092547 ) ) ;
#1777 = CYLINDRICAL_SURFACE ( 'NONE', #1215, 0.01000000000000000021 ) ;
#1778 = AXIS2_PLACEMENT_3D ( 'NONE', #81, #1403, #585 ) ;
#1779 = CARTESIAN_POINT ( 'NONE',  ( 0.2562499999999999223, 0.4484877871011160311, -0.1470707128694024313 ) ) ;
#1780 = ORIENTED_EDGE ( 'NONE', *, *, #778, .T. ) ;
#1781 = VERTEX_POINT ( 'NONE', #1688 ) ;
#1782 = EDGE_CURVE ( 'NONE', #1376, #1476, #496, .T. ) ;
#1783 = CARTESIAN_POINT ( 'NONE',  ( -0.1695952122666559425, 0.2989709018349012704, -0.02451064869218980494 ) ) ;
#1784 = CARTESIAN_POINT ( 'NONE',  ( -0.1703882516926691348, 0.2999999999989478305, -0.01380875428880591962 ) ) ;
#1785 = DIRECTION ( 'NONE',  ( 0.000000000000000000, -1.000000000000000000, 0.000000000000000000 ) ) ;
#1786 = CARTESIAN_POINT ( 'NONE',  ( 0.1703882516928546809, 0.2999999999999999334, -0.01384479087019709238 ) ) ;
#1787 = ORIENTED_EDGE ( 'NONE', *, *, #1237, .T. ) ;
#1788 = CARTESIAN_POINT ( 'NONE',  ( 0.01749015748031423553, 0.000000000000000000, 0.1037401574803149401 ) ) ;
#1789 = DIRECTION ( 'NONE',  ( 0.000000000000000000, 0.000000000000000000, 1.000000000000000000 ) ) ;
#1790 = VERTEX_POINT ( 'NONE', #1015 ) ;
#1791 = DIRECTION ( 'NONE',  ( 0.000000000000000000, 0.000000000000000000, 1.000000000000000000 ) ) ;
#1792 = VERTEX_POINT ( 'NONE', #850 ) ;
#1793 = ORIENTED_EDGE ( 'NONE', *, *, #43, .T. ) ;
#1794 = CARTESIAN_POINT ( 'NONE',  ( -0.03826064869218923775, 0.2978176367650411938, -0.1558452122666558470 ) ) ;
#1795 = CARTESIAN_POINT ( 'NONE',  ( -0.1547672102606241495, 0.2997645563094137877, -0.07172036803423492701 ) ) ;
#1796 = DIRECTION ( 'NONE',  ( 0.000000000000000000, 1.000000000000000000, -0.000000000000000000 ) ) ;
#1797 = DIRECTION ( 'NONE',  ( 0.000000000000000000, 1.000000000000000000, 0.000000000000000000 ) ) ;
#1798 = ORIENTED_EDGE ( 'NONE', *, *, #951, .F. ) ;
#1799 = CARTESIAN_POINT ( 'NONE',  ( -0.1703882516928541258, 0.4025209587459863680, -0.001698584890128037629 ) ) ;
#1800 = CARTESIAN_POINT ( 'NONE',  ( -3.414809992080329023E-17, 0.7999999999999999334, -0.2958920129596833148 ) ) ;
#1801 = VERTEX_POINT ( 'NONE', #226 ) ;
#1802 = CARTESIAN_POINT ( 'NONE',  ( -0.2562500000000002554, 0.7999999999999997113, -0.1210862638665762547 ) ) ;
#1803 = CARTESIAN_POINT ( 'NONE',  ( -0.1708333333333333370, 0.7999999999999999334, 0.1972613419731221451 ) ) ;
#1804 = AXIS2_PLACEMENT_3D ( 'NONE', #540, #1555, #1340 ) ;
#1805 = VECTOR ( 'NONE', #2140, 39.37007874015748143 ) ;
#1806 = CIRCLE ( 'NONE', #672, 0.01000000000000000021 ) ;
#1807 = CARTESIAN_POINT ( 'NONE',  ( 0.03750159679199249058, 0.3000925680089462366, -0.1556631501856210464 ) ) ;
#1808 = EDGE_CURVE ( 'NONE', #1225, #440, #1567, .T. ) ;
#1809 = EDGE_LOOP ( 'NONE', ( #774, #1281, #568, #1272, #328, #1753 ) ) ;
#1810 = CARTESIAN_POINT ( 'NONE',  ( 0.02395747836997553018, 0.2999999999999999889, 0.1566382516928545854 ) ) ;
#1811 = LINE ( 'NONE', #671, #29 ) ;
#1812 = B_SPLINE_CURVE_WITH_KNOTS ( 'NONE', 3,
 ( #1959, #1784, #995, #1299, #171, #645, #1494, #1795, #1132, #1472, #1459, #821, #151, #1948, #2138, #1165, #1332, #1829, #1286, #1016, #872, #1341 ),
 .UNSPECIFIED., .F., .F.,
 ( 4, 2, 2, 2, 2, 2, 2, 2, 2, 2, 4 ),
 ( 6.911788849595089804E-19, 0.0007670119075037731436, 0.001150517861255659011, 0.001534023815007545203, 0.002301035722511316720, 0.003068047630015088238, 0.003835059537518858887, 0.004602071445022629971, 0.004985577398774515730, 0.005369083352526401488, 0.006136095260030173873 ),
 .UNSPECIFIED. ) ;
#1813 = DIRECTION ( 'NONE',  ( 0.000000000000000000, 0.000000000000000000, -1.000000000000000000 ) ) ;
#1814 = CIRCLE ( 'NONE', #916, 0.01000000000000000021 ) ;
#1815 = CARTESIAN_POINT ( 'NONE',  ( -0.2562500000000000333, 0.7999999999999999334, -0.1402189217281810119 ) ) ;
#1816 = CARTESIAN_POINT ( 'NONE',  ( -0.1703882516928545698, 0.2999999999999999889, 0.003740157480313813058 ) ) ;
#1817 = DIRECTION ( 'NONE',  ( -0.000000000000000000, -1.000000000000000000, 0.000000000000000000 ) ) ;
#1818 = CARTESIAN_POINT ( 'NONE',  ( -0.1703882516928539870, 0.2989512916291671707, 0.002386044132501179658 ) ) ;
#1819 = VECTOR ( 'NONE', #1324, 39.37007874015748143 ) ;
#1820 = DIRECTION ( 'NONE',  ( 0.000000000000000000, 0.000000000000000000, 1.000000000000000000 ) ) ;
#1821 = CARTESIAN_POINT ( 'NONE',  ( -0.1703882516928545698, 0.4054831866617679692, 0.003740157480313813058 ) ) ;
#1822 = ORIENTED_EDGE ( 'NONE', *, *, #1250, .T. ) ;
#1823 = CARTESIAN_POINT ( 'NONE',  ( -0.2562500000000000888, 0.4571662445036213107, -0.08635819890513973807 ) ) ;
#1824 = CARTESIAN_POINT ( 'NONE',  ( 0.1703882516928545698, 0.2979252920608717603, 0.01020747836997660564 ) ) ;
#1825 = B_SPLINE_CURVE_WITH_KNOTS ( 'NONE', 3,
 ( #1486, #1656, #2118, #143 ),
 .UNSPECIFIED., .F., .F.,
 ( 4, 4 ),
 ( 0.000000000000000000, 1.000000000000000000 ),
 .UNSPECIFIED. ) ;
#1826 = CARTESIAN_POINT ( 'NONE',  ( -0.1200585794518659738, 0.8000000000000001554, -0.09999999999999990841 ) ) ;
#1827 = EDGE_CURVE ( 'NONE', #1931, #1906, #2001, .T. ) ;
#1828 = CARTESIAN_POINT ( 'NONE',  ( 0.1606221429630620146, 0.2999328437456565966, 0.05770557687110162981 ) ) ;
#1829 = CARTESIAN_POINT ( 'NONE',  ( -0.05726405931088338064, 0.3001269516803160564, -0.1514813893946341805 ) ) ;
#1830 = LINE ( 'NONE', #2129, #942 ) ;
#1831 = DIRECTION ( 'NONE',  ( -0.000000000000000000, -1.000000000000000000, 0.000000000000000000 ) ) ;
#1832 = CARTESIAN_POINT ( 'NONE',  ( 0.2562500000000000333, 0.4557823961300203619, 0.09874063904388603874 ) ) ;
#1833 = CARTESIAN_POINT ( 'NONE',  ( -0.1708333333333333648, 0.4383059190693962548, -0.1972613419731220896 ) ) ;
#1834 = FACE_OUTER_BOUND ( 'NONE', #1052, .T. ) ;
#1835 = CARTESIAN_POINT ( 'NONE',  ( -0.01749015748031463105, 0.2999999999999999889, 0.1566382516928545021 ) ) ;
#1836 = CARTESIAN_POINT ( 'NONE',  ( 0.000000000000000000, 0.7999999999999999334, 0.2958920129596832593 ) ) ;
#1837 = AXIS2_PLACEMENT_3D ( 'NONE', #2043, #1699, #351 ) ;
#1838 = CARTESIAN_POINT ( 'NONE',  ( -0.1703882516928542645, 0.2999999999999999334, -0.0009768093798508208601 ) ) ;
#1839 = CARTESIAN_POINT ( 'NONE',  ( 0.2562500000000000333, 0.7999999999999998224, 0.1049684664648576626 ) ) ;
#1840 = CARTESIAN_POINT ( 'NONE',  ( 0.1703882516928547641, 0.4014343007096553007, 0.0003194750796323645586 ) ) ;
#1841 = CARTESIAN_POINT ( 'NONE',  ( 0.1652314252268565764, 0.3001271459227439209, 0.04351405748845071919 ) ) ;
#1842 = CARTESIAN_POINT ( 'NONE',  ( -0.01749015748031423553, 0.000000000000000000, -0.1037401574803149540 ) ) ;
#1843 = CARTESIAN_POINT ( 'NONE',  ( 0.2562499999999998668, 0.7999999999999997113, -0.1167468729788147669 ) ) ;
#1844 = EDGE_CURVE ( 'NONE', #13, #2124, #1979, .T. ) ;
#1845 = AXIS2_PLACEMENT_3D ( 'NONE', #526, #347, #360 ) ;
#1846 = CARTESIAN_POINT ( 'NONE',  ( 0.2562500000000000333, 1.499999999999999778, 0.1067439849859925516 ) ) ;
#1847 = ADVANCED_FACE ( 'NONE', ( #1834 ), #530, .T. ) ;
#1848 = CARTESIAN_POINT ( 'NONE',  ( -0.1548845340435509033, 0.3000899869633885109, 0.07159991255765892071 ) ) ;
#1849 = CARTESIAN_POINT ( 'NONE',  ( -0.02052124344467704323, 0.2999999999999999889, 0.02499999999999999098 ) ) ;
#1850 = CARTESIAN_POINT ( 'NONE',  ( -0.1703882516928548752, 0.3000000000000000444, -0.0006466386482110557388 ) ) ;
#1851 = CARTESIAN_POINT ( 'NONE',  ( 0.1703882516928545421, 0.2989660613409330092, 0.002858234250823156811 ) ) ;
#1852 = CARTESIAN_POINT ( 'NONE',  ( 0.2562500000000001443, 0.4616100962345271452, -0.02060101074692458067 ) ) ;
#1853 = CARTESIAN_POINT ( 'NONE',  ( 0.03757673788075006904, 0.2998948192617422737, 0.1556263767320898161 ) ) ;
#1854 = CARTESIAN_POINT ( 'NONE',  ( 0.1703882516928545421, 0.2999999999999998224, -0.001709241011697506044 ) ) ;
#1855 = CARTESIAN_POINT ( 'NONE',  ( 0.000000000000000000, 0.000000000000000000, 0.02499999999999999098 ) ) ;
#1856 = CARTESIAN_POINT ( 'NONE',  ( -0.01749015748031439860, 0.2999999999999999889, -0.1566382516928545854 ) ) ;
#1857 = CARTESIAN_POINT ( 'NONE',  ( 0.04124999999999999500, 0.2999999999999999889, -0.01338562172233851398 ) ) ;
#1858 = EDGE_CURVE ( 'NONE', #99, #479, #1498, .T. ) ;
#1859 = CARTESIAN_POINT ( 'NONE',  ( -0.2562499999999999223, 0.4592928689546099119, 0.06345753678991650215 ) ) ;
#1860 = CARTESIAN_POINT ( 'NONE',  ( 0.1695952122666558037, 0.2979418036698024408, 0.02451064869219016923 ) ) ;
#1861 = CARTESIAN_POINT ( 'NONE',  ( 0.1703882516928545421, 0.2979643607670759975, -0.0003206750014614785367 ) ) ;
#1862 = CARTESIAN_POINT ( 'NONE',  ( -0.2562500000000000888, 0.8000000000000005995, 0.1167468729788143367 ) ) ;
#1863 = CARTESIAN_POINT ( 'NONE',  ( 0.1548685956836187427, 0.2997644833401788000, 0.07150147741008132385 ) ) ;
#1864 = SURFACE_STYLE_FILL_AREA ( #2079 ) ;
#1865 = CARTESIAN_POINT ( 'NONE',  ( 0.1703882516928543200, 0.4033978389043686996, -0.001329567043302776544 ) ) ;
#1866 = ORIENTED_EDGE ( 'NONE', *, *, #1145, .T. ) ;
#1867 = DIRECTION ( 'NONE',  ( 0.000000000000000000, 0.000000000000000000, -1.000000000000000000 ) ) ;
#1868 = CARTESIAN_POINT ( 'NONE',  ( 0.02052124344467704323, 0.000000000000000000, -0.02499999999999999098 ) ) ;
#1869 = DIRECTION ( 'NONE',  ( 0.000000000000000000, -1.000000000000000000, 0.000000000000000000 ) ) ;
#1870 = CARTESIAN_POINT ( 'NONE',  ( -0.1703882516928546809, 0.2999999999999999889, 0.001329567043302926814 ) ) ;
#1871 = EDGE_CURVE ( 'NONE', #1792, #135, #34, .T. ) ;
#1872 = AXIS2_PLACEMENT_3D ( 'NONE', #549, #1670, #1358 ) ;
#1873 = CARTESIAN_POINT ( 'NONE',  ( -0.1227876557154211207, 0.8265324955626892622, 0.09664455822208860292 ) ) ;
#1874 = CARTESIAN_POINT ( 'NONE',  ( 0.1703882516928543200, 0.2989660216109559787, -0.001329567043302776544 ) ) ;
#1875 = ORIENTED_EDGE ( 'NONE', *, *, #2020, .F. ) ;
#1876 = EDGE_LOOP ( 'NONE', ( #588, #949, #1764, #1962 ) ) ;
#1877 = DIRECTION ( 'NONE',  ( -2.681542350703963749E-16, 0.000000000000000000, -1.000000000000000000 ) ) ;
#1878 = VECTOR ( 'NONE', #1912, 39.37007874015748143 ) ;
#1879 = FACE_BOUND ( 'NONE', #802, .T. ) ;
#1880 = DIRECTION ( 'NONE',  ( -0.5000000000000004441, 0.000000000000000000, -0.8660254037844384856 ) ) ;
#1881 = CARTESIAN_POINT ( 'NONE',  ( -0.02713562172233852099, 0.000000000000000000, 0.02749999999999998973 ) ) ;
#1882 = CARTESIAN_POINT ( 'NONE',  ( -0.2562499999999999778, 0.7999999999999998224, -0.02225551529606709447 ) ) ;
#1883 = EDGE_LOOP ( 'NONE', ( #2062, #2098, #1467, #902 ) ) ;
#1884 = CARTESIAN_POINT ( 'NONE',  ( 0.1018769106648511891, 0.2989559572511427121, -0.1566382516928549185 ) ) ;
#1885 = DIRECTION ( 'NONE',  ( 0.000000000000000000, 1.000000000000000000, 0.000000000000000000 ) ) ;
#1886 = CARTESIAN_POINT ( 'NONE',  ( -0.2535154656044151245, 0.7006291300642898401, -0.01298146123243085551 ) ) ;
#1887 = EDGE_CURVE ( 'NONE', #77, #1315, #192, .T. ) ;
#1888 = EDGE_LOOP ( 'NONE', ( #2088, #2123, #1303, #1128 ) ) ;
#1889 = DIRECTION ( 'NONE',  ( 0.000000000000000000, 0.000000000000000000, 1.000000000000000000 ) ) ;
#1890 = DIRECTION ( 'NONE',  ( 0.000000000000000000, -1.000000000000000000, 0.000000000000000000 ) ) ;
#1891 = PLANE ( 'NONE',  #1257 ) ;
#1892 = CARTESIAN_POINT ( 'NONE',  ( 0.2562499999999999778, 0.7999999999999999334, -0.1479460064798417684 ) ) ;
#1893 = ORIENTED_EDGE ( 'NONE', *, *, #32, .F. ) ;
#1894 = CARTESIAN_POINT ( 'NONE',  ( -0.2562499999999999778, 0.7999999999999999334, -0.1049684664648574128 ) ) ;
#1895 = DIRECTION ( 'NONE',  ( 0.5000000000000001110, -0.000000000000000000, 0.8660254037844385966 ) ) ;
#1896 = ORIENTED_EDGE ( 'NONE', *, *, #1871, .T. ) ;
#1897 = CARTESIAN_POINT ( 'NONE',  ( 0.01749015748031440901, 0.2999999999999999889, 0.1566382516928545299 ) ) ;
#1898 = CARTESIAN_POINT ( 'NONE',  ( 0.000000000000000000, 1.499999999999999778, -0.1562500000000000000 ) ) ;
#1899 = CARTESIAN_POINT ( 'NONE',  ( 0.000000000000000000, 0.2999999999999999889, 0.1566382516928545299 ) ) ;
#1900 = DIRECTION ( 'NONE',  ( 0.000000000000000000, -1.000000000000000000, 0.000000000000000000 ) ) ;
#1901 = CARTESIAN_POINT ( 'NONE',  ( -0.2562500000000000333, 0.4484877871011156425, 0.1470707128694024035 ) ) ;
#1902 = ORIENTED_EDGE ( 'NONE', *, *, #1003, .T. ) ;
#1903 = CARTESIAN_POINT ( 'NONE',  ( -0.1703882516928544033, 0.2968981840227990499, -0.002858234250822581750 ) ) ;
#1904 = CARTESIAN_POINT ( 'NONE',  ( -0.1346094726537553077, 0.8610626920208200863, 0.07944775846709550837 ) ) ;
#1905 = DIRECTION ( 'NONE',  ( 0.000000000000000000, -1.000000000000000000, 0.000000000000000000 ) ) ;
#1906 = VERTEX_POINT ( 'NONE', #871 ) ;
#1907 = ORIENTED_EDGE ( 'NONE', *, *, #1808, .T. ) ;
#1908 = AXIS2_PLACEMENT_3D ( 'NONE', #927, #269, #1426 ) ;
#1909 = DIRECTION ( 'NONE',  ( 0.000000000000000000, 0.000000000000000000, 1.000000000000000000 ) ) ;
#1910 = EDGE_CURVE ( 'NONE', #1790, #1553, #1694, .T. ) ;
#1911 = CARTESIAN_POINT ( 'NONE',  ( 1.913510623667738847E-17, 1.499999999999999778, 0.1562500000000000000 ) ) ;
#1912 = DIRECTION ( 'NONE',  ( 0.1736481776669306920, -0.9848077530122080203, -0.000000000000000000 ) ) ;
#1913 = DIRECTION ( 'NONE',  ( -0.8660254037844385966, 0.000000000000000000, -0.4999999999999998335 ) ) ;
#1914 = EDGE_CURVE ( 'NONE', #1451, #1476, #714, .T. ) ;
#1915 = AXIS2_PLACEMENT_3D ( 'NONE', #1437, #1276, #1156 ) ;
#1916 = VERTEX_POINT ( 'NONE', #529 ) ;
#1917 = CARTESIAN_POINT ( 'NONE',  ( -0.1703882516928544033, 0.2989660613409330092, -0.002858234250822581750 ) ) ;
#1918 = CARTESIAN_POINT ( 'NONE',  ( -0.04874999999999999473, 0.000000000000000000, 0.006771243444677038821 ) ) ;
#1919 = AXIS2_PLACEMENT_3D ( 'NONE', #2128, #1796, #646 ) ;
#1920 = CARTESIAN_POINT ( 'NONE',  ( 0.1703882516928547364, 0.2989454633613036205, -0.003465273537563084375 ) ) ;
#1921 = EDGE_LOOP ( 'NONE', ( #957, #148, #1822, #548 ) ) ;
#1922 = FACE_OUTER_BOUND ( 'NONE', #451, .T. ) ;
#1923 = CARTESIAN_POINT ( 'NONE',  ( -0.01749015748031384695, 0.2999999999999999889, -0.1566382516928545854 ) ) ;
#1924 = CARTESIAN_POINT ( 'NONE',  ( 0.000000000000000000, 0.7999999999999999334, 0.2958920129596832593 ) ) ;
#1925 = CARTESIAN_POINT ( 'NONE',  ( -0.2562500000000000333, 1.499999999999999778, -0.1479460064798414909 ) ) ;
#1926 = ADVANCED_FACE ( 'NONE', ( #1186, #1025 ), #1677, .T. ) ;
#1927 = ORIENTED_EDGE ( 'NONE', *, *, #274, .T. ) ;
#1928 = CARTESIAN_POINT ( 'NONE',  ( 0.1703882516928551527, 0.2968516880767875787, -0.08812691066485074665 ) ) ;
#1929 = ORIENTED_EDGE ( 'NONE', *, *, #622, .F. ) ;
#1930 = CARTESIAN_POINT ( 'NONE',  ( 0.1703882516928545698, 0.2989452665426892697, -0.003499437747600794846 ) ) ;
#1931 = VERTEX_POINT ( 'NONE', #2022 ) ;
#1932 = ORIENTED_EDGE ( 'NONE', *, *, #1395, .T. ) ;
#1933 = DIRECTION ( 'NONE',  ( 0.000000000000000000, 0.000000000000000000, 1.000000000000000000 ) ) ;
#1934 = VECTOR ( 'NONE', #7, 39.37007874015748143 ) ;
#1935 = CARTESIAN_POINT ( 'NONE',  ( -0.2562500000000003664, 0.7999999999999997113, -0.1273449957329168825 ) ) ;
#1936 = CARTESIAN_POINT ( 'NONE',  ( -0.2537778537902527498, 0.7050998086224286032, 0.03220141919369443051 ) ) ;
#1937 = DIRECTION ( 'NONE',  ( 0.000000000000000000, -1.000000000000000000, 0.000000000000000000 ) ) ;
#1938 = VECTOR ( 'NONE', #2015, 39.37007874015748143 ) ;
#1939 = ORIENTED_EDGE ( 'NONE', *, *, #1130, .F. ) ;
#1940 = ADVANCED_FACE ( 'NONE', ( #2031 ), #1534, .F. ) ;
#1941 = CARTESIAN_POINT ( 'NONE',  ( 0.02395747836997553018, 0.2977948132294148675, 0.1566382516928545854 ) ) ;
#1942 = CARTESIAN_POINT ( 'NONE',  ( 0.2562499999999999223, 0.4496274064832346817, -0.1399426605377352417 ) ) ;
#1943 = ORIENTED_EDGE ( 'NONE', *, *, #178, .T. ) ;
#1944 = VERTEX_POINT ( 'NONE', #1546 ) ;
#1945 = CIRCLE ( 'NONE', #1497, 0.01000000000000000021 ) ;
#1946 = VECTOR ( 'NONE', #1401, 39.37007874015748143 ) ;
#1947 = CARTESIAN_POINT ( 'NONE',  ( -0.2562499999999998113, 0.8000000000000001554, -0.1316411212275859222 ) ) ;
#1948 = CARTESIAN_POINT ( 'NONE',  ( -0.09424264825059164297, 0.3001465867964921985, -0.1363827368374043725 ) ) ;
#1949 = LINE ( 'NONE', #974, #161 ) ;
#1950 = CARTESIAN_POINT ( 'NONE',  ( -0.1541316820893900152, 0.8966621835057527745, 0.02647821379095843808 ) ) ;
#1951 = ORIENTED_EDGE ( 'NONE', *, *, #678, .F. ) ;
#1952 = CARTESIAN_POINT ( 'NONE',  ( -0.1703882516928548752, 0.2979575089390006926, -0.001335416423958397329 ) ) ;
#1953 = CARTESIAN_POINT ( 'NONE',  ( 0.2562500000000003664, 0.8000000000000007105, 0.1210862638665765323 ) ) ;
#1954 = CARTESIAN_POINT ( 'NONE',  ( 0.03374999999999999528, 0.2999999999999999889, 0.01999999999999998654 ) ) ;
#1955 = ORIENTED_EDGE ( 'NONE', *, *, #376, .T. ) ;
#1956 = VERTEX_POINT ( 'NONE', #57 ) ;
#1957 = DIRECTION ( 'NONE',  ( 1.000000000000000000, 0.000000000000000000, 0.000000000000000000 ) ) ;
#1958 = CARTESIAN_POINT ( 'NONE',  ( -0.2562500000000000333, 0.4324688715691470953, -0.1402189217281810119 ) ) ;
#1959 = CARTESIAN_POINT ( 'NONE',  ( -0.1703882516928545976, 0.2999999999999999334, -0.003740157480314272326 ) ) ;
#1960 = CARTESIAN_POINT ( 'NONE',  ( 3.414809992080329023E-17, 1.499999999999999778, -0.2958920129596832593 ) ) ;
#1961 = CARTESIAN_POINT ( 'NONE',  ( 0.2562500000000000333, 0.7999999999999999334, 0.1479460064798415186 ) ) ;
#1962 = ORIENTED_EDGE ( 'NONE', *, *, #2032, .F. ) ;
#1963 = CARTESIAN_POINT ( 'NONE',  ( -0.1703882516928541813, 0.2979380759551512603, -0.002361965639007600030 ) ) ;
#1964 = CARTESIAN_POINT ( 'NONE',  ( 0.1636934085417411366, 0.2999999999999992673, 0.05237631189501809614 ) ) ;
#1965 = ORIENTED_EDGE ( 'NONE', *, *, #1, .T. ) ;
#1966 = ORIENTED_EDGE ( 'NONE', *, *, #1723, .F. ) ;
#1967 = APPLICATION_PROTOCOL_DEFINITION ( 'draft international standard', 'automotive_design', 1998, #1738 ) ;
#1968 = CARTESIAN_POINT ( 'NONE',  ( -0.2562499999999998113, 0.4507652878599182067, -0.1316411212275859222 ) ) ;
#1969 = CARTESIAN_POINT ( 'NONE',  ( -0.1708333333333333370, 0.4501875640875113160, 0.1972613419731221451 ) ) ;
#1970 = DIRECTION ( 'NONE',  ( 0.9848077530122080203, -0.1736481776669306920, 0.000000000000000000 ) ) ;
#1972 = AXIS2_PLACEMENT_3D ( 'NONE', #532, #369, #512 ) ;
#1971 = DIRECTION ( 'NONE',  ( 3.414809992080329122E-15, 0.000000000000000000, 1.000000000000000000 ) ) ;
#1973 = VERTEX_POINT ( 'NONE', #722 ) ;
#1974 = CARTESIAN_POINT ( 'NONE',  ( 0.1487165057355102626, 0.2989751549718956958, 0.08506669239732092547 ) ) ;
#1975 = LINE ( 'NONE', #1293, #62 ) ;
#1976 = FACE_OUTER_BOUND ( 'NONE', #1284, .T. ) ;
#1977 = CARTESIAN_POINT ( 'NONE',  ( -0.2562499999999997002, 0.8000000000000003775, -0.1230488702382480093 ) ) ;
#1978 = CARTESIAN_POINT ( 'NONE',  ( 0.04374999999999996253, 0.7999999999999999334, 0.1000000000000001860 ) ) ;
#1979 = CIRCLE ( 'NONE', #180, 0.01000000000000000021 ) ;
#1980 = FACE_OUTER_BOUND ( 'NONE', #1044, .T. ) ;
#1981 = CARTESIAN_POINT ( 'NONE',  ( -0.04124999999999999500, 0.2999999999999999889, 0.01338562172233851398 ) ) ;
#1982 = ORIENTED_EDGE ( 'NONE', *, *, #376, .F. ) ;
#1983 = EDGE_CURVE ( 'NONE', #453, #165, #56, .T. ) ;
#1984 = CARTESIAN_POINT ( 'NONE',  ( -0.1703882516928541813, 0.4030962022424561808, -0.002361965639007600030 ) ) ;
#1985 = CARTESIAN_POINT ( 'NONE',  ( 0.06612631189501695650, 0.2989302659827313136, 0.1499434085417418461 ) ) ;
#1986 = AXIS2_PLACEMENT_3D ( 'NONE', #840, #1654, #170 ) ;
#1987 = CARTESIAN_POINT ( 'NONE',  ( 0.1703882516928545698, 0.2999999999999999334, 0.003740157480314578939 ) ) ;
#1988 = LINE ( 'NONE', #509, #508 ) ;
#1989 = FACE_OUTER_BOUND ( 'NONE', #2074, .T. ) ;
#1990 = VECTOR ( 'NONE', #200, 39.37007874015748143 ) ;
#1991 = APPLICATION_CONTEXT ( 'automotive_design' ) ;
#1992 = CARTESIAN_POINT ( 'NONE',  ( -0.03374999999999999528, 0.000000000000000000, 0.01999999999999998654 ) ) ;
#1993 = CARTESIAN_POINT ( 'NONE',  ( 0.000000000000000000, 0.000000000000000000, -0.02499999999999999098 ) ) ;
#1994 = CARTESIAN_POINT ( 'NONE',  ( -0.1703882516928550694, 0.4028501266489134536, -0.002072052271910946892 ) ) ;
#1995 = CARTESIAN_POINT ( 'NONE',  ( 0.1695952122666558037, 0.3000000000000003220, 0.02451064869219016923 ) ) ;
#1996 = ADVANCED_FACE ( 'NONE', ( #1377 ), #939, .T. ) ;
#1997 = CARTESIAN_POINT ( 'NONE',  ( 0.1703882516928545421, 0.2999999999999994893, 5.002446285684877418E-07 ) ) ;
#1998 = CARTESIAN_POINT ( 'NONE',  ( 0.1703882516928545698, 0.4054831866617680247, -0.003740157480313866401 ) ) ;
#1999 = DIRECTION ( 'NONE',  ( -0.000000000000000000, -0.000000000000000000, -1.000000000000000000 ) ) ;
#2000 = CARTESIAN_POINT ( 'NONE',  ( -0.08541666666666665464, 0.7999999999999999334, -0.2465766774664026884 ) ) ;
#2001 = LINE ( 'NONE', #518, #1638 ) ;
#2002 = CARTESIAN_POINT ( 'NONE',  ( 0.1325773977635254508, 0.2998295710199092023, -0.1048540474149950857 ) ) ;
#2003 = DIRECTION ( 'NONE',  ( -0.000000000000000000, -1.000000000000000000, 0.000000000000000000 ) ) ;
#2004 = CARTESIAN_POINT ( 'NONE',  ( -0.1703882516928544588, 0.2979713139858070625, -0.0003194750796320292149 ) ) ;
#2005 = VECTOR ( 'NONE', #1372, 39.37007874015748143 ) ;
#2006 = CARTESIAN_POINT ( 'NONE',  ( 0.1703882516928547364, 0.2969243712376213318, 0.001698584890128516413 ) ) ;
#2007 = CARTESIAN_POINT ( 'NONE',  ( 0.1703882516928547641, 0.2969569709787109324, 0.0003194750796323645586 ) ) ;
#2008 = EDGE_CURVE ( 'NONE', #763, #1906, #293, .T. ) ;
#2009 = CARTESIAN_POINT ( 'NONE',  ( -0.2562500000000000333, 0.7999999999999999334, -0.1479460064798414909 ) ) ;
#2010 = CARTESIAN_POINT ( 'NONE',  ( 0.1703882516928543200, 0.2999999999999996558, -0.001329567043302776544 ) ) ;
#2011 = EDGE_CURVE ( 'NONE', #1100, #90, #1328, .T. ) ;
#2012 = DIRECTION ( 'NONE',  ( 0.000000000000000000, -1.000000000000000000, 0.000000000000000000 ) ) ;
#2013 = CARTESIAN_POINT ( 'NONE',  ( 0.1174901574803149662, 0.000000000000000000, -0.003740157480314245005 ) ) ;
#2014 = CARTESIAN_POINT ( 'NONE',  ( 0.1708333333333333925, 0.4383059190693962548, 0.1972613419731220896 ) ) ;
#2015 = DIRECTION ( 'NONE',  ( -1.256366908856325341E-15, -0.9848077530122080203, 0.1736481776669307198 ) ) ;
#2016 = AXIS2_PLACEMENT_3D ( 'NONE', #201, #1514, #25 ) ;
#2017 = CARTESIAN_POINT ( 'NONE',  ( -0.1703882516928542645, 0.2969467780764005749, -0.0009768093798508208601 ) ) ;
#2018 = CARTESIAN_POINT ( 'NONE',  ( 0.1703882516928542923, 0.2969362634085000452, 0.001335416423958848357 ) ) ;
#2019 = CARTESIAN_POINT ( 'NONE',  ( 0.1327151282404408772, 0.2998692056354561042, 0.1047054294051147222 ) ) ;
#2020 = EDGE_CURVE ( 'NONE', #472, #775, #1770, .T. ) ;
#2021 = AXIS2_PLACEMENT_3D ( 'NONE', #740, #1223, #64 ) ;
#2022 = CARTESIAN_POINT ( 'NONE',  ( 0.2562500000000000333, 1.499999999999999778, 0.1479460064798415186 ) ) ;
#2023 = DIRECTION ( 'NONE',  ( 0.000000000000000000, -0.1736481776669306920, -0.9848077530122080203 ) ) ;
#2024 = AXIS2_PLACEMENT_3D ( 'NONE', #1144, #2139, #1625 ) ;
#2025 = CARTESIAN_POINT ( 'NONE',  ( -0.04874999999999999473, 0.000000000000000000, -0.006771243444677038821 ) ) ;
#2026 = CARTESIAN_POINT ( 'NONE',  ( -0.1703882516928545698, 0.2989778786068642003, 0.0006447676059049155164 ) ) ;
#2027 = CARTESIAN_POINT ( 'NONE',  ( 0.2562500000000000888, 0.4542153434786136423, 0.1144710697376530445 ) ) ;
#2028 = CARTESIAN_POINT ( 'NONE',  ( 0.1703882516928547641, 0.2989856569929040253, 0.0003194750796323645586 ) ) ;
#2029 = CYLINDRICAL_SURFACE ( 'NONE', #983, 0.01000000000000000021 ) ;
#2030 = ORIENTED_EDGE ( 'NONE', *, *, #2135, .F. ) ;
#2031 = FACE_OUTER_BOUND ( 'NONE', #155, .T. ) ;
#2032 = EDGE_CURVE ( 'NONE', #581, #314, #1388, .T. ) ;
#2033 = CARTESIAN_POINT ( 'NONE',  ( -0.2562500000000000333, 0.7999999999999999334, -0.1144710697376527808 ) ) ;
#2034 = LINE ( 'NONE', #1207, #1072 ) ;
#2035 = CYLINDRICAL_SURFACE ( 'NONE', #1629, 0.1562500000000000000 ) ;
#2036 = CARTESIAN_POINT ( 'NONE',  ( 0.1703882516928542923, 0.2999999999999990452, 0.001335416423958848357 ) ) ;
#2037 = CARTESIAN_POINT ( 'NONE',  ( -0.1703882516928544588, 0.2989856569929035812, -0.0003194750796320292149 ) ) ;
#2038 = CARTESIAN_POINT ( 'NONE',  ( 0.1703882516928546809, 0.3000000000000000999, 0.003398305071320632028 ) ) ;
#2039 = CARTESIAN_POINT ( 'NONE',  ( 0.1703882516928545421, 0.2969544908661101990, 5.002446285684877418E-07 ) ) ;
#2040 = CLOSED_SHELL ( 'NONE', ( #349, #1438, #922, #1940, #1077, #223, #2145, #435, #1847, #391, #1210, #1294, #1507, #1642, #1706, #1346, #1071, #1480, #1450, #1996, #1683, #2083, #634, #830, #1017, #1468, #611, #1279, #2107, #1028, #595, #1660, #1370, #852, #1265, #1392, #1926, #892, #1038, #338, #142, #1334, #748, #156, #502, #564, #1102 ) ) ;
#2041 = DIRECTION ( 'NONE',  ( -0.000000000000000000, 0.000000000000000000, 1.000000000000000000 ) ) ;
#2042 = ORIENTED_EDGE ( 'NONE', *, *, #1752, .F. ) ;
#2043 = CARTESIAN_POINT ( 'NONE',  ( 0.01749015748031496759, 0.000000000000000000, 0.003740157480314944966 ) ) ;
#2044 = CARTESIAN_POINT ( 'NONE',  ( 0.000000000000000000, 0.2999999999999999889, 0.02499999999999999098 ) ) ;
#2045 = CARTESIAN_POINT ( 'NONE',  ( -0.1625499182847538471, 0.3001791211019944061, 0.05318339498372590818 ) ) ;
#2046 = LINE ( 'NONE', #1219, #191 ) ;
#2047 = CARTESIAN_POINT ( 'NONE',  ( -0.1703882516928546809, 0.4033978389043690327, 0.001329567043302926814 ) ) ;
#2048 = EDGE_CURVE ( 'NONE', #1420, #237, #596, .T. ) ;
#2049 = AXIS2_PLACEMENT_3D ( 'NONE', #1053, #1333, #1820 ) ;
#2050 = VECTOR ( 'NONE', #744, 39.37007874015748143 ) ;
#2051 = CARTESIAN_POINT ( 'NONE',  ( 0.08541666666666662688, 0.4519857503809157073, -0.2465766774664027994 ) ) ;
#2052 = FACE_OUTER_BOUND ( 'NONE', #503, .T. ) ;
#2053 = CARTESIAN_POINT ( 'NONE',  ( -0.2534771473236177020, 0.7000014966847968312, 0.006545829343250865635 ) ) ;
#2054 = ORIENTED_EDGE ( 'NONE', *, *, #1395, .F. ) ;
#2055 = CARTESIAN_POINT ( 'NONE',  ( 0.04124999999999999500, 0.3000393700787401530, 0.01338562172233851398 ) ) ;
#2056 = VECTOR ( 'NONE', #1213, 39.37007874015748143 ) ;
#2057 = LINE ( 'NONE', #257, #1319 ) ;
#2058 = CARTESIAN_POINT ( 'NONE',  ( 0.02713562172233852099, 0.2999999999999999889, -0.02749999999999998973 ) ) ;
#2059 = DIRECTION ( 'NONE',  ( -1.000000000000000000, -0.000000000000000000, 1.340771175351984340E-16 ) ) ;
#2060 = CONICAL_SURFACE ( 'NONE', #1120, 0.09999999999999999167, 0.1745329251994333086 ) ;
#2061 = DIMENSIONAL_EXPONENTS ( 1.000000000000000000, 0.000000000000000000, 0.000000000000000000, 0.000000000000000000, 0.000000000000000000, 0.000000000000000000, 0.000000000000000000 ) ;
#2062 = ORIENTED_EDGE ( 'NONE', *, *, #641, .F. ) ;
#2063 = EDGE_CURVE ( 'NONE', #1410, #1141, #2125, .T. ) ;
#2064 = CARTESIAN_POINT ( 'NONE',  ( -0.2562499999999999778, 0.4550594402699317809, -0.1049684664648574128 ) ) ;
#2065 = CARTESIAN_POINT ( 'NONE',  ( 0.2562499999999999223, 0.4483893777941070913, -0.1479460064798417684 ) ) ;
#2066 = FACE_OUTER_BOUND ( 'NONE', #1690, .T. ) ;
#2067 =( CONVERSION_BASED_UNIT ( 'INCH', #721 ) LENGTH_UNIT ( ) NAMED_UNIT ( #1763 ) );
#2068 = CARTESIAN_POINT ( 'NONE',  ( 0.1703882516928547364, 0.2978977644388994817, -0.002654242796406513019 ) ) ;
#2069 = ORIENTED_EDGE ( 'NONE', *, *, #464, .F. ) ;
#2070 = CARTESIAN_POINT ( 'NONE',  ( -0.01749015748031384695, 0.4108299269199196524, -0.1566382516928545854 ) ) ;
#2071 = CARTESIAN_POINT ( 'NONE',  ( -0.01749015748031384695, 0.2988917007308007912, -0.1566382516928545854 ) ) ;
#2072 = CARTESIAN_POINT ( 'NONE',  ( -0.1200585794518657518, 0.7999999999999999334, 0.1000000000000001582 ) ) ;
#2073 = PLANE ( 'NONE',  #280 ) ;
#2074 = EDGE_LOOP ( 'NONE', ( #1943, #1117, #311, #1760 ) ) ;
#2075 = FACE_OUTER_BOUND ( 'NONE', #355, .T. ) ;
#2076 = B_SPLINE_SURFACE_WITH_KNOTS ( 'NONE', 3, 3, ( 
 ( #1537, #1352, #375, #368 ),
 ( #894, #1187, #27, #705 ),
 ( #1390, #550, #2014, #203 ),
 ( #531, #1026, #1198, #561 ) ),
 .UNSPECIFIED., .F., .F., .F.,
 ( 4, 4 ),
 ( 4, 4 ),
 ( 0.000000000000000000, 1.000000000000000000 ),
 ( 0.000000000000000000, 1.000000000000000000 ),
 .UNSPECIFIED. ) ;
#2077 = DIRECTION ( 'NONE',  ( 0.000000000000000000, -0.000000000000000000, 1.000000000000000000 ) ) ;
#2078 = EDGE_CURVE ( 'NONE', #1295, #1649, #243, .T. ) ;
#2079 = FILL_AREA_STYLE ('',( #1398 ) ) ;
#2080 = CARTESIAN_POINT ( 'NONE',  ( 0.1703882516928544588, 0.4052898922163236106, -0.002956394529179791342 ) ) ;
#2081 = VERTEX_POINT ( 'NONE', #1897 ) ;
#2082 = CARTESIAN_POINT ( 'NONE',  ( -0.01749015748031496759, 0.000000000000000000, 0.003740157480314928052 ) ) ;
#2083 = ADVANCED_FACE ( 'NONE', ( #915 ), #112, .T. ) ;
#2084 = DIRECTION ( 'NONE',  ( 0.000000000000000000, -1.000000000000000000, 0.000000000000000000 ) ) ;
#2085 = CARTESIAN_POINT ( 'NONE',  ( -0.2545617333986853192, 0.7204725096026836084, 0.06097323653700151974 ) ) ;
#2086 = DIRECTION ( 'NONE',  ( 1.707404996040163525E-16, 0.000000000000000000, 1.000000000000000000 ) ) ;
#2087 = CARTESIAN_POINT ( 'NONE',  ( -0.1703882516928545698, 0.2968355044001469434, 0.003740157480313813058 ) ) ;
#2088 = ORIENTED_EDGE ( 'NONE', *, *, #1493, .T. ) ;
#2089 = CARTESIAN_POINT ( 'NONE',  ( 0.1703882516928545698, 0.4054831866617678027, -0.003740157480313866401 ) ) ;
#2090 = VECTOR ( 'NONE', #1547, 39.37007874015748143 ) ;
#2091 = CARTESIAN_POINT ( 'NONE',  ( 0.2562499999999999778, 0.7999999999999999334, -0.1470707128694024313 ) ) ;
#2092 = EDGE_LOOP ( 'NONE', ( #1456, #1046, #605, #231 ) ) ;
#2093 = EDGE_CURVE ( 'NONE', #1204, #1801, #1589, .T. ) ;
#2094 = CYLINDRICAL_SURFACE ( 'NONE', #838, 0.009999999999999995004 ) ;
#2095 = DIRECTION ( 'NONE',  ( 1.000000000000000000, 0.000000000000000000, 0.000000000000000000 ) ) ;
#2096 = DIRECTION ( 'NONE',  ( 0.000000000000000000, -1.000000000000000000, 0.000000000000000000 ) ) ;
#2097 = VECTOR ( 'NONE', #2095, 39.37007874015748143 ) ;
#2098 = ORIENTED_EDGE ( 'NONE', *, *, #842, .T. ) ;
#2099 = AXIS2_PLACEMENT_3D ( 'NONE', #929, #82, #1404 ) ;
#2100 = VECTOR ( 'NONE', #859, 39.37007874015748143 ) ;
#2101 = EDGE_LOOP ( 'NONE', ( #117, #1619, #809, #1875, #926, #454 ) ) ;
#2102 = VERTEX_POINT ( 'NONE', #619 ) ;
#2103 = DIRECTION ( 'NONE',  ( 0.000000000000000000, 0.000000000000000000, 1.000000000000000000 ) ) ;
#2104 = CARTESIAN_POINT ( 'NONE',  ( -0.02395747836997551630, 0.4102593385292558903, -0.1566382516928546409 ) ) ;
#2105 = DIRECTION ( 'NONE',  ( 0.000000000000000000, -1.000000000000000000, 0.000000000000000000 ) ) ;
#2106 = CARTESIAN_POINT ( 'NONE',  ( 0.04124999999999999500, 0.3000393700787401530, -0.01338562172233851398 ) ) ;
#2107 = ADVANCED_FACE ( 'NONE', ( #1922 ), #1721, .F. ) ;
#2108 = ORIENTED_EDGE ( 'NONE', *, *, #248, .T. ) ;
#2109 = CARTESIAN_POINT ( 'NONE',  ( -0.1703882516928539870, 0.3000000000000007105, 0.002386044132501179658 ) ) ;
#2110 = CARTESIAN_POINT ( 'NONE',  ( 0.1487165057355102626, 0.2969254649156854442, 0.08506669239732092547 ) ) ;
#2111 = CARTESIAN_POINT ( 'NONE',  ( 0.1703882516928547364, 0.3000000000000000999, -0.002654242796406513019 ) ) ;
#2112 = ORIENTED_EDGE ( 'NONE', *, *, #2135, .T. ) ;
#2113 = ORIENTED_EDGE ( 'NONE', *, *, #1844, .F. ) ;
#2114 = CARTESIAN_POINT ( 'NONE',  ( -0.2562499999999999778, 0.7999999999999999334, 0.1479460064798416297 ) ) ;
#2115 = PLANE ( 'NONE',  #2024 ) ;
#2116 = CARTESIAN_POINT ( 'NONE',  ( 0.1703882516928547364, 0.2979645187176014343, 0.0009768093798512283033 ) ) ;
#2117 = DIRECTION ( 'NONE',  ( 0.8660254037844385966, 0.000000000000000000, -0.5000000000000001110 ) ) ;
#2118 = CARTESIAN_POINT ( 'NONE',  ( -0.2562499999999999778, 0.4483893777941068137, 0.1479460064798416297 ) ) ;
#2119 = ORIENTED_EDGE ( 'NONE', *, *, #936, .F. ) ;
#2120 = CARTESIAN_POINT ( 'NONE',  ( -0.1703882516928541813, 0.3000000000000003220, -0.002361965639007600030 ) ) ;
#2121 = EDGE_CURVE ( 'NONE', #1295, #1230, #359, .T. ) ;
#2122 = CARTESIAN_POINT ( 'NONE',  ( 0.06612631189501695650, 0.2978605319654627492, 0.1499434085417418461 ) ) ;
#2123 = ORIENTED_EDGE ( 'NONE', *, *, #317, .F. ) ;
#2124 = VERTEX_POINT ( 'NONE', #743 ) ;
#2125 = CIRCLE ( 'NONE', #462, 0.01000000000000000021 ) ;
#2126 = CARTESIAN_POINT ( 'NONE',  ( -0.2562500000000001998, 0.4580202936228794930, -0.1210862638665762547 ) ) ;
#2127 = CARTESIAN_POINT ( 'NONE',  ( -0.01749015748031500575, 0.2989613518100229239, 0.1566382516928545021 ) ) ;
#2128 = CARTESIAN_POINT ( 'NONE',  ( -0.04874999999999999473, 0.2999999999999999889, 0.006771243444677038821 ) ) ;
#2129 = CARTESIAN_POINT ( 'NONE',  ( -0.2562500000000000333, 0.7999999999999999334, -0.1479460064798414909 ) ) ;
#2130 = VERTEX_POINT ( 'NONE', #1748 ) ;
#2131 = CARTESIAN_POINT ( 'NONE',  ( -0.2562500000000000333, 0.7999999999999999334, -0.09378221404223897884 ) ) ;
#2132 = CARTESIAN_POINT ( 'NONE',  ( 0.1636934085417411366, 0.2979481217617365729, 0.05237631189501809614 ) ) ;
#2133 = CIRCLE ( 'NONE', #1119, 0.01000000000000000021 ) ;
#2134 = EDGE_LOOP ( 'NONE', ( #1469, #300, #582, #1932 ) ) ;
#2135 = EDGE_CURVE ( 'NONE', #1225, #2102, #92, .T. ) ;
#2136 = ORIENTED_EDGE ( 'NONE', *, *, #842, .F. ) ;
#2137 = CARTESIAN_POINT ( 'NONE',  ( -0.06612631189501699813, 0.2989302659827313136, -0.1499434085417414853 ) ) ;
#2138 = CARTESIAN_POINT ( 'NONE',  ( -0.08525147641754529659, 0.2997644835531451668, -0.1411185953534696835 ) ) ;
#2139 = DIRECTION ( 'NONE',  ( 0.000000000000000000, -0.1736481776669306920, 0.9848077530122080203 ) ) ;
#2140 = DIRECTION ( 'NONE',  ( 0.000000000000000000, -1.000000000000000000, 0.000000000000000000 ) ) ;
#2141 = ORIENTED_EDGE ( 'NONE', *, *, #1695, .F. ) ;
#2142 = CARTESIAN_POINT ( 'NONE',  ( -0.1703882516928548752, 0.2969020415651698608, -0.002709516496399725933 ) ) ;
#2143 = CARTESIAN_POINT ( 'NONE',  ( 0.06612631189501695650, 0.2999999999999999334, 0.1499434085417418461 ) ) ;
#2144 = FACE_OUTER_BOUND ( 'NONE', #1466, .T. ) ;
#2145 = ADVANCED_FACE ( 'NONE', ( #1411 ), #704, .T. ) ;
ENDSEC;
END-ISO-10303-21;
