ISO-10303-21;
HEADER;
FILE_DESCRIPTION (( 'STEP AP214' ),
    '1' );
FILE_NAME ('NeedleValve_Body.STEP',
    '2026-07-24T02:43:12',
    ( '' ),
    ( '' ),
    'SwSTEP 2.0',
    'SolidWorks 2025',
    '' );
FILE_SCHEMA (( 'AUTOMOTIVE_DESIGN' ));
ENDSEC;

DATA;
#1 = CIRCLE ( 'NONE', #1847, 0.1936470393696373971 ) ;
#2 = ORIENTED_EDGE ( 'NONE', *, *, #1354, .F. ) ;
#3 = CARTESIAN_POINT ( 'NONE',  ( -0.6899999999999998357, 0.3499999999999999778, 0.2274899352205227432 ) ) ;
#4 = CARTESIAN_POINT ( 'NONE',  ( 0.007951076279474889041, -0.1289123978834735007, -0.2438112903373112483 ) ) ;
#5 = TOROIDAL_SURFACE ( 'NONE', #862, 0.1899999999999999745, 0.01000000000000000021 ) ;
#6 = CARTESIAN_POINT ( 'NONE',  ( -0.2499999999999995837, 0.6576613620344213818, -0.3215976894552134979 ) ) ;
#7 = CIRCLE ( 'NONE', #501, 0.03000000000000000583 ) ;
#8 = AXIS2_PLACEMENT_3D ( 'NONE', #633, #1097, #1499 ) ;
#9 = CARTESIAN_POINT ( 'NONE',  ( -0.4499999999999995115, 0.6576613620344213818, -0.3464101615137758494 ) ) ;
#10 = CARTESIAN_POINT ( 'NONE',  ( -0.2499999999999998612, -0.2028125000000001732, -0.1622640653041068082 ) ) ;
#11 = ORIENTED_EDGE ( 'NONE', *, *, #941, .F. ) ;
#12 = ORIENTED_EDGE ( 'NONE', *, *, #1841, .T. ) ;
#13 = CARTESIAN_POINT ( 'NONE',  ( -0.01704746474803391781, 0.4339304209245013477, -0.01143912869724120034 ) ) ;
#14 = AXIS2_PLACEMENT_3D ( 'NONE', #654, #895, #2594 ) ;
#15 = DIRECTION ( 'NONE',  ( 0.000000000000000000, -1.000000000000000000, 0.000000000000000000 ) ) ;
#16 = DIRECTION ( 'NONE',  ( 1.000000000000000000, -0.000000000000000000, 1.224646799147353207E-16 ) ) ;
#17 = B_SPLINE_CURVE_WITH_KNOTS ( 'NONE', 3,
 ( #944, #320, #1175, #532, #337, #2423, #1187, #2513, #65, #511, #383, #496, #1277, #579, #804, #2511, #1667, #2145, #619, #2299, #1914, #223, #381, #1289, #838, #1699, #1441, #2747, #2324, #2798 ),
 .UNSPECIFIED., .F., .F.,
 ( 4, 2, 2, 2, 2, 2, 2, 2, 2, 2, 2, 2, 2, 2, 4 ),
 ( 0.0001932922861153389866, 0.0006340257299243173611, 0.001074759173733295763, 0.001956226061351248012, 0.002396959505160222836, 0.002837692948969197659, 0.003278426392778172483, 0.003719159836587147307, 0.004159893280396122564, 0.004600626724205097821, 0.005041360168014073079, 0.005482093611823048336, 0.006363560499441001453, 0.006804293943249978445, 0.007245027387058955437 ),
 .UNSPECIFIED. ) ;
#18 = EDGE_CURVE ( 'NONE', #1786, #1932, #537, .T. ) ;
#19 = VERTEX_POINT ( 'NONE', #937 ) ;
#20 = CARTESIAN_POINT ( 'NONE',  ( -0.7299999999999999822, 0.3499999999999999778, 0.1637611984268849408 ) ) ;
#21 = FACE_OUTER_BOUND ( 'NONE', #2603, .T. ) ;
#22 = ORIENTED_EDGE ( 'NONE', *, *, #1758, .T. ) ;
#23 = CARTESIAN_POINT ( 'NONE',  ( -0.06253811099413003616, 0.3094209865610990096, -0.06973863247756242889 ) ) ;
#24 = ORIENTED_EDGE ( 'NONE', *, *, #2090, .F. ) ;
#25 = DIRECTION ( 'NONE',  ( 0.000000000000000000, 0.000000000000000000, 1.000000000000000000 ) ) ;
#26 = CARTESIAN_POINT ( 'NONE',  ( -0.5099355391121576098, -0.1241214808007186088, -0.2369369094334339565 ) ) ;
#27 = EDGE_CURVE ( 'NONE', #1910, #32, #2660, .T. ) ;
#28 = CARTESIAN_POINT ( 'NONE',  ( -0.7326146722824296020, 0.3499999999999999778, 0.1063529606303628000 ) ) ;
#29 = CARTESIAN_POINT ( 'NONE',  ( -0.4339497983393547642, 0.3327899779788424661, -0.07851453770326184689 ) ) ;
#30 = DIRECTION ( 'NONE',  ( -0.3535533905932732313, 0.7071067811865484609, -0.6123724356957938042 ) ) ;
#31 = EDGE_CURVE ( 'NONE', #1921, #1759, #2469, .T. ) ;
#32 = VERTEX_POINT ( 'NONE', #1402 ) ;
#33 = CARTESIAN_POINT ( 'NONE',  ( -0.2499999999999996669, 0.3428124999999999645, -4.439252989704427977E-16 ) ) ;
#34 = CARTESIAN_POINT ( 'NONE',  ( -0.05554148469633508889, 0.2836330052555918746, -0.04694859070612972946 ) ) ;
#35 = CARTESIAN_POINT ( 'NONE',  ( -0.5599999999999999423, 1.405383189954596324, -0.2867136103677466741 ) ) ;
#36 = ORIENTED_EDGE ( 'NONE', *, *, #362, .F. ) ;
#37 = EDGE_LOOP ( 'NONE', ( #2680, #1188, #2779, #1626, #1512 ) ) ;
#38 = EDGE_CURVE ( 'NONE', #1806, #1225, #351, .T. ) ;
#39 = DIRECTION ( 'NONE',  ( 0.000000000000000000, 0.000000000000000000, 1.000000000000000000 ) ) ;
#40 = CARTESIAN_POINT ( 'NONE',  ( 0.2599999999999999534, 0.3499999999999999778, -0.1362388015731151591 ) ) ;
#41 = CARTESIAN_POINT ( 'NONE',  ( -0.2500000000000001110, -0.1328125000000000000, -0.4156921938165304975 ) ) ;
#42 = CARTESIAN_POINT ( 'NONE',  ( -0.2499999999999998335, -0.1286703643762688309, 0.3002221399786059175 ) ) ;
#43 = CARTESIAN_POINT ( 'NONE',  ( 0.1174999999999999378, -0.2328125000000000056, 0.2035159698893430069 ) ) ;
#44 = CIRCLE ( 'NONE', #2329, 0.1936470393696373971 ) ;
#45 = ORIENTED_EDGE ( 'NONE', *, *, #780, .F. ) ;
#46 = TOROIDAL_SURFACE ( 'NONE', #2333, 0.1722640653041067893, 0.01000000000000000021 ) ;
#47 = DIRECTION ( 'NONE',  ( 0.5000000000000000000, 0.000000000000000000, 0.8660254037844385966 ) ) ;
#48 = ADVANCED_FACE ( 'NONE', ( #2037 ), #2060, .T. ) ;
#49 = EDGE_CURVE ( 'NONE', #2428, #1536, #114, .T. ) ;
#50 = CARTESIAN_POINT ( 'NONE',  ( -0.5849999999999998535, -0.1228125000000001021, -0.2800148805569686039 ) ) ;
#51 = CARTESIAN_POINT ( 'NONE',  ( 0.08500000000000003386, 0.1328125000000000000, -0.2800148805569682708 ) ) ;
#52 = ORIENTED_EDGE ( 'NONE', *, *, #834, .T. ) ;
#53 = EDGE_LOOP ( 'NONE', ( #1782, #2355 ) ) ;
#54 = ADVANCED_FACE ( 'NONE', ( #2021 ), #100, .F. ) ;
#55 = AXIS2_PLACEMENT_3D ( 'NONE', #1826, #2691, #2217 ) ;
#56 = AXIS2_PLACEMENT_3D ( 'NONE', #2106, #1888, #1027 ) ;
#57 = CIRCLE ( 'NONE', #2478, 0.1622640653041068082 ) ;
#58 = TOROIDAL_SURFACE ( 'NONE', #1486, 0.1637611984268849685, 0.02999999999999999889 ) ;
#59 = DIRECTION ( 'NONE',  ( -0.000000000000000000, 1.000000000000000000, -0.000000000000000000 ) ) ;
#60 = VECTOR ( 'NONE', #2341, 39.37007874015748143 ) ;
#61 = DIMENSIONAL_EXPONENTS ( 1.000000000000000000, 0.000000000000000000, 0.000000000000000000, 0.000000000000000000, 0.000000000000000000, 0.000000000000000000, 0.000000000000000000 ) ;
#62 = CARTESIAN_POINT ( 'NONE',  ( -0.5290647777492299975, 0.1227771880617440081, -0.3123090961806219146 ) ) ;
#63 = DIRECTION ( 'NONE',  ( 1.000000000000000000, 0.000000000000000000, 2.163886977247685745E-16 ) ) ;
#64 = ORIENTED_EDGE ( 'NONE', *, *, #462, .T. ) ;
#65 = CARTESIAN_POINT ( 'NONE',  ( -0.4703926115888160675, 0.4153821103535923487, 0.05207857272914583752 ) ) ;
#66 = CARTESIAN_POINT ( 'NONE',  ( -0.05653103689050881925, 0.2866689688497534028, 0.05083140678586033773 ) ) ;
#67 = FACE_OUTER_BOUND ( 'NONE', #734, .T. ) ;
#68 = ORIENTED_EDGE ( 'NONE', *, *, #1955, .T. ) ;
#69 = EDGE_LOOP ( 'NONE', ( #1978, #2661, #1349, #1709, #466 ) ) ;
#70 = CARTESIAN_POINT ( 'NONE',  ( -0.2499999999999998612, -0.1328125000000000000, -0.1722640653041067893 ) ) ;
#71 = DIRECTION ( 'NONE',  ( 3.329491765587158386E-17, 1.000000000000000000, 5.766848901379164457E-17 ) ) ;
#72 = CARTESIAN_POINT ( 'NONE',  ( 0.01000000000000036970, -0.1286703643762688865, 0.1501110699893030698 ) ) ;
#73 = PLANE ( 'NONE',  #282 ) ;
#74 = ORIENTED_EDGE ( 'NONE', *, *, #870, .F. ) ;
#75 = CARTESIAN_POINT ( 'NONE',  ( -0.5099999999999998979, 0.1328125000000000000, -0.2367136103677466297 ) ) ;
#76 = CARTESIAN_POINT ( 'NONE',  ( -0.2499999999999998612, 0.1528124999999999900, -1.372493369525490991E-17 ) ) ;
#77 = CIRCLE ( 'NONE', #1634, 0.1999999999999999833 ) ;
#78 = ORIENTED_EDGE ( 'NONE', *, *, #446, .F. ) ;
#79 = DIRECTION ( 'NONE',  ( -0.5000000000000001110, 0.000000000000000000, 0.8660254037844385966 ) ) ;
#80 = FACE_OUTER_BOUND ( 'NONE', #2596, .T. ) ;
#81 = CARTESIAN_POINT ( 'NONE',  ( -0.2499999999999998335, 0.1528124999999999900, 0.1622640653041068082 ) ) ;
#82 = ORIENTED_EDGE ( 'NONE', *, *, #2654, .F. ) ;
#83 = EDGE_LOOP ( 'NONE', ( #773, #513, #339, #74 ) ) ;
#84 = EDGE_LOOP ( 'NONE', ( #2477, #436, #1523, #1596 ) ) ;
#85 = CARTESIAN_POINT ( 'NONE',  ( -0.7299999999999999822, 0.3499999999999999778, -0.1637611984268850240 ) ) ;
#86 = CARTESIAN_POINT ( 'NONE',  ( -0.2499999999999998335, -0.1428124999999999811, 0.1722640653041067893 ) ) ;
#87 = EDGE_CURVE ( 'NONE', #1550, #2689, #2230, .T. ) ;
#88 = CARTESIAN_POINT ( 'NONE',  ( 0.08500000000000006162, -0.1579596862576144178, -0.2800148805569681598 ) ) ;
#89 = ADVANCED_FACE ( 'NONE', ( #1817 ), #2284, .T. ) ;
#90 = ADVANCED_FACE ( 'NONE', ( #1476 ), #2499, .T. ) ;
#91 = EDGE_LOOP ( 'NONE', ( #78, #548, #1500, #342 ) ) ;
#92 = ADVANCED_FACE ( 'NONE', ( #626, #828 ), #1689, .F. ) ;
#93 = FACE_OUTER_BOUND ( 'NONE', #2422, .T. ) ;
#94 = ORIENTED_EDGE ( 'NONE', *, *, #1172, .F. ) ;
#95 = CARTESIAN_POINT ( 'NONE',  ( -0.5026174789111498287, 0.1425522267387000497, -0.2622874135954086916 ) ) ;
#96 = SHAPE_DEFINITION_REPRESENTATION ( #1639, #1233 ) ;
#97 = ORIENTED_EDGE ( 'NONE', *, *, #38, .T. ) ;
#98 = CARTESIAN_POINT ( 'NONE',  ( -0.2499999999999996669, 0.2528124999999999400, -4.433486140803048361E-16 ) ) ;
#99 = LINE ( 'NONE', #950, #370 ) ;
#100 = CYLINDRICAL_SURFACE ( 'NONE', #2649, 0.1622640653041068082 ) ;
#101 = EDGE_LOOP ( 'NONE', ( #1820, #1829, #2231, #220, #2215 ) ) ;
#102 = CARTESIAN_POINT ( 'NONE',  ( 0.005857864376269365445, -0.1328125000000000555, 0.1477196068719220101 ) ) ;
#103 = CIRCLE ( 'NONE', #853, 0.1362388015731152147 ) ;
#104 = CIRCLE ( 'NONE', #1938, 0.1922640653041067516 ) ;
#105 = CIRCLE ( 'NONE', #1576, 0.1622640653041068082 ) ;
#106 = VERTEX_POINT ( 'NONE', #945 ) ;
#107 = AXIS2_PLACEMENT_3D ( 'NONE', #20, #873, #1495 ) ;
#108 = EDGE_CURVE ( 'NONE', #2463, #258, #2298, .T. ) ;
#109 = CARTESIAN_POINT ( 'NONE',  ( -0.5099999999999998979, 0.1334670058598332043, -0.2367136103679101378 ) ) ;
#110 = DIRECTION ( 'NONE',  ( 0.000000000000000000, 0.000000000000000000, 1.000000000000000000 ) ) ;
#111 = ORIENTED_EDGE ( 'NONE', *, *, #274, .F. ) ;
#112 = DIRECTION ( 'NONE',  ( -0.6546536707079776418, 0.6546536707079758655, 0.3779644730092285854 ) ) ;
#113 = DIRECTION ( 'NONE',  ( 2.649997260403019428E-32, 1.000000000000000000, -1.224646799147352961E-16 ) ) ;
#114 = LINE ( 'NONE', #2445, #168 ) ;
#115 = ORIENTED_EDGE ( 'NONE', *, *, #1680, .T. ) ;
#116 = DIRECTION ( 'NONE',  ( 0.000000000000000000, -0.000000000000000000, -1.000000000000000000 ) ) ;
#117 = DIRECTION ( 'NONE',  ( 0.5000000000000003331, 0.000000000000000000, -0.8660254037844385966 ) ) ;
#118 = ORIENTED_EDGE ( 'NONE', *, *, #902, .F. ) ;
#119 = CARTESIAN_POINT ( 'NONE',  ( -0.5100000000000000089, 0.1328125000000000000, -0.3233161507461906337 ) ) ;
#120 = EDGE_CURVE ( 'NONE', #307, #2418, #1646, .T. ) ;
#121 = EDGE_LOOP ( 'NONE', ( #1004, #448, #2363, #833 ) ) ;
#122 = DIRECTION ( 'NONE',  ( 0.000000000000000000, 0.000000000000000000, 1.000000000000000000 ) ) ;
#123 = ADVANCED_FACE ( 'NONE', ( #2357 ), #2642, .T. ) ;
#124 = CARTESIAN_POINT ( 'NONE',  ( -0.2674999999999999600, 1.405383189954596324, -0.4633235910246746858 ) ) ;
#125 = DIRECTION ( 'NONE',  ( -0.6546536707079776418, -0.6546536707079761985, -0.3779644730092279192 ) ) ;
#126 = AXIS2_PLACEMENT_3D ( 'NONE', #349, #2270, #1586 ) ;
#127 = ADVANCED_FACE ( 'NONE', ( #1455 ), #2323, .F. ) ;
#128 = CYLINDRICAL_SURFACE ( 'NONE', #2388, 0.1622640653041068082 ) ;
#129 = CARTESIAN_POINT ( 'NONE',  ( 0.1424999999999999878, 1.405383189954596324, -0.2468172400785648146 ) ) ;
#130 = CARTESIAN_POINT ( 'NONE',  ( -0.2499999999999998612, 0.2328124999999999500, -1.372493369525490991E-17 ) ) ;
#131 = EDGE_CURVE ( 'NONE', #2382, #106, #303, .T. ) ;
#132 = VERTEX_POINT ( 'NONE', #1883 ) ;
#133 = CARTESIAN_POINT ( 'NONE',  ( -0.6599999999999999201, 0.3499999999999999778, -4.286263797015734746E-17 ) ) ;
#134 = CARTESIAN_POINT ( 'NONE',  ( 0.01428118794827313610, -0.1113891084297232853, -0.3208444057318081133 ) ) ;
#135 = CARTESIAN_POINT ( 'NONE',  ( -0.5099999999999998979, 0.1328125000000000000, 0.1501110699893025702 ) ) ;
#136 = CARTESIAN_POINT ( 'NONE',  ( -0.5250062901404526361, -0.1093710801549207384, -0.3146522650940591359 ) ) ;
#137 = DIRECTION ( 'NONE',  ( -0.000000000000000000, 1.000000000000000000, -0.000000000000000000 ) ) ;
#138 = ADVANCED_FACE ( 'NONE', ( #2782 ), #2054, .T. ) ;
#139 = AXIS2_PLACEMENT_3D ( 'NONE', #1575, #1814, #2788 ) ;
#140 = ORIENTED_EDGE ( 'NONE', *, *, #1492, .T. ) ;
#141 = CIRCLE ( 'NONE', #1712, 0.05000000000000000971 ) ;
#143 = AXIS2_PLACEMENT_3D ( 'NONE', #1621, #2488, #1591 ) ;
#142 = CARTESIAN_POINT ( 'NONE',  ( -0.4999999999999998335, -0.1328125000000000000, -0.2713546265191242868 ) ) ;
#144 = CIRCLE ( 'NONE', #900, 0.1722640653041067893 ) ;
#145 = CARTESIAN_POINT ( 'NONE',  ( 0.1500000000000000500, 0.6576613620344213818, -0.2367136103677469350 ) ) ;
#146 = AXIS2_PLACEMENT_3D ( 'NONE', #2334, #2567, #1029 ) ;
#147 = VERTEX_POINT ( 'NONE', #2579 ) ;
#148 = FACE_OUTER_BOUND ( 'NONE', #84, .T. ) ;
#149 = FACE_OUTER_BOUND ( 'NONE', #713, .T. ) ;
#150 = DIRECTION ( 'NONE',  ( -5.687138850458655231E-17, 0.000000000000000000, -1.000000000000000000 ) ) ;
#151 = CARTESIAN_POINT ( 'NONE',  ( -0.5075338680894565524, -0.1294207675342743114, -0.2452565419021997817 ) ) ;
#152 = DIRECTION ( 'NONE',  ( 1.000000000000000000, -0.000000000000000000, -0.000000000000000000 ) ) ;
#153 = ADVANCED_FACE ( 'NONE', ( #791, #1021 ), #1135, .T. ) ;
#154 = CARTESIAN_POINT ( 'NONE',  ( -0.2674999999999999600, -0.1828125000000000167, -0.4633235910246746858 ) ) ;
#155 = CARTESIAN_POINT ( 'NONE',  ( 0.2299999999999999822, 0.3499999999999999778, -0.1637611984268849130 ) ) ;
#156 = CARTESIAN_POINT ( 'NONE',  ( 0.06750000000000010159, 1.405383189954596324, 0.1169134295108993776 ) ) ;
#157 = EDGE_LOOP ( 'NONE', ( #377, #718, #450, #2041 ) ) ;
#158 = DIRECTION ( 'NONE',  ( -0.9961946980917454342, 0.000000000000000000, 0.08715574274765836016 ) ) ;
#159 = CARTESIAN_POINT ( 'NONE',  ( 0.2326146722824298241, 0.3499999999999999778, -0.1063529606303627723 ) ) ;
#160 = EDGE_LOOP ( 'NONE', ( #1385, #2224, #1614, #948 ) ) ;
#161 = VERTEX_POINT ( 'NONE', #2364 ) ;
#162 = CARTESIAN_POINT ( 'NONE',  ( -0.2499999999999996114, 0.6510815634676780927, -4.579724529770264347E-16 ) ) ;
#163 =( BOUNDED_CURVE ( )  B_SPLINE_CURVE ( 3, ( #1371, #2008, #2467, #1838 ),
 .UNSPECIFIED., .F., .F. ) 
 B_SPLINE_CURVE_WITH_KNOTS ( ( 4, 4 ),
 ( 1.570796326794896780, 3.141592653589738493 ),
 .UNSPECIFIED. ) 
 CURVE ( )  GEOMETRIC_REPRESENTATION_ITEM ( )  RATIONAL_B_SPLINE_CURVE ( ( 1.000000000000000000, 0.8047378541243779271, 0.8047378541243779271, 1.000000000000000000 ) ) 
 REPRESENTATION_ITEM ( '' )  );
#164 = CARTESIAN_POINT ( 'NONE',  ( -0.2500000000000000000, 0.1386703643762693394, 0.3002221399786051959 ) ) ;
#165 = CARTESIAN_POINT ( 'NONE',  ( 0.06014718625761431015, 0.1928125000000000810, -0.2943636592612542957 ) ) ;
#166 = LINE ( 'NONE', #1715, #1216 ) ;
#167 = DIRECTION ( 'NONE',  ( 0.000000000000000000, -1.000000000000000000, 0.000000000000000000 ) ) ;
#168 = VECTOR ( 'NONE', #125, 39.37007874015748854 ) ;
#169 = ADVANCED_FACE ( 'NONE', ( #2601 ), #2184, .F. ) ;
#170 = EDGE_CURVE ( 'NONE', #2368, #2269, #2643, .T. ) ;
#171 = EDGE_CURVE ( 'NONE', #1806, #1063, #1792, .T. ) ;
#172 = CARTESIAN_POINT ( 'NONE',  ( -0.5094892610287607981, -0.1260346566249945233, -0.2384828620629289297 ) ) ;
#173 = ORIENTED_EDGE ( 'NONE', *, *, #1640, .T. ) ;
#174 = CARTESIAN_POINT ( 'NONE',  ( -0.1499999999999996891, 0.3428124999999999645, 0.1732050807568872308 ) ) ;
#175 = CARTESIAN_POINT ( 'NONE',  ( -0.1875000000000001110, 0.1328125000000000000, 0.3247595264191644460 ) ) ;
#176 = CARTESIAN_POINT ( 'NONE',  ( -0.2499999999999996669, 0.2528124999999999400, -4.433486140803048361E-16 ) ) ;
#177 = EDGE_CURVE ( 'NONE', #2174, #2368, #2589, .T. ) ;
#178 = CARTESIAN_POINT ( 'NONE',  ( 0.1099999999999998895, -0.2328125000000000056, -0.2078460969082649434 ) ) ;
#179 = EDGE_LOOP ( 'NONE', ( #514, #2026, #1710, #987 ) ) ;
#180 = LINE ( 'NONE', #425, #1617 ) ;
#181 = DIRECTION ( 'NONE',  ( 0.8660254037844383745, 0.000000000000000000, 0.5000000000000002220 ) ) ;
#182 = DIRECTION ( 'NONE',  ( -1.707404996040163772E-16, 0.000000000000000000, 1.000000000000000000 ) ) ;
#183 = AXIS2_PLACEMENT_3D ( 'NONE', #2259, #554, #967 ) ;
#184 = CARTESIAN_POINT ( 'NONE',  ( -0.5099999999999998979, 1.405383189954596324, 0.000000000000000000 ) ) ;
#185 = B_SPLINE_CURVE_WITH_KNOTS ( 'NONE', 3,
 ( #483, #683, #2632, #2383, #459, #1790, #2650, #1311, #2403, #1342, #2175, #2616, #1538, #2000, #715, #222, #13, #867, #1731, #1514, #2556, #1732, #802, #1260, #2582, #606, #2125, #2286, #2236, #2685 ),
 .UNSPECIFIED., .F., .F.,
 ( 4, 2, 2, 2, 2, 2, 2, 2, 2, 2, 2, 2, 2, 2, 4 ),
 ( 0.0001932922861153392035, 0.0006340257299243171442, 0.001074759173733295112, 0.001956226061351246277, 0.002396959505160222836, 0.002837692948969198527, 0.003278426392778174651, 0.003719159836587151210, 0.004159893280396127768, 0.004600626724205103893, 0.005041360168014080018, 0.005482093611823057010, 0.006363560499441009259, 0.006804293943249986251, 0.007245027387058961509 ),
 .UNSPECIFIED. ) ;
#186 =( GEOMETRIC_REPRESENTATION_CONTEXT ( 3 ) GLOBAL_UNCERTAINTY_ASSIGNED_CONTEXT ( ( #1506 ) ) GLOBAL_UNIT_ASSIGNED_CONTEXT ( ( #2282, #1598, #1629 ) ) REPRESENTATION_CONTEXT ( 'NONE', 'WORKASPACE' ) );
#187 = VERTEX_POINT ( 'NONE', #1994 ) ;
#188 = CARTESIAN_POINT ( 'NONE',  ( -0.4999999999999998335, -0.1328125000000000000, -0.2713546265191242868 ) ) ;
#189 = EDGE_CURVE ( 'NONE', #2417, #586, #1384, .T. ) ;
#190 = PLANE ( 'NONE',  #1987 ) ;
#191 = DIRECTION ( 'NONE',  ( 0.000000000000000000, 1.000000000000000000, 0.000000000000000000 ) ) ;
#192 = TOROIDAL_SURFACE ( 'NONE', #2031, 0.2274899352205227709, 0.02999999999999999889 ) ;
#193 = AXIS2_PLACEMENT_3D ( 'NONE', #2773, #1674, #2537 ) ;
#194 = CARTESIAN_POINT ( 'NONE',  ( -0.2500000000000002220, -0.1535231781186544298, -0.4734272207354928153 ) ) ;
#195 = AXIS2_PLACEMENT_3D ( 'NONE', #2766, #1713, #2509 ) ;
#196 = CARTESIAN_POINT ( 'NONE',  ( -0.2499999999999996669, 0.2528124999999999400, -4.433486140803048361E-16 ) ) ;
#197 = ORIENTED_EDGE ( 'NONE', *, *, #1569, .T. ) ;
#198 = DIRECTION ( 'NONE',  ( 0.000000000000000000, 0.000000000000000000, 1.000000000000000000 ) ) ;
#199 = CARTESIAN_POINT ( 'NONE',  ( -0.1925000000000001432, 1.405383189954596324, 0.3334197804570088186 ) ) ;
#200 = CARTESIAN_POINT ( 'NONE',  ( -0.2499999999999996669, 0.2428124999999999589, 0.1899999999999995304 ) ) ;
#201 =( BOUNDED_CURVE ( )  B_SPLINE_CURVE ( 3, ( #646, #42, #885, #1702 ),
 .UNSPECIFIED., .F., .T. ) 
 B_SPLINE_CURVE_WITH_KNOTS ( ( 4, 4 ),
 ( 3.141592653589738493, 4.712388980384686121 ),
 .UNSPECIFIED. ) 
 CURVE ( )  GEOMETRIC_REPRESENTATION_ITEM ( )  RATIONAL_B_SPLINE_CURVE ( ( 1.000000000000000000, 0.8047378541243529471, 0.8047378541243529471, 1.000000000000000000 ) ) 
 REPRESENTATION_ITEM ( '' )  );
#202 = ORIENTED_EDGE ( 'NONE', *, *, #1025, .F. ) ;
#203 = CARTESIAN_POINT ( 'NONE',  ( -0.4999999999999998335, 0.1428124999999999811, -0.2713546265191242313 ) ) ;
#204 = CYLINDRICAL_SURFACE ( 'NONE', #1763, 0.009999999999999995004 ) ;
#205 = CARTESIAN_POINT ( 'NONE',  ( 0.1174999999999999656, -0.1828125000000000167, -0.2035159698893428681 ) ) ;
#206 = CARTESIAN_POINT ( 'NONE',  ( -0.6099999999999997646, -0.2328125000000000056, 0.000000000000000000 ) ) ;
#207 = EDGE_CURVE ( 'NONE', #1946, #2794, #1195, .T. ) ;
#208 = ADVANCED_FACE ( 'NONE', ( #877 ), #2500, .T. ) ;
#209 = FACE_OUTER_BOUND ( 'NONE', #83, .T. ) ;
#210 = ORIENTED_EDGE ( 'NONE', *, *, #2761, .T. ) ;
#211 = ORIENTED_EDGE ( 'NONE', *, *, #362, .T. ) ;
#212 = DIRECTION ( 'NONE',  ( -1.000000000000000000, 0.000000000000000000, -0.000000000000000000 ) ) ;
#213 = CARTESIAN_POINT ( 'NONE',  ( -0.5849999999999998535, -0.1228125000000001021, -0.2800148805569686039 ) ) ;
#214 = AXIS2_PLACEMENT_3D ( 'NONE', #1066, #2088, #1924 ) ;
#215 = VECTOR ( 'NONE', #361, 39.37007874015748143 ) ;
#216 = ORIENTED_EDGE ( 'NONE', *, *, #2613, .T. ) ;
#217 = CARTESIAN_POINT ( 'NONE',  ( -0.4434694089758280944, 0.2866682202952046121, -0.05082874483053683584 ) ) ;
#218 = DIRECTION ( 'NONE',  ( 0.000000000000000000, 0.000000000000000000, 1.000000000000000000 ) ) ;
#219 = CARTESIAN_POINT ( 'NONE',  ( 0.1899999999999999467, 0.3499999999999999778, 5.234838902874079917E-17 ) ) ;
#220 = ORIENTED_EDGE ( 'NONE', *, *, #964, .F. ) ;
#221 = VERTEX_POINT ( 'NONE', #2170 ) ;
#222 = CARTESIAN_POINT ( 'NONE',  ( -0.01659910733667548793, 0.4345651758214896243, -0.005645656898410240064 ) ) ;
#223 = CARTESIAN_POINT ( 'NONE',  ( -0.4705157827180938002, 0.4155714492613850619, -0.05185640054565873042 ) ) ;
#224 = DIRECTION ( 'NONE',  ( -0.9961946980917456562, 0.000000000000000000, 0.08715574274765815199 ) ) ;
#225 = VERTEX_POINT ( 'NONE', #1975 ) ;
#226 = CARTESIAN_POINT ( 'NONE',  ( -0.7599999999999998979, 0.3499999999999999778, 0.1362388015731151869 ) ) ;
#227 = CARTESIAN_POINT ( 'NONE',  ( -0.4490526551705083524, 0.2708024078228501996, -0.02006788767179841851 ) ) ;
#228 = LINE ( 'NONE', #1877, #1609 ) ;
#229 = AXIS2_PLACEMENT_3D ( 'NONE', #261, #476, #899 ) ;
#230 = ORIENTED_EDGE ( 'NONE', *, *, #686, .T. ) ;
#231 = CARTESIAN_POINT ( 'NONE',  ( -0.4341978128703794515, 0.3452186640573616239, -0.08013891603904044203 ) ) ;
#232 = AXIS2_PLACEMENT_3D ( 'NONE', #1425, #2733, #1657 ) ;
#233 = VECTOR ( 'NONE', #1302, 39.37007874015748143 ) ;
#234 = DIRECTION ( 'NONE',  ( 0.000000000000000000, 1.000000000000000000, 0.000000000000000000 ) ) ;
#235 = ORIENTED_EDGE ( 'NONE', *, *, #207, .F. ) ;
#236 = ORIENTED_EDGE ( 'NONE', *, *, #547, .T. ) ;
#237 = CIRCLE ( 'NONE', #2436, 0.2274899352205227432 ) ;
#238 = CARTESIAN_POINT ( 'NONE',  ( -0.2449999999999997735, 0.6576613620344213818, 0.4647669666976488312 ) ) ;
#239 = CARTESIAN_POINT ( 'NONE',  ( -0.5086783159665762000, -0.1278240067769183808, -0.2412920581626317729 ) ) ;
#240 =( BOUNDED_CURVE ( )  B_SPLINE_CURVE ( 3, ( #2673, #2005, #1800, #309 ),
 .UNSPECIFIED., .F., .F. ) 
 B_SPLINE_CURVE_WITH_KNOTS ( ( 4, 4 ),
 ( -5.506706202140776441E-14, 1.570796326794897224 ),
 .UNSPECIFIED. ) 
 CURVE ( )  GEOMETRIC_REPRESENTATION_ITEM ( )  RATIONAL_B_SPLINE_CURVE ( ( 1.000000000000000000, 0.8047378541243519479, 0.8047378541243519479, 1.000000000000000000 ) ) 
 REPRESENTATION_ITEM ( '' )  );
#241 = EDGE_CURVE ( 'NONE', #1191, #586, #77, .T. ) ;
#242 = ADVANCED_FACE ( 'NONE', ( #934 ), #2413, .T. ) ;
#243 = UNCERTAINTY_MEASURE_WITH_UNIT (LENGTH_MEASURE( 1.000000000000000082E-05 ), #2169, 'distance_accuracy_value', 'NONE');
#244 = ORIENTED_EDGE ( 'NONE', *, *, #2328, .T. ) ;
#245 = DIRECTION ( 'NONE',  ( 2.163886977247685745E-16, 0.000000000000000000, -1.000000000000000000 ) ) ;
#246 = CARTESIAN_POINT ( 'NONE',  ( -0.4471282842605494023, 0.2759418291382010335, -0.03409203265741546363 ) ) ;
#247 = CARTESIAN_POINT ( 'NONE',  ( 0.02804108812175768947, -0.1294335135603504883, -0.3129001236626670068 ) ) ;
#248 = DIRECTION ( 'NONE',  ( -1.000000000000000000, 0.000000000000000000, 0.000000000000000000 ) ) ;
#249 = EDGE_LOOP ( 'NONE', ( #477, #1241, #755, #2699, #811, #1220 ) ) ;
#250 = CARTESIAN_POINT ( 'NONE',  ( 0.2299999999999999267, 0.3499999999999999778, 6.100393693773153697E-17 ) ) ;
#251 = CARTESIAN_POINT ( 'NONE',  ( -0.6464285714285712414, 0.6612327906058500515, 0.2288781424287443245 ) ) ;
#252 = ORIENTED_EDGE ( 'NONE', *, *, #1314, .F. ) ;
#253 = ORIENTED_EDGE ( 'NONE', *, *, #31, .F. ) ;
#254 = ORIENTED_EDGE ( 'NONE', *, *, #1160, .T. ) ;
#255 = CARTESIAN_POINT ( 'NONE',  ( 0.000000000000000000, -0.1328125000000000000, 0.000000000000000000 ) ) ;
#256 = EDGE_CURVE ( 'NONE', #1932, #258, #735, .T. ) ;
#257 = EDGE_CURVE ( 'NONE', #2174, #147, #2425, .T. ) ;
#258 = VERTEX_POINT ( 'NONE', #2048 ) ;
#259 = DIRECTION ( 'NONE',  ( -2.163886977247685745E-16, 0.000000000000000000, 1.000000000000000000 ) ) ;
#260 = CARTESIAN_POINT ( 'NONE',  ( -0.4333686407688179809, 0.3428124999999999645, 0.07984949331458512933 ) ) ;
#261 = CARTESIAN_POINT ( 'NONE',  ( 0.1174999999999998962, -0.2328125000000000056, -0.2035159698893427571 ) ) ;
#262 = ORIENTED_EDGE ( 'NONE', *, *, #751, .T. ) ;
#263 = DIRECTION ( 'NONE',  ( 0.8660254037844385966, 0.000000000000000000, -0.4999999999999998335 ) ) ;
#264 = CARTESIAN_POINT ( 'NONE',  ( -0.05553944516299991890, 0.2836267096158227030, 0.04694073961452550209 ) ) ;
#265 = CARTESIAN_POINT ( 'NONE',  ( -0.5249999999999999112, -0.1328125000000000833, -0.3146558967083461500 ) ) ;
#266 = ORIENTED_EDGE ( 'NONE', *, *, #780, .T. ) ;
#267 = ORIENTED_EDGE ( 'NONE', *, *, #739, .T. ) ;
#268 = DIRECTION ( 'NONE',  ( -0.6546536707079765316, 0.6546536707079796402, -0.3779644730092241445 ) ) ;
#269 = CARTESIAN_POINT ( 'NONE',  ( 0.08500000000000003386, 0.1328125000000000000, -0.2800148805569682708 ) ) ;
#270 = CARTESIAN_POINT ( 'NONE',  ( 0.02500000000000003955, -0.1828125000000001554, -0.3146558967083458169 ) ) ;
#271 = CARTESIAN_POINT ( 'NONE',  ( -0.5727064576768454707, 0.1694118873008431114, -0.2871125605265358316 ) ) ;
#272 = AXIS2_PLACEMENT_3D ( 'NONE', #2535, #1903, #2331 ) ;
#273 = CARTESIAN_POINT ( 'NONE',  ( 0.1600000000000000033, 0.3499999999999999778, -0.2274899352205226599 ) ) ;
#274 = EDGE_CURVE ( 'NONE', #2143, #291, #44, .T. ) ;
#275 = ORIENTED_EDGE ( 'NONE', *, *, #2110, .T. ) ;
#276 = CIRCLE ( 'NONE', #1848, 0.1637611984268849685 ) ;
#277 = CARTESIAN_POINT ( 'NONE',  ( 0.1174999999999998546, -0.2328125000000000056, -0.2035159698893427571 ) ) ;
#278 = DIRECTION ( 'NONE',  ( 0.000000000000000000, -1.000000000000000000, 0.000000000000000000 ) ) ;
#279 = CARTESIAN_POINT ( 'NONE',  ( -0.5702032085367425562, -0.1624621052056390014, -0.2885578120914229494 ) ) ;
#280 = ORIENTED_EDGE ( 'NONE', *, *, #2104, .F. ) ;
#281 = CONICAL_SURFACE ( 'NONE', #2514, 0.1999999999999999833, 0.3490658503988670613 ) ;
#282 = AXIS2_PLACEMENT_3D ( 'NONE', #2025, #530, #1969 ) ;
#283 = FACE_OUTER_BOUND ( 'NONE', #819, .T. ) ;
#284 = CARTESIAN_POINT ( 'NONE',  ( -0.4342016983919386730, 0.3452299394033399027, 0.08014027228128915714 ) ) ;
#285 = DIRECTION ( 'NONE',  ( 0.000000000000000000, 0.000000000000000000, -1.000000000000000000 ) ) ;
#286 = AXIS2_PLACEMENT_3D ( 'NONE', #485, #71, #1146 ) ;
#287 = AXIS2_PLACEMENT_3D ( 'NONE', #2346, #426, #407 ) ;
#288 = VECTOR ( 'NONE', #2496, 39.37007874015748854 ) ;
#289 = AXIS2_PLACEMENT_3D ( 'NONE', #789, #212, #406 ) ;
#290 = DIRECTION ( 'NONE',  ( -0.3535533905932743970, 0.7071067811865466846, 0.6123724356957952475 ) ) ;
#291 = VERTEX_POINT ( 'NONE', #2443 ) ;
#292 = TOROIDAL_SURFACE ( 'NONE', #1145, 0.1362388015731152424, 0.02999999999999999889 ) ;
#293 = ORIENTED_EDGE ( 'NONE', *, *, #1680, .F. ) ;
#294 = CARTESIAN_POINT ( 'NONE',  ( -0.5305482459039025933, 0.1267789301358109577, -0.3114526154421858317 ) ) ;
#295 = CARTESIAN_POINT ( 'NONE',  ( -0.06401893609040879007, 0.3499999999999999778, 0.08040088267695080781 ) ) ;
#296 = ORIENTED_EDGE ( 'NONE', *, *, #2076, .T. ) ;
#297 = LINE ( 'NONE', #1597, #2748 ) ;
#298 = CARTESIAN_POINT ( 'NONE',  ( 0.2599999999999998979, 0.3499999999999999778, 0.1637611984268850518 ) ) ;
#299 = CARTESIAN_POINT ( 'NONE',  ( -0.5599999999999999423, 1.405383189954596324, -0.2367136103677466852 ) ) ;
#300 = EDGE_CURVE ( 'NONE', #221, #1837, #365, .T. ) ;
#301 = ORIENTED_EDGE ( 'NONE', *, *, #2546, .F. ) ;
#302 = EDGE_LOOP ( 'NONE', ( #499, #2241, #2354, #2586 ) ) ;
#303 =( BOUNDED_CURVE ( )  B_SPLINE_CURVE ( 3, ( #1913, #1936, #165, #803 ),
 .UNSPECIFIED., .F., .F. ) 
 B_SPLINE_CURVE_WITH_KNOTS ( ( 4, 4 ),
 ( 0.000000000000000000, 1.570796326794897890 ),
 .UNSPECIFIED. ) 
 CURVE ( )  GEOMETRIC_REPRESENTATION_ITEM ( )  RATIONAL_B_SPLINE_CURVE ( ( 1.000000000000000000, 0.8047378541243646044, 0.8047378541243646044, 1.000000000000000000 ) ) 
 REPRESENTATION_ITEM ( '' )  );
#304 = EDGE_CURVE ( 'NONE', #1970, #623, #1615, .T. ) ;
#305 = CARTESIAN_POINT ( 'NONE',  ( -0.2499999999999998612, 0.2428124999999999867, -1.372493369525490991E-17 ) ) ;
#306 = LINE ( 'NONE', #269, #622 ) ;
#307 = VERTEX_POINT ( 'NONE', #495 ) ;
#308 = ORIENTED_EDGE ( 'NONE', *, *, #2474, .T. ) ;
#309 = CARTESIAN_POINT ( 'NONE',  ( -0.4999999999999998335, -0.1328125000000000000, 0.1443375672974064605 ) ) ;
#310 = CARTESIAN_POINT ( 'NONE',  ( -0.5086783159665767551, 0.1378240067769174182, -0.2412920581626308569 ) ) ;
#311 = VERTEX_POINT ( 'NONE', #758 ) ;
#312 = DIRECTION ( 'NONE',  ( 1.000000000000000000, 0.000000000000000000, 2.163886977247685745E-16 ) ) ;
#313 = LINE ( 'NONE', #2185, #488 ) ;
#314 = CARTESIAN_POINT ( 'NONE',  ( -0.05962194668966024763, 0.2972270331568425128, 0.06136503857015487839 ) ) ;
#315 = CARTESIAN_POINT ( 'NONE',  ( -0.2499999999999998612, -0.2328125000000000056, -1.372493369525490991E-17 ) ) ;
#316 = ORIENTED_EDGE ( 'NONE', *, *, #2544, .F. ) ;
#317 = CARTESIAN_POINT ( 'NONE',  ( 2.511855426866783031E-17, -0.1328125000000000000, -0.2713546265191238982 ) ) ;
#318 = FACE_OUTER_BOUND ( 'NONE', #1807, .T. ) ;
#319 = EDGE_LOOP ( 'NONE', ( #45, #2604, #2712, #1894 ) ) ;
#320 = CARTESIAN_POINT ( 'NONE',  ( -0.4380522503657811595, 0.3554208962147276663, 0.08058208801191583948 ) ) ;
#321 = PRODUCT_CONTEXT ( 'NONE', #1694, 'mechanical' ) ;
#322 = ORIENTED_EDGE ( 'NONE', *, *, #1451, .T. ) ;
#323 = CARTESIAN_POINT ( 'NONE',  ( -0.5585714285714283855, -0.2842410714285713014, -0.1781537973499418281 ) ) ;
#324 = DIRECTION ( 'NONE',  ( 0.000000000000000000, -1.000000000000000000, 0.000000000000000000 ) ) ;
#325 = CARTESIAN_POINT ( 'NONE',  ( -0.5099999999999995648, 0.1386703643762693394, 0.1501110699893024591 ) ) ;
#327 = CARTESIAN_POINT ( 'NONE',  ( 0.03285539738102759288, 0.1928124999996342070, -0.3101205809158180671 ) ) ;
#326 = CIRCLE ( 'NONE', #2248, 0.1999999999999999833 ) ;
#328 = VERTEX_POINT ( 'NONE', #974 ) ;
#329 = DIRECTION ( 'NONE',  ( 0.000000000000000000, 0.000000000000000000, 1.000000000000000000 ) ) ;
#330 = PLANE ( 'NONE',  #2030 ) ;
#331 = VECTOR ( 'NONE', #517, 39.37007874015748854 ) ;
#332 = VECTOR ( 'NONE', #1819, 39.37007874015748854 ) ;
#333 = EDGE_LOOP ( 'NONE', ( #553, #1479, #1548, #296 ) ) ;
#334 = EDGE_LOOP ( 'NONE', ( #1545, #262, #2134, #2038 ) ) ;
#335 = EDGE_CURVE ( 'NONE', #1095, #345, #163, .T. ) ;
#336 = AXIS2_PLACEMENT_3D ( 'NONE', #156, #1011, #583 ) ;
#337 = CARTESIAN_POINT ( 'NONE',  ( -0.4476684469251869247, 0.3763354299002243941, 0.07722181080204233716 ) ) ;
#338 = EDGE_CURVE ( 'NONE', #2015, #2689, #510, .T. ) ;
#339 = ORIENTED_EDGE ( 'NONE', *, *, #2181, .T. ) ;
#340 = CARTESIAN_POINT ( 'NONE',  ( 0.1599999999999999756, -0.1828125000000000167, 3.462219163596295121E-17 ) ) ;
#341 = CARTESIAN_POINT ( 'NONE',  ( -0.6599999999999999201, 0.6476613620344213729, -0.2367136103677470738 ) ) ;
#342 = ORIENTED_EDGE ( 'NONE', *, *, #1213, .F. ) ;
#343 = FACE_OUTER_BOUND ( 'NONE', #2780, .T. ) ;
#344 = DIRECTION ( 'NONE',  ( 0.000000000000000000, 0.000000000000000000, -1.000000000000000000 ) ) ;
#345 = VERTEX_POINT ( 'NONE', #2019 ) ;
#346 = EDGE_CURVE ( 'NONE', #799, #667, #671, .T. ) ;
#347 = ADVANCED_FACE ( 'NONE', ( #2678 ), #2562, .T. ) ;
#348 = EDGE_LOOP ( 'NONE', ( #2573, #2126, #939, #1444 ) ) ;
#349 = CARTESIAN_POINT ( 'NONE',  ( 0.1599999999999999201, 0.3499999999999999778, 4.585672809699774120E-17 ) ) ;
#350 = CARTESIAN_POINT ( 'NONE',  ( -0.5050000000000000044, 0.1428124999999999811, 0.1414508159514581975 ) ) ;
#351 = LINE ( 'NONE', #2283, #1383 ) ;
#352 = VECTOR ( 'NONE', #707, 39.37007874015747433 ) ;
#353 = PRODUCT ( 'NeedleValve_Body', 'NeedleValve_Body', '', ( #321 ) ) ;
#354 = EDGE_LOOP ( 'NONE', ( #82, #1818, #398, #2378 ) ) ;
#355 = FACE_OUTER_BOUND ( 'NONE', #1142, .T. ) ;
#356 = CARTESIAN_POINT ( 'NONE',  ( -0.5249999999999999112, 0.1928124999999999978, -0.3146558967083461500 ) ) ;
#357 = FACE_OUTER_BOUND ( 'NONE', #1335, .T. ) ;
#358 = ORIENTED_EDGE ( 'NONE', *, *, #2362, .T. ) ;
#359 = FACE_OUTER_BOUND ( 'NONE', #249, .T. ) ;
#360 = DIRECTION ( 'NONE',  ( 0.000000000000000000, -1.000000000000000000, 0.000000000000000000 ) ) ;
#361 = DIRECTION ( 'NONE',  ( 0.000000000000000000, -1.000000000000000000, 0.000000000000000000 ) ) ;
#362 = EDGE_CURVE ( 'NONE', #2554, #147, #2702, .T. ) ;
#363 = CIRCLE ( 'NONE', #2196, 0.1063529606303628694 ) ;
#364 = EDGE_CURVE ( 'NONE', #2187, #894, #2664, .T. ) ;
#365 = CIRCLE ( 'NONE', #1254, 0.1622640653041068082 ) ;
#367 = LINE ( 'NONE', #2101, #1271 ) ;
#366 = CONICAL_SURFACE ( 'NONE', #420, 0.1000000000000000888, 0.08726646259971666819 ) ;
#369 = AXIS2_PLACEMENT_3D ( 'NONE', #1006, #1432, #2332 ) ;
#368 = CARTESIAN_POINT ( 'NONE',  ( -0.2499999999999998612, 0.2328124999999999500, -1.372493369525490991E-17 ) ) ;
#370 = VECTOR ( 'NONE', #497, 39.37007874015748143 ) ;
#371 = AXIS2_PLACEMENT_3D ( 'NONE', #1760, #2621, #687 ) ;
#372 = EDGE_LOOP ( 'NONE', ( #2267, #1775, #1730, #1129, #2285, #1103 ) ) ;
#373 = CARTESIAN_POINT ( 'NONE',  ( -0.6599999999999999201, 0.3499999999999999778, 0.1000000000000000472 ) ) ;
#374 = CARTESIAN_POINT ( 'NONE',  ( -0.7599999999999998979, 0.3499999999999999778, -0.1637611984268850240 ) ) ;
#375 = LINE ( 'NONE', #1839, #1212 ) ;
#376 = CARTESIAN_POINT ( 'NONE',  ( 0.01428118794827544155, 0.1213891084297283596, -0.3208444057318002307 ) ) ;
#377 = ORIENTED_EDGE ( 'NONE', *, *, #338, .T. ) ;
#378 = EDGE_LOOP ( 'NONE', ( #1951, #695, #1721, #1789 ) ) ;
#379 = EDGE_CURVE ( 'NONE', #538, #1191, #297, .T. ) ;
#380 = EDGE_CURVE ( 'NONE', #2428, #1759, #1414, .T. ) ;
#381 = CARTESIAN_POINT ( 'NONE',  ( -0.4681875478244250099, 0.4119710026646203338, -0.05579585755579955647 ) ) ;
#382 = DIRECTION ( 'NONE',  ( 1.000000000000000000, 0.000000000000000000, 2.163886977247685745E-16 ) ) ;
#383 = CARTESIAN_POINT ( 'NONE',  ( -0.4766169323422829174, 0.4247545203713123385, 0.03861935171321308202 ) ) ;
#384 = CARTESIAN_POINT ( 'NONE',  ( -0.5096801664959067502, -0.1254053256396041871, -0.2378215461258511576 ) ) ;
#385 = EDGE_CURVE ( 'NONE', #538, #696, #326, .T. ) ;
#386 = ORIENTED_EDGE ( 'NONE', *, *, #1623, .F. ) ;
#387 = CARTESIAN_POINT ( 'NONE',  ( -0.2499999999999998612, -0.2328125000000000056, -1.372493369525490991E-17 ) ) ;
#388 = DIRECTION ( 'NONE',  ( 0.000000000000000000, -1.000000000000000000, 0.000000000000000000 ) ) ;
#389 = DIRECTION ( 'NONE',  ( 1.000000000000000000, 0.000000000000000000, 0.000000000000000000 ) ) ;
#390 = CARTESIAN_POINT ( 'NONE',  ( -0.05856509003156201709, 0.2934402677193766462, -0.05802282960939020295 ) ) ;
#391 = ORIENTED_EDGE ( 'NONE', *, *, #2491, .F. ) ;
#392 = PLANE ( 'NONE',  #1666 ) ;
#393 = FACE_OUTER_BOUND ( 'NONE', #121, .T. ) ;
#394 = CARTESIAN_POINT ( 'NONE',  ( 0.2326146722824297686, 0.3499999999999999778, 6.156972246790356287E-17 ) ) ;
#395 = EDGE_CURVE ( 'NONE', #2093, #480, #1030, .T. ) ;
#396 = FACE_OUTER_BOUND ( 'NONE', #2752, .T. ) ;
#397 = VERTEX_POINT ( 'NONE', #722 ) ;
#398 = ORIENTED_EDGE ( 'NONE', *, *, #1492, .F. ) ;
#399 = DIRECTION ( 'NONE',  ( 0.000000000000000000, 0.000000000000000000, 1.000000000000000000 ) ) ;
#400 = DIRECTION ( 'NONE',  ( 0.000000000000000000, 1.000000000000000000, 0.000000000000000000 ) ) ;
#401 = LINE ( 'NONE', #1875, #2343 ) ;
#402 = CARTESIAN_POINT ( 'NONE',  ( -0.2499999999999998612, -0.1428124999999999811, -1.372493369525490991E-17 ) ) ;
#403 = CARTESIAN_POINT ( 'NONE',  ( 0.01000000000000011470, 0.1328125000000000000, -0.3233161507461901896 ) ) ;
#404 = DIRECTION ( 'NONE',  ( 0.9961946980917454342, 0.000000000000000000, 0.08715574274765858220 ) ) ;
#405 = ORIENTED_EDGE ( 'NONE', *, *, #1092, .F. ) ;
#406 = DIRECTION ( 'NONE',  ( -0.000000000000000000, 0.000000000000000000, 1.000000000000000000 ) ) ;
#407 = DIRECTION ( 'NONE',  ( 0.8660254037844385966, 0.000000000000000000, -0.4999999999999998335 ) ) ;
#408 = CARTESIAN_POINT ( 'NONE',  ( -0.5099999999999998979, -0.1228125000000001021, -0.2367136103677466852 ) ) ;
#409 = EDGE_CURVE ( 'NONE', #2794, #1946, #1345, .T. ) ;
#410 = VECTOR ( 'NONE', #1210, 39.37007874015748143 ) ;
#411 = ADVANCED_FACE ( 'NONE', ( #1057 ), #1267, .F. ) ;
#412 = VECTOR ( 'NONE', #1445, 39.37007874015748854 ) ;
#413 = EDGE_CURVE ( 'NONE', #1737, #1950, #1044, .T. ) ;
#414 = EDGE_LOOP ( 'NONE', ( #322, #2237 ) ) ;
#415 = CARTESIAN_POINT ( 'NONE',  ( -0.7326146722824298241, 0.3499999999999999778, -4.286263797015734746E-17 ) ) ;
#416 = CARTESIAN_POINT ( 'NONE',  ( -0.09389961837632262998, 0.6510815634676780927, 0.2703737920530993044 ) ) ;
#417 = CARTESIAN_POINT ( 'NONE',  ( 0.02500629014045896784, -0.1093710801549168110, -0.3146522650940588584 ) ) ;
#418 = VECTOR ( 'NONE', #2375, 39.37007874015748143 ) ;
#419 = EDGE_CURVE ( 'NONE', #2554, #469, #1477, .T. ) ;
#420 = AXIS2_PLACEMENT_3D ( 'NONE', #1281, #2138, #1509 ) ;
#421 = AXIS2_PLACEMENT_3D ( 'NONE', #1644, #152, #1009 ) ;
#422 = PLANE ( 'NONE',  #2713 ) ;
#423 = ORIENTED_EDGE ( 'NONE', *, *, #2725, .T. ) ;
#424 = ORIENTED_EDGE ( 'NONE', *, *, #1062, .T. ) ;
#425 = CARTESIAN_POINT ( 'NONE',  ( 4.908789363615473433E-17, 0.1428124999999999811, 0.1501110699893029032 ) ) ;
#426 = DIRECTION ( 'NONE',  ( 0.3535533905932735643, 0.7071067811865479058, 0.6123724356957943593 ) ) ;
#427 = EDGE_LOOP ( 'NONE', ( #2047, #1769, #1748, #2648 ) ) ;
#428 = EDGE_LOOP ( 'NONE', ( #115, #794, #1980, #1134 ) ) ;
#429 = FACE_BOUND ( 'NONE', #2400, .T. ) ;
#430 = DIRECTION ( 'NONE',  ( 0.000000000000000000, 0.000000000000000000, -1.000000000000000000 ) ) ;
#431 = FACE_OUTER_BOUND ( 'NONE', #1409, .T. ) ;
#432 = CARTESIAN_POINT ( 'NONE',  ( 0.02330678504863418696, 0.1186885683931788588, -0.3156334748163172055 ) ) ;
#433 = EDGE_CURVE ( 'NONE', #2269, #1536, #1421, .T. ) ;
#434 = EDGE_CURVE ( 'NONE', #1052, #724, #2771, .T. ) ;
#435 = CARTESIAN_POINT ( 'NONE',  ( -0.5928571428571417501, 0.7148042191772795428, -0.1979486637221576639 ) ) ;
#436 = ORIENTED_EDGE ( 'NONE', *, *, #2384, .T. ) ;
#437 = ORIENTED_EDGE ( 'NONE', *, *, #2103, .F. ) ;
#438 = FACE_OUTER_BOUND ( 'NONE', #952, .T. ) ;
#439 = CARTESIAN_POINT ( 'NONE',  ( -0.5770698957994604417, -0.1528815406615087469, -0.2845933283518518042 ) ) ;
#440 = DIRECTION ( 'NONE',  ( 0.8660254037844385966, 0.000000000000000000, 0.5000000000000003331 ) ) ;
#441 = CARTESIAN_POINT ( 'NONE',  ( -0.4414349099684372058, 0.2934402677193767572, -0.05802282960939020295 ) ) ;
#442 = CARTESIAN_POINT ( 'NONE',  ( 0.06187280354008415501, -0.1707925102023011010, -0.2933673736587020797 ) ) ;
#443 = CYLINDRICAL_SURFACE ( 'NONE', #1140, 0.01000000000000000194 ) ;
#444 = DIRECTION ( 'NONE',  ( 0.000000000000000000, 0.000000000000000000, 1.000000000000000000 ) ) ;
#445 = DIRECTION ( 'NONE',  ( 0.8660254037844384856, -0.000000000000000000, 0.5000000000000002220 ) ) ;
#446 = EDGE_CURVE ( 'NONE', #161, #560, #1, .T. ) ;
#447 = ORIENTED_EDGE ( 'NONE', *, *, #2705, .T. ) ;
#448 = ORIENTED_EDGE ( 'NONE', *, *, #1678, .F. ) ;
#449 = PLANE ( 'NONE',  #336 ) ;
#450 = ORIENTED_EDGE ( 'NONE', *, *, #257, .F. ) ;
#451 = CARTESIAN_POINT ( 'NONE',  ( -0.2499999999999998612, 0.1528124999999999900, -1.372493369525490991E-17 ) ) ;
#452 = AXIS2_PLACEMENT_3D ( 'NONE', #2448, #516, #1392 ) ;
#453 = CIRCLE ( 'NONE', #728, 0.05000000000000000971 ) ;
#454 = DIRECTION ( 'NONE',  ( 0.5000000000000000000, 0.000000000000000000, 0.8660254037844385966 ) ) ;
#455 = CARTESIAN_POINT ( 'NONE',  ( -0.5280410881217324492, -0.1294335135603797982, -0.3129001236625870708 ) ) ;
#456 = ORIENTED_EDGE ( 'NONE', *, *, #304, .T. ) ;
#457 = ORIENTED_EDGE ( 'NONE', *, *, #1354, .T. ) ;
#458 = ORIENTED_EDGE ( 'NONE', *, *, #31, .T. ) ;
#459 = CARTESIAN_POINT ( 'NONE',  ( -0.05233155307481242996, 0.3763354299002242276, 0.07722181080204240655 ) ) ;
#460 = CIRCLE ( 'NONE', #2721, 0.3122007632473540739 ) ;
#461 = ADVANCED_FACE ( 'NONE', ( #826, #359 ), #1687, .T. ) ;
#462 = EDGE_CURVE ( 'NONE', #161, #2662, #1221, .T. ) ;
#463 = ORIENTED_EDGE ( 'NONE', *, *, #335, .T. ) ;
#464 = CARTESIAN_POINT ( 'NONE',  ( -0.4350579384192416188, 0.3231548562351208576, -0.07586580499715528392 ) ) ;
#465 = FACE_OUTER_BOUND ( 'NONE', #1757, .T. ) ;
#466 = ORIENTED_EDGE ( 'NONE', *, *, #1842, .F. ) ;
#467 = DIRECTION ( 'NONE',  ( -2.163886977247685745E-16, 0.000000000000000000, 1.000000000000000000 ) ) ;
#468 = CARTESIAN_POINT ( 'NONE',  ( 0.1424999999999999878, -0.1828125000000000167, -0.2468172400785648146 ) ) ;
#469 = VERTEX_POINT ( 'NONE', #188 ) ;
#470 = CARTESIAN_POINT ( 'NONE',  ( -0.2499999999999998335, 0.2328124999999999500, -0.1722640653041067893 ) ) ;
#471 = CARTESIAN_POINT ( 'NONE',  ( -0.2424999999999999656, -0.1828125000000000167, -0.4200223208354527671 ) ) ;
#472 = EDGE_CURVE ( 'NONE', #2449, #1249, #740, .T. ) ;
#473 = AXIS2_PLACEMENT_3D ( 'NONE', #1483, #1898, #1683 ) ;
#474 = ORIENTED_EDGE ( 'NONE', *, *, #2762, .F. ) ;
#475 = CARTESIAN_POINT ( 'NONE',  ( -0.4500018151063888139, 0.2683680132409254626, 0.01001754166759496675 ) ) ;
#476 = DIRECTION ( 'NONE',  ( -0.3535533905932734533, 0.7071067811865485719, 0.6123724356957935822 ) ) ;
#477 = ORIENTED_EDGE ( 'NONE', *, *, #1156, .T. ) ;
#478 = DIRECTION ( 'NONE',  ( 0.7071067811865492381, 0.7071067811865459074, 1.530099155333102886E-16 ) ) ;
#479 = CARTESIAN_POINT ( 'NONE',  ( -0.5050361897361510533, -0.1315503639115260526, -0.2539087535199923140 ) ) ;
#480 = VERTEX_POINT ( 'NONE', #1627 ) ;
#481 = EDGE_LOOP ( 'NONE', ( #1430, #567 ) ) ;
#482 = EDGE_LOOP ( 'NONE', ( #2086, #68, #437, #2227 ) ) ;
#483 = CARTESIAN_POINT ( 'NONE',  ( -0.06401893609040879007, 0.3499999999999999778, 0.08040088267695080781 ) ) ;
#484 = CARTESIAN_POINT ( 'NONE',  ( -0.4333686407688179809, 0.3428124999999999645, 0.07984949331458512933 ) ) ;
#485 = CARTESIAN_POINT ( 'NONE',  ( -0.2499999999999996114, 0.6510815634676780927, -4.579724529770264347E-16 ) ) ;
#486 = CARTESIAN_POINT ( 'NONE',  ( -0.6499999999999999112, 0.6576613620344213818, -0.2309401076758504923 ) ) ;
#487 = LINE ( 'NONE', #1811, #2256 ) ;
#488 = VECTOR ( 'NONE', #1336, 39.37007874015748143 ) ;
#489 = ORIENTED_EDGE ( 'NONE', *, *, #2561, .F. ) ;
#490 = ORIENTED_EDGE ( 'NONE', *, *, #1068, .T. ) ;
#491 = ADVANCED_FACE ( 'NONE', ( #148 ), #2753, .F. ) ;
#492 = CARTESIAN_POINT ( 'NONE',  ( -0.5849999999997196332, 0.1367395351589955899, -0.2800148805571304189 ) ) ;
#493 = EDGE_CURVE ( 'NONE', #623, #1191, #719, .T. ) ;
#494 = AXIS2_PLACEMENT_3D ( 'NONE', #124, #575, #1433 ) ;
#495 = CARTESIAN_POINT ( 'NONE',  ( -0.2499999999999998890, 0.6476613620344215949, 0.4734272207354930928 ) ) ;
#496 = CARTESIAN_POINT ( 'NONE',  ( -0.4798356571285860572, 0.4294622984903389562, 0.02850963763859168387 ) ) ;
#497 = DIRECTION ( 'NONE',  ( -0.8660254037844383745, 0.000000000000000000, -0.5000000000000002220 ) ) ;
#498 = VERTEX_POINT ( 'NONE', #174 ) ;
#499 = ORIENTED_EDGE ( 'NONE', *, *, #1831, .F. ) ;
#500 = VERTEX_POINT ( 'NONE', #587 ) ;
#501 = AXIS2_PLACEMENT_3D ( 'NONE', #2452, #324, #2049 ) ;
#502 = CONICAL_SURFACE ( 'NONE', #2071, 0.1622640653041068082, 0.7853981633974499443 ) ;
#503 = DIRECTION ( 'NONE',  ( -0.5000000000000001110, 0.000000000000000000, -0.8660254037844385966 ) ) ;
#504 = CONICAL_SURFACE ( 'NONE', #2624, 0.1622640653041068082, 0.7853981633974499443 ) ;
#505 = CARTESIAN_POINT ( 'NONE',  ( -0.6099999999999997646, -0.2328125000000000056, -0.2078460969082653875 ) ) ;
#506 = ORIENTED_EDGE ( 'NONE', *, *, #767, .T. ) ;
#507 = CARTESIAN_POINT ( 'NONE',  ( -0.5789299777287850723, 0.1594015721338488123, -0.2835194095492414301 ) ) ;
#508 = DIRECTION ( 'NONE',  ( -0.000000000000000000, -1.000000000000000000, -0.000000000000000000 ) ) ;
#509 = ORIENTED_EDGE ( 'NONE', *, *, #855, .F. ) ;
#510 = LINE ( 'NONE', #1356, #2201 ) ;
#511 = CARTESIAN_POINT ( 'NONE',  ( -0.4746838686551278497, 0.4218936983945383301, 0.04337126462445941438 ) ) ;
#512 = DIRECTION ( 'NONE',  ( -0.6546536707079776418, -0.6546536707079776418, 0.3779644730092254767 ) ) ;
#513 = ORIENTED_EDGE ( 'NONE', *, *, #395, .F. ) ;
#514 = ORIENTED_EDGE ( 'NONE', *, *, #49, .T. ) ;
#515 = EDGE_CURVE ( 'NONE', #1287, #19, #1431, .T. ) ;
#516 = DIRECTION ( 'NONE',  ( -0.000000000000000000, 1.000000000000000000, -8.171304526338934795E-17 ) ) ;
#517 = DIRECTION ( 'NONE',  ( -0.8660254037844385966, 0.000000000000000000, 0.4999999999999998335 ) ) ;
#518 = EDGE_LOOP ( 'NONE', ( #1141, #1574, #2741, #760, #2258, #2671, #2297 ) ) ;
#519 = CARTESIAN_POINT ( 'NONE',  ( -0.5830809989754406342, 0.1483694538376257310, -0.2811228163150730208 ) ) ;
#520 = CARTESIAN_POINT ( 'NONE',  ( -0.5233067850486343708, -0.1086885683931779756, -0.3156334748163140413 ) ) ;
#521 = EDGE_LOOP ( 'NONE', ( #253, #236, #1204, #1420 ) ) ;
#522 = DIRECTION ( 'NONE',  ( -0.6546536707079781969, 0.6546536707079764206, -0.3779644730092266425 ) ) ;
#523 = CARTESIAN_POINT ( 'NONE',  ( 0.02500000000000003608, 0.1428125000000000644, -0.3146558967083458169 ) ) ;
#524 = ORIENTED_EDGE ( 'NONE', *, *, #385, .T. ) ;
#525 = ADVANCED_FACE ( 'NONE', ( #1013, #1874 ), #2517, .T. ) ;
#526 = PLANE ( 'NONE',  #769 ) ;
#527 = EDGE_LOOP ( 'NONE', ( #666, #1290, #2563, #2451 ) ) ;
#528 = FACE_OUTER_BOUND ( 'NONE', #2022, .T. ) ;
#529 = DIRECTION ( 'NONE',  ( 5.687138850458655231E-17, -0.000000000000000000, 1.000000000000000000 ) ) ;
#530 = DIRECTION ( 'NONE',  ( 0.3535533905932742305, 0.7071067811865470176, -0.6123724356957949144 ) ) ;
#531 = VERTEX_POINT ( 'NONE', #1672 ) ;
#532 = CARTESIAN_POINT ( 'NONE',  ( -0.4451119399278656297, 0.3711903584915334786, 0.07856425728279868570 ) ) ;
#533 = EDGE_CURVE ( 'NONE', #2043, #307, #1235, .T. ) ;
#534 = ORIENTED_EDGE ( 'NONE', *, *, #493, .F. ) ;
#535 = DIRECTION ( 'NONE',  ( -0.8660254037844385966, 0.000000000000000000, 0.4999999999999998335 ) ) ;
#536 =( BOUNDED_CURVE ( )  B_SPLINE_CURVE ( 3, ( #50, #1803, #615, #1740 ),
 .UNSPECIFIED., .F., .F. ) 
 B_SPLINE_CURVE_WITH_KNOTS ( ( 4, 4 ),
 ( 0.000000000000000000, 1.570796326794896558 ),
 .UNSPECIFIED. ) 
 CURVE ( )  GEOMETRIC_REPRESENTATION_ITEM ( )  RATIONAL_B_SPLINE_CURVE ( ( 1.000000000000000000, 0.8047378541243649375, 0.8047378541243649375, 1.000000000000000000 ) ) 
 REPRESENTATION_ITEM ( '' )  );
#537 = LINE ( 'NONE', #1424, #2599 ) ;
#538 = VERTEX_POINT ( 'NONE', #2303 ) ;
#539 = CARTESIAN_POINT ( 'NONE',  ( -0.2675000000000000711, 1.405383189954596324, 0.4633235910246745748 ) ) ;
#540 = CARTESIAN_POINT ( 'NONE',  ( -0.5599999999999999423, -0.1228125000000001021, -0.2367136103677466852 ) ) ;
#541 = CIRCLE ( 'NONE', #729, 0.02999999999999998848 ) ;
#542 = TOROIDAL_SURFACE ( 'NONE', #2255, 0.1722640653041067893, 0.01000000000000000021 ) ;
#543 = CARTESIAN_POINT ( 'NONE',  ( -0.7299999999999999822, 0.3499999999999999778, -4.286263797015734746E-17 ) ) ;
#544 = EDGE_CURVE ( 'NONE', #866, #2419, #2094, .T. ) ;
#545 = VECTOR ( 'NONE', #2348, 39.37007874015748854 ) ;
#546 = CIRCLE ( 'NONE', #2073, 0.1063529606303628694 ) ;
#547 = EDGE_CURVE ( 'NONE', #1921, #2043, #1104, .T. ) ;
#548 = ORIENTED_EDGE ( 'NONE', *, *, #2028, .T. ) ;
#549 = EDGE_CURVE ( 'NONE', #2463, #1786, #1088, .T. ) ;
#550 = ORIENTED_EDGE ( 'NONE', *, *, #2725, .F. ) ;
#551 = VECTOR ( 'NONE', #1325, 39.37007874015748854 ) ;
#552 = CIRCLE ( 'NONE', #914, 0.1899999999999999745 ) ;
#553 = ORIENTED_EDGE ( 'NONE', *, *, #87, .F. ) ;
#554 = DIRECTION ( 'NONE',  ( -1.000000000000000000, -0.000000000000000000, -2.163886977247685745E-16 ) ) ;
#555 = CARTESIAN_POINT ( 'NONE',  ( -0.2499999999999999167, -0.1828124999999994615, -0.4734272207354931483 ) ) ;
#556 = DIRECTION ( 'NONE',  ( 0.000000000000000000, -1.000000000000000000, 0.000000000000000000 ) ) ;
#557 = FACE_OUTER_BOUND ( 'NONE', #2183, .T. ) ;
#558 = CARTESIAN_POINT ( 'NONE',  ( -0.2499999999999996669, 0.3428124999999999645, -4.439252989704427977E-16 ) ) ;
#559 = CARTESIAN_POINT ( 'NONE',  ( -0.4999999999999998335, 0.1428124999999999811, 0.1443375672974064050 ) ) ;
#560 = VERTEX_POINT ( 'NONE', #1745 ) ;
#561 = DIRECTION ( 'NONE',  ( -2.163886977247685745E-16, 0.000000000000000000, 1.000000000000000000 ) ) ;
#562 = LINE ( 'NONE', #1688, #418 ) ;
#563 = CARTESIAN_POINT ( 'NONE',  ( 0.2599999999999999534, 0.3499999999999999778, -0.1637611984268849130 ) ) ;
#564 = ORIENTED_EDGE ( 'NONE', *, *, #1569, .F. ) ;
#565 = VECTOR ( 'NONE', #1230, 39.37007874015748143 ) ;
#566 = VECTOR ( 'NONE', #1504, 39.37007874015748143 ) ;
#567 = ORIENTED_EDGE ( 'NONE', *, *, #2676, .T. ) ;
#568 = DIRECTION ( 'NONE',  ( -1.000000000000000000, -0.000000000000000000, -0.000000000000000000 ) ) ;
#569 = CARTESIAN_POINT ( 'NONE',  ( -0.5849999999999998535, 0.1328125000000000000, -0.2800148805569686039 ) ) ;
#570 = DIRECTION ( 'NONE',  ( 0.000000000000000000, 0.000000000000000000, -1.000000000000000000 ) ) ;
#571 = EDGE_CURVE ( 'NONE', #1374, #1786, #1024, .T. ) ;
#572 = ORIENTED_EDGE ( 'NONE', *, *, #2191, .F. ) ;
#573 = DIRECTION ( 'NONE',  ( 3.329491765587158386E-17, 1.000000000000000000, 5.766848901379164457E-17 ) ) ;
#574 = DIRECTION ( 'NONE',  ( 1.000000000000000000, -0.000000000000000000, 1.224646799147353207E-16 ) ) ;
#575 = DIRECTION ( 'NONE',  ( -0.4999999999999998890, 0.000000000000000000, -0.8660254037844387076 ) ) ;
#576 = EDGE_CURVE ( 'NONE', #2482, #2554, #1544, .T. ) ;
#577 = DIRECTION ( 'NONE',  ( 0.000000000000000000, 0.000000000000000000, 1.000000000000000000 ) ) ;
#578 = ORIENTED_EDGE ( 'NONE', *, *, #1996, .T. ) ;
#579 = CARTESIAN_POINT ( 'NONE',  ( -0.4829103229801535724, 0.4338704117682199435, 0.01183365426805180719 ) ) ;
#581 = AXIS2_PLACEMENT_3D ( 'NONE', #2318, #2081, #784 ) ;
#580 = DIRECTION ( 'NONE',  ( 3.329491765587158386E-17, 1.000000000000000000, 5.766848901379164457E-17 ) ) ;
#582 = AXIS2_PLACEMENT_3D ( 'NONE', #1816, #2659, #454 ) ;
#583 = DIRECTION ( 'NONE',  ( 0.8660254037844385966, 0.000000000000000000, -0.5000000000000000000 ) ) ;
#584 = VECTOR ( 'NONE', #822, 39.37007874015748143 ) ;
#585 = CIRCLE ( 'NONE', #1636, 0.009999999999999995004 ) ;
#586 = VERTEX_POINT ( 'NONE', #998 ) ;
#587 = CARTESIAN_POINT ( 'NONE',  ( -0.6873853277175702159, 0.3499999999999999778, 0.1976040942777703979 ) ) ;
#588 = CARTESIAN_POINT ( 'NONE',  ( 4.875954652153162838E-17, 0.1428124999999999811, 0.1443375672974066271 ) ) ;
#589 = DIRECTION ( 'NONE',  ( 0.000000000000000000, 0.000000000000000000, -1.000000000000000000 ) ) ;
#590 = ADVANCED_FACE ( 'NONE', ( #355 ), #2751, .F. ) ;
#591 = EDGE_LOOP ( 'NONE', ( #1388, #2238, #2610, #97, #801 ) ) ;
#592 = FACE_OUTER_BOUND ( 'NONE', #333, .T. ) ;
#593 = DIRECTION ( 'NONE',  ( -3.414809992080326065E-16, 0.000000000000000000, 1.000000000000000000 ) ) ;
#594 = CARTESIAN_POINT ( 'NONE',  ( -0.2499999999999998335, 0.2428124999999999867, 0.1622640653041068082 ) ) ;
#595 = ORIENTED_EDGE ( 'NONE', *, *, #1050, .F. ) ;
#596 = CARTESIAN_POINT ( 'NONE',  ( -0.2499999999999994171, 0.6476613620344213729, 0.4734272207354928153 ) ) ;
#597 = CARTESIAN_POINT ( 'NONE',  ( -0.3499999999999995892, 0.3428124999999999645, -0.1732050807568882023 ) ) ;
#598 = FACE_OUTER_BOUND ( 'NONE', #872, .T. ) ;
#599 = CARTESIAN_POINT ( 'NONE',  ( 0.02906477774924688326, -0.1127771880617494255, -0.3123090961806216925 ) ) ;
#600 = CARTESIAN_POINT ( 'NONE',  ( -0.5249999999999999112, -0.1828125000000000999, -0.3146558967083461500 ) ) ;
#601 = CARTESIAN_POINT ( 'NONE',  ( -0.06605020166064456966, 0.3327899779788424106, -0.07851453770326188852 ) ) ;
#602 = ADVANCED_FACE ( 'NONE', ( #393 ), #1632, .T. ) ;
#603 = ORIENTED_EDGE ( 'NONE', *, *, #2103, .T. ) ;
#604 = DIRECTION ( 'NONE',  ( -0.000000000000000000, -1.000000000000000000, -0.000000000000000000 ) ) ;
#605 = EDGE_CURVE ( 'NONE', #1294, #1774, #552, .T. ) ;
#606 = CARTESIAN_POINT ( 'NONE',  ( -0.05232748149967787060, 0.3763446596767355268, -0.07722123267521381618 ) ) ;
#607 = DIRECTION ( 'NONE',  ( -4.058070618517610429E-15, -0.6546536707079790851, 0.7559289460184526188 ) ) ;
#608 = EDGE_CURVE ( 'NONE', #2689, #2418, #367, .T. ) ;
#609 = ORIENTED_EDGE ( 'NONE', *, *, #1720, .T. ) ;
#610 = CARTESIAN_POINT ( 'NONE',  ( -0.5099999999999998979, 0.1386703643762690341, -0.2367136103677466297 ) ) ;
#611 = DIRECTION ( 'NONE',  ( 0.000000000000000000, 0.000000000000000000, 1.000000000000000000 ) ) ;
#612 = ADVANCED_FACE ( 'NONE', ( #2510 ), #292, .T. ) ;
#613 = FACE_OUTER_BOUND ( 'NONE', #2016, .T. ) ;
#614 = CARTESIAN_POINT ( 'NONE',  ( 0.01968041326983226147, 0.1185134250168884962, -0.3177271615389813397 ) ) ;
#615 = CARTESIAN_POINT ( 'NONE',  ( -0.5601471862576140603, -0.1828125000000000999, -0.2943636592612546843 ) ) ;
#616 = ORIENTED_EDGE ( 'NONE', *, *, #571, .T. ) ;
#617 = EDGE_LOOP ( 'NONE', ( #463, #2056, #1578, #2628 ) ) ;
#618 = DIRECTION ( 'NONE',  ( -1.000000000000000000, 0.000000000000000000, 0.000000000000000000 ) ) ;
#619 = CARTESIAN_POINT ( 'NONE',  ( -0.4799251144055982077, 0.4295917262925961211, -0.02817353706191964499 ) ) ;
#620 = CIRCLE ( 'NONE', #992, 0.1899999999999999745 ) ;
#621 = ADVANCED_FACE ( 'NONE', ( #2745 ), #2724, .T. ) ;
#622 = VECTOR ( 'NONE', #915, 39.37007874015748143 ) ;
#623 = VERTEX_POINT ( 'NONE', #1193 ) ;
#624 = FACE_OUTER_BOUND ( 'NONE', #521, .T. ) ;
#625 = CARTESIAN_POINT ( 'NONE',  ( -0.4349401836045888592, 0.3229615875193668773, 0.07628201549430248252 ) ) ;
#626 = FACE_BOUND ( 'NONE', #2497, .T. ) ;
#627 = CIRCLE ( 'NONE', #999, 0.1063529606303628694 ) ;
#628 = AXIS2_PLACEMENT_3D ( 'NONE', #2754, #775, #1905 ) ;
#629 = CARTESIAN_POINT ( 'NONE',  ( -0.7599999999999998979, 0.3499999999999999778, -4.286263797015734746E-17 ) ) ;
#630 = CARTESIAN_POINT ( 'NONE',  ( 0.009489261028761474676, 0.1360346566249931999, -0.2384828620629286244 ) ) ;
#631 = AXIS2_PLACEMENT_3D ( 'NONE', #1866, #785, #218 ) ;
#632 = AXIS2_PLACEMENT_3D ( 'NONE', #1682, #1911, #2781 ) ;
#633 = CARTESIAN_POINT ( 'NONE',  ( -0.1249999999999996253, 0.6576613620344213818, 0.2165063509461092328 ) ) ;
#634 = LINE ( 'NONE', #1285, #1528 ) ;
#635 = ORIENTED_EDGE ( 'NONE', *, *, #544, .F. ) ;
#636 = ORIENTED_EDGE ( 'NONE', *, *, #2235, .T. ) ;
#637 = CARTESIAN_POINT ( 'NONE',  ( -0.6499999999999999112, 0.6576613620344213818, 0.2165063509461092328 ) ) ;
#638 = CARTESIAN_POINT ( 'NONE',  ( -0.2499999999999998057, -0.2328125000000000056, 0.4156921938165302755 ) ) ;
#639 = AXIS2_PLACEMENT_3D ( 'NONE', #130, #1845, #679 ) ;
#640 = CARTESIAN_POINT ( 'NONE',  ( -0.5099999999999998979, 1.405383189954596324, 0.1501110699893025702 ) ) ;
#641 = CARTESIAN_POINT ( 'NONE',  ( 0.1599999999999999201, 0.3499999999999999778, 4.585672809699774120E-17 ) ) ;
#642 = DIRECTION ( 'NONE',  ( -0.9961946980917454342, 1.067350013832299517E-17, -0.08715574274765858220 ) ) ;
#643 = ORIENTED_EDGE ( 'NONE', *, *, #2761, .F. ) ;
#644 = CARTESIAN_POINT ( 'NONE',  ( -0.2499999999999998057, 0.1328125000000000000, 0.3002221399786055289 ) ) ;
#645 = EDGE_CURVE ( 'NONE', #345, #1649, #313, .T. ) ;
#646 = CARTESIAN_POINT ( 'NONE',  ( -0.2499999999999997224, -0.1228124999999995470, 0.3002221399786054179 ) ) ;
#647 = CARTESIAN_POINT ( 'NONE',  ( -0.6599999999999999201, 0.3499999999999999778, 0.2000000000000000389 ) ) ;
#648 = DIRECTION ( 'NONE',  ( -0.8660254037844384856, 0.000000000000000000, -0.5000000000000002220 ) ) ;
#649 = PRODUCT_RELATED_PRODUCT_CATEGORY ( 'part', '', ( #353 ) ) ;
#650 = CARTESIAN_POINT ( 'NONE',  ( -0.06421491713628336984, 0.3184217296017163301, -0.07409007811314265168 ) ) ;
#651 = VERTEX_POINT ( 'NONE', #921 ) ;
#652 = ORIENTED_EDGE ( 'NONE', *, *, #977, .T. ) ;
#653 = ORIENTED_EDGE ( 'NONE', *, *, #300, .F. ) ;
#654 = CARTESIAN_POINT ( 'NONE',  ( 0.01000000000000003837, 1.405383189954596324, -5.687138850458676147E-19 ) ) ;
#655 = DIRECTION ( 'NONE',  ( 0.000000000000000000, -1.000000000000000000, 0.000000000000000000 ) ) ;
#656 = CIRCLE ( 'NONE', #704, 0.1637611984268849685 ) ;
#657 = ORIENTED_EDGE ( 'NONE', *, *, #1541, .T. ) ;
#658 = CARTESIAN_POINT ( 'NONE',  ( 0.008678315966576106294, -0.1278240067769187416, -0.2412920581626323280 ) ) ;
#659 = CARTESIAN_POINT ( 'NONE',  ( -0.7299999999999999822, 0.3499999999999999778, -4.286263797015734746E-17 ) ) ;
#660 = VERTEX_POINT ( 'NONE', #81 ) ;
#661 = CARTESIAN_POINT ( 'NONE',  ( -0.2424999999999998823, -0.2328125000000000056, -0.4200223208354527116 ) ) ;
#662 = EDGE_CURVE ( 'NONE', #2633, #2429, #1310, .T. ) ;
#663 = EDGE_CURVE ( 'NONE', #1562, #2449, #1123, .T. ) ;
#664 = CARTESIAN_POINT ( 'NONE',  ( 0.1599999999999998923, -0.1828124999999994615, 0.2367136103677467129 ) ) ;
#665 = CARTESIAN_POINT ( 'NONE',  ( -0.2499999999999996114, 0.2528124999999999400, -0.2000000000000004274 ) ) ;
#666 = ORIENTED_EDGE ( 'NONE', *, *, #2523, .F. ) ;
#667 = VERTEX_POINT ( 'NONE', #2198 ) ;
#668 = LINE ( 'NONE', #1122, #551 ) ;
#669 = DIRECTION ( 'NONE',  ( -0.8660254037844385966, 0.000000000000000000, 0.4999999999999998335 ) ) ;
#670 = CARTESIAN_POINT ( 'NONE',  ( -0.5849999999997196332, -0.1267395351589959696, -0.2800148805571304189 ) ) ;
#671 = CIRCLE ( 'NONE', #1930, 0.04999999999999999584 ) ;
#672 = ORIENTED_EDGE ( 'NONE', *, *, #18, .F. ) ;
#673 = CARTESIAN_POINT ( 'NONE',  ( -0.4434689631094905216, 0.2866689688497534028, 0.05083140678586026140 ) ) ;
#674 = DIRECTION ( 'NONE',  ( 0.000000000000000000, 0.000000000000000000, 1.000000000000000000 ) ) ;
#675 = ORIENTED_EDGE ( 'NONE', *, *, #708, .T. ) ;
#676 = DIRECTION ( 'NONE',  ( 2.163886977247685991E-16, 0.000000000000000000, -1.000000000000000000 ) ) ;
#677 = AXIS2_PLACEMENT_3D ( 'NONE', #1542, #290, #2014 ) ;
#678 = AXIS2_PLACEMENT_3D ( 'NONE', #2783, #2557, #593 ) ;
#679 = DIRECTION ( 'NONE',  ( 0.000000000000000000, 0.000000000000000000, 1.000000000000000000 ) ) ;
#680 = DIRECTION ( 'NONE',  ( 0.000000000000000000, 0.000000000000000000, -1.000000000000000000 ) ) ;
#681 = CARTESIAN_POINT ( 'NONE',  ( -0.5299053597861785869, -0.1251501844852180856, -0.3118237859153261682 ) ) ;
#682 = EDGE_LOOP ( 'NONE', ( #1964, #976, #24, #1324 ) ) ;
#683 = CARTESIAN_POINT ( 'NONE',  ( -0.06194774963421820213, 0.3554208962147277218, 0.08058208801191592274 ) ) ;
#684 = CONICAL_SURFACE ( 'NONE', #421, 0.2000000000000000944, 0.08726646259971666819 ) ;
#685 = EDGE_CURVE ( 'NONE', #667, #2482, #2154, .T. ) ;
#686 = EDGE_CURVE ( 'NONE', #2770, #1148, #363, .T. ) ;
#687 = DIRECTION ( 'NONE',  ( 0.000000000000000000, 0.000000000000000000, 1.000000000000000000 ) ) ;
#688 = DIRECTION ( 'NONE',  ( -0.7071067811865466846, 0.7071067811865483499, -1.530099155333097216E-16 ) ) ;
#689 = CARTESIAN_POINT ( 'NONE',  ( 0.1174999999999999101, -0.2328125000000000056, 0.2035159698893429792 ) ) ;
#690 = CARTESIAN_POINT ( 'NONE',  ( -0.4384016821228313154, 0.3051835543231515846, -0.06718864833707495487 ) ) ;
#691 = CARTESIAN_POINT ( 'NONE',  ( -0.06254020177473483544, 0.3094299086460008952, 0.06974437897950215570 ) ) ;
#692 = CARTESIAN_POINT ( 'NONE',  ( -0.5290647777492584192, -0.1127771880617425559, -0.3123090961806218591 ) ) ;
#693 = EDGE_LOOP ( 'NONE', ( #2302, #911 ) ) ;
#694 = ORIENTED_EDGE ( 'NONE', *, *, #346, .T. ) ;
#695 = ORIENTED_EDGE ( 'NONE', *, *, #2546, .T. ) ;
#696 = VERTEX_POINT ( 'NONE', #665 ) ;
#697 = FACE_OUTER_BOUND ( 'NONE', #2651, .T. ) ;
#698 = CARTESIAN_POINT ( 'NONE',  ( 0.2599999999999998979, 0.3499999999999999778, 6.749559786947459495E-17 ) ) ;
#699 = ADVANCED_FACE ( 'NONE', ( #67 ), #984, .T. ) ;
#700 = ADVANCED_FACE ( 'NONE', ( #2172 ), #1045, .T. ) ;
#701 = AXIS2_PLACEMENT_3D ( 'NONE', #250, #1961, #676 ) ;
#702 = ADVANCED_FACE ( 'NONE', ( #2595 ), #542, .T. ) ;
#703 = ORIENTED_EDGE ( 'NONE', *, *, #419, .T. ) ;
#704 = AXIS2_PLACEMENT_3D ( 'NONE', #698, #2233, #2023 ) ;
#705 = CARTESIAN_POINT ( 'NONE',  ( -0.4999999999999998335, 0.1428124999999999811, -0.2713546265191242313 ) ) ;
#706 = CARTESIAN_POINT ( 'NONE',  ( 0.2326146722824297408, 0.3499999999999999778, 0.1063529606303629110 ) ) ;
#707 = DIRECTION ( 'NONE',  ( 0.8660254037844385966, 0.000000000000000000, 0.5000000000000002220 ) ) ;
#708 = EDGE_CURVE ( 'NONE', #32, #2253, #2301, .T. ) ;
#709 = CARTESIAN_POINT ( 'NONE',  ( -0.2499999999999998612, -0.2028125000000001732, -1.372493369525490991E-17 ) ) ;
#710 = DIRECTION ( 'NONE',  ( 1.000000000000000000, 0.000000000000000000, 2.163886977247685745E-16 ) ) ;
#711 = ORIENTED_EDGE ( 'NONE', *, *, #1539, .F. ) ;
#712 = DIRECTION ( 'NONE',  ( -0.9961946980917454342, 1.067350013832299517E-17, -0.08715574274765836016 ) ) ;
#713 = EDGE_LOOP ( 'NONE', ( #1999, #1471, #616, #1398 ) ) ;
#714 = EDGE_LOOP ( 'NONE', ( #2607, #2330, #2199, #1954 ) ) ;
#715 = CARTESIAN_POINT ( 'NONE',  ( -0.01662296954959058617, 0.4345312769447540191, 0.006103490985561033436 ) ) ;
#716 = DIRECTION ( 'NONE',  ( -1.000000000000000000, -0.000000000000000000, -0.000000000000000000 ) ) ;
#717 = DIRECTION ( 'NONE',  ( -2.163886977247685745E-16, 0.000000000000000000, 1.000000000000000000 ) ) ;
#718 = ORIENTED_EDGE ( 'NONE', *, *, #2076, .F. ) ;
#719 = CIRCLE ( 'NONE', #764, 0.1999999999999999833 ) ;
#720 = DIRECTION ( 'NONE',  ( 2.085237543986923759E-16, 0.000000000000000000, -1.000000000000000000 ) ) ;
#721 = VECTOR ( 'NONE', #1223, 39.37007874015748854 ) ;
#722 = CARTESIAN_POINT ( 'NONE',  ( -0.2499999999999998335, 0.2428124999999999589, -0.1722640653041067893 ) ) ;
#723 = CARTESIAN_POINT ( 'NONE',  ( -0.05000091246008384754, 0.2683749348421568537, -0.005063030705927226011 ) ) ;
#724 = VERTEX_POINT ( 'NONE', #1429 ) ;
#725 = ORIENTED_EDGE ( 'NONE', *, *, #1796, .T. ) ;
#726 = ORIENTED_EDGE ( 'NONE', *, *, #1678, .T. ) ;
#727 = CIRCLE ( 'NONE', #1258, 0.1722640653041067893 ) ;
#728 = AXIS2_PLACEMENT_3D ( 'NONE', #1032, #1708, #1728 ) ;
#729 = AXIS2_PLACEMENT_3D ( 'NONE', #1893, #878, #1510 ) ;
#730 = DIRECTION ( 'NONE',  ( 0.8660254037844383745, 0.000000000000000000, 0.5000000000000002220 ) ) ;
#731 = AXIS2_PLACEMENT_3D ( 'NONE', #913, #2431, #1100 ) ;
#732 = CARTESIAN_POINT ( 'NONE',  ( 0.08500000000000003386, -0.1228125000000001021, -0.2800148805569682708 ) ) ;
#733 = EDGE_CURVE ( 'NONE', #2143, #480, #781, .T. ) ;
#734 = EDGE_LOOP ( 'NONE', ( #1926, #865, #1561, #1567 ) ) ;
#735 = LINE ( 'NONE', #2216, #2785 ) ;
#736 = EDGE_CURVE ( 'NONE', #1873, #1979, #2116, .T. ) ;
#737 = ORIENTED_EDGE ( 'NONE', *, *, #2157, .F. ) ;
#738 = ORIENTED_EDGE ( 'NONE', *, *, #1503, .T. ) ;
#739 = EDGE_CURVE ( 'NONE', #1786, #345, #1526, .T. ) ;
#740 =( BOUNDED_CURVE ( )  B_SPLINE_CURVE ( 3, ( #1208, #610, #783, #203 ),
 .UNSPECIFIED., .F., .F. ) 
 B_SPLINE_CURVE_WITH_KNOTS ( ( 4, 4 ),
 ( 3.141592653589793116, 4.712388980384690562 ),
 .UNSPECIFIED. ) 
 CURVE ( )  GEOMETRIC_REPRESENTATION_ITEM ( )  RATIONAL_B_SPLINE_CURVE ( ( 1.000000000000000000, 0.8047378541243648264, 0.8047378541243648264, 1.000000000000000000 ) ) 
 REPRESENTATION_ITEM ( '' )  );
#741 = CARTESIAN_POINT ( 'NONE',  ( 4.742563636837525120E-17, -0.1328125000000000000, 0.1443375672974066271 ) ) ;
#742 = CYLINDRICAL_SURFACE ( 'NONE', #1764, 0.01000000000000000021 ) ;
#743 = CARTESIAN_POINT ( 'NONE',  ( -0.2499999999999998612, -0.2028125000000001732, -1.372493369525490991E-17 ) ) ;
#744 = EDGE_LOOP ( 'NONE', ( #197, #1033, #1110, #2743 ) ) ;
#745 = DIRECTION ( 'NONE',  ( -0.4999999999999996669, 0.000000000000000000, -0.8660254037844388186 ) ) ;
#746 = ORIENTED_EDGE ( 'NONE', *, *, #2192, .F. ) ;
#747 = DIRECTION ( 'NONE',  ( 1.000000000000000000, -0.000000000000000000, -0.000000000000000000 ) ) ;
#748 = SURFACE_SIDE_STYLE ('',( #2703 ) ) ;
#749 = ORIENTED_EDGE ( 'NONE', *, *, #1408, .F. ) ;
#750 = EDGE_LOOP ( 'NONE', ( #1686, #210 ) ) ;
#751 = EDGE_CURVE ( 'NONE', #291, #2093, #2289, .T. ) ;
#752 = ADVANCED_FACE ( 'NONE', ( #869 ), #449, .F. ) ;
#753 = CARTESIAN_POINT ( 'NONE',  ( -0.2499999999999998612, 0.1528124999999999900, -0.1622640653041068082 ) ) ;
#754 = DIRECTION ( 'NONE',  ( 1.000000000000000000, 0.000000000000000000, 0.000000000000000000 ) ) ;
#755 = ORIENTED_EDGE ( 'NONE', *, *, #170, .T. ) ;
#756 = CARTESIAN_POINT ( 'NONE',  ( -0.5105905544822405551, 0.1275974621742916038, -0.3229751939568959451 ) ) ;
#757 = ORIENTED_EDGE ( 'NONE', *, *, #2119, .F. ) ;
#758 = CARTESIAN_POINT ( 'NONE',  ( -0.2499999999999995837, 0.6510815634676780927, -0.3122007632473545180 ) ) ;
#759 = LINE ( 'NONE', #341, #1001 ) ;
#760 = ORIENTED_EDGE ( 'NONE', *, *, #241, .T. ) ;
#761 = TOROIDAL_SURFACE ( 'NONE', #1981, 0.1722640653041067893, 0.01000000000000000021 ) ;
#762 = CARTESIAN_POINT ( 'NONE',  ( -0.2499999999999996669, 0.2528124999999999400, 0.1999999999999995393 ) ) ;
#763 = AXIS2_PLACEMENT_3D ( 'NONE', #1422, #574, #2279 ) ;
#764 = AXIS2_PLACEMENT_3D ( 'NONE', #2505, #573, #1650 ) ;
#765 = DIRECTION ( 'NONE',  ( -0.000000000000000000, 1.000000000000000000, -0.000000000000000000 ) ) ;
#766 = AXIS2_PLACEMENT_3D ( 'NONE', #196, #2792, #863 ) ;
#767 = EDGE_CURVE ( 'NONE', #291, #2143, #810, .T. ) ;
#768 = CIRCLE ( 'NONE', #2668, 0.1622640653041068082 ) ;
#769 = AXIS2_PLACEMENT_3D ( 'NONE', #539, #1390, #2697 ) ;
#770 = AXIS2_PLACEMENT_3D ( 'NONE', #3, #858, #1724 ) ;
#771 = VECTOR ( 'NONE', #1725, 39.37007874015748143 ) ;
#772 = CIRCLE ( 'NONE', #632, 0.05000000000000000971 ) ;
#773 = ORIENTED_EDGE ( 'NONE', *, *, #2457, .F. ) ;
#774 = CARTESIAN_POINT ( 'NONE',  ( -0.06493047527156702026, 0.3476142373459705226, -0.08032113333224810692 ) ) ;
#775 = DIRECTION ( 'NONE',  ( 0.000000000000000000, 1.000000000000000000, 0.000000000000000000 ) ) ;
#776 = CARTESIAN_POINT ( 'NONE',  ( -0.6549999999999994715, 0.6576613620344213818, -0.2280533563299026178 ) ) ;
#777 = EDGE_LOOP ( 'NONE', ( #2728, #1630, #2381, #2133 ) ) ;
#778 = ADVANCED_FACE ( 'NONE', ( #357 ), #2064, .T. ) ;
#779 = DIRECTION ( 'NONE',  ( 0.1710100716628349671, 0.9396926207859079838, 0.2961981327260249097 ) ) ;
#780 = EDGE_CURVE ( 'NONE', #1513, #1873, #585, .T. ) ;
#781 = LINE ( 'NONE', #2606, #2619 ) ;
#782 = ORIENTED_EDGE ( 'NONE', *, *, #2561, .T. ) ;
#783 = CARTESIAN_POINT ( 'NONE',  ( -0.5058578643762690064, 0.1428124999999999811, -0.2510623890720326545 ) ) ;
#784 = DIRECTION ( 'NONE',  ( 0.000000000000000000, 0.000000000000000000, 1.000000000000000000 ) ) ;
#785 = DIRECTION ( 'NONE',  ( -1.000000000000000000, 0.000000000000000000, 0.000000000000000000 ) ) ;
#786 = EDGE_CURVE ( 'NONE', #2493, #1017, #656, .T. ) ;
#787 = FACE_OUTER_BOUND ( 'NONE', #1855, .T. ) ;
#788 = CIRCLE ( 'NONE', #1463, 0.3215976894552129983 ) ;
#789 = CARTESIAN_POINT ( 'NONE',  ( -0.6599999999999999201, 1.405383189954596324, 0.000000000000000000 ) ) ;
#790 = DIRECTION ( 'NONE',  ( -0.8660254037844387076, 0.000000000000000000, 0.4999999999999999445 ) ) ;
#791 = FACE_BOUND ( 'NONE', #1340, .T. ) ;
#792 = DIRECTION ( 'NONE',  ( 0.5000000000000000000, 0.000000000000000000, 0.8660254037844387076 ) ) ;
#793 = CARTESIAN_POINT ( 'NONE',  ( -0.5196804132698317202, -0.1085134250168894310, -0.3177271615389852810 ) ) ;
#794 = ORIENTED_EDGE ( 'NONE', *, *, #2162, .T. ) ;
#795 = DIRECTION ( 'NONE',  ( 0.000000000000000000, 0.000000000000000000, -1.000000000000000000 ) ) ;
#796 = LINE ( 'NONE', #2069, #1083 ) ;
#797 = DIRECTION ( 'NONE',  ( 0.4999999999999996669, 0.000000000000000000, 0.8660254037844388186 ) ) ;
#798 = VECTOR ( 'NONE', #535, 39.37007874015748854 ) ;
#799 = VERTEX_POINT ( 'NONE', #317 ) ;
#800 = DIRECTION ( 'NONE',  ( 3.329491765587158386E-17, 1.000000000000000000, 5.766848901379164457E-17 ) ) ;
#801 = ORIENTED_EDGE ( 'NONE', *, *, #834, .F. ) ;
#802 = CARTESIAN_POINT ( 'NONE',  ( -0.03181245217557418514, 0.4119710026646203893, -0.05579585755579955647 ) ) ;
#803 = CARTESIAN_POINT ( 'NONE',  ( 0.02500000000000001527, 0.1928124999999999978, -0.3146558967083458724 ) ) ;
#804 = CARTESIAN_POINT ( 'NONE',  ( -0.4833770304504086956, 0.4345312769447539636, 0.006103490985560922413 ) ) ;
#806 = AXIS2_PLACEMENT_3D ( 'NONE', #970, #754, #1603 ) ;
#805 = CARTESIAN_POINT ( 'NONE',  ( -0.2499999999999998335, -0.1328125000000000000, 0.1722640653041067893 ) ) ;
#807 = VECTOR ( 'NONE', #400, 39.37007874015748143 ) ;
#808 = VECTOR ( 'NONE', #604, 39.37007874015748143 ) ;
#809 = AXIS2_PLACEMENT_3D ( 'NONE', #1502, #893, #25 ) ;
#810 = CIRCLE ( 'NONE', #2626, 0.1936470393696373971 ) ;
#811 = ORIENTED_EDGE ( 'NONE', *, *, #2157, .T. ) ;
#812 = CARTESIAN_POINT ( 'NONE',  ( 0.1099999999999998340, -0.2328125000000000056, 2.380275674972450892E-17 ) ) ;
#813 = CARTESIAN_POINT ( 'NONE',  ( 0.02499999999999993894, -0.1828125000000001554, -0.3146558967083458724 ) ) ;
#814 = DIRECTION ( 'NONE',  ( 0.000000000000000000, 0.000000000000000000, 1.000000000000000000 ) ) ;
#815 = CARTESIAN_POINT ( 'NONE',  ( 0.01000000000457760760, 0.1301912814865791856, -0.3233161507435437509 ) ) ;
#816 = EDGE_CURVE ( 'NONE', #225, #1701, #1593, .T. ) ;
#817 = CYLINDRICAL_SURFACE ( 'NONE', #2158, 0.01000000000000002970 ) ;
#818 = DIRECTION ( 'NONE',  ( 0.000000000000000000, 0.000000000000000000, 1.000000000000000000 ) ) ;
#819 = EDGE_LOOP ( 'NONE', ( #2402, #938, #1227, #1120 ) ) ;
#820 = CARTESIAN_POINT ( 'NONE',  ( 0.01000000000000004705, -0.1228124999999995470, 0.1501110699893029032 ) ) ;
#821 = CARTESIAN_POINT ( 'NONE',  ( -0.2424999999999999656, 0.1928124999999999978, -0.4200223208354527671 ) ) ;
#822 = DIRECTION ( 'NONE',  ( -5.820495032303267085E-15, 0.6546536707079793072, 0.7559289460184526188 ) ) ;
#823 =( BOUNDED_CURVE ( )  B_SPLINE_CURVE ( 3, ( #2036, #325, #2082, #2732 ),
 .UNSPECIFIED., .F., .T. ) 
 B_SPLINE_CURVE_WITH_KNOTS ( ( 4, 4 ),
 ( 5.463695987328536692E-14, 1.570796326794896558 ),
 .UNSPECIFIED. ) 
 CURVE ( )  GEOMETRIC_REPRESENTATION_ITEM ( )  RATIONAL_B_SPLINE_CURVE ( ( 1.000000000000000000, 0.8047378541243779271, 0.8047378541243779271, 1.000000000000000000 ) ) 
 REPRESENTATION_ITEM ( '' )  );
#824 = DIRECTION ( 'NONE',  ( 0.000000000000000000, 0.000000000000000000, 1.000000000000000000 ) ) ;
#825 = ORIENTED_EDGE ( 'NONE', *, *, #2130, .F. ) ;
#826 = FACE_BOUND ( 'NONE', #2347, .T. ) ;
#827 = CARTESIAN_POINT ( 'NONE',  ( -0.4999999999999998335, -0.1328125000000000000, 0.1443375672974064605 ) ) ;
#828 = FACE_OUTER_BOUND ( 'NONE', #1517, .T. ) ;
#829 = DIRECTION ( 'NONE',  ( 0.000000000000000000, 0.000000000000000000, 1.000000000000000000 ) ) ;
#830 = CARTESIAN_POINT ( 'NONE',  ( 0.07892997772878690421, 0.1594015721338482017, -0.2835194095492402089 ) ) ;
#831 = DIRECTION ( 'NONE',  ( -0.3535533905932755072, 0.7071067811865439090, -0.6123724356957976900 ) ) ;
#832 = EDGE_LOOP ( 'NONE', ( #924, #1367, #929, #202 ) ) ;
#833 = ORIENTED_EDGE ( 'NONE', *, *, #1541, .F. ) ;
#834 = EDGE_CURVE ( 'NONE', #2600, #1225, #788, .T. ) ;
#835 = FACE_OUTER_BOUND ( 'NONE', #1179, .T. ) ;
#836 = EDGE_CURVE ( 'NONE', #1579, #1562, #1329, .T. ) ;
#837 = VECTOR ( 'NONE', #951, 39.37007874015748143 ) ;
#838 = CARTESIAN_POINT ( 'NONE',  ( -0.4554343866857484824, 0.3910937112256736570, -0.07184365590479380170 ) ) ;
#839 = ORIENTED_EDGE ( 'NONE', *, *, #1283, .F. ) ;
#840 = CARTESIAN_POINT ( 'NONE',  ( -0.4444605548369995329, 0.2836267096158226475, 0.04694073961452538413 ) ) ;
#841 = DIRECTION ( 'NONE',  ( -0.8660254037844385966, 0.000000000000000000, 0.4999999999999998335 ) ) ;
#842 = CARTESIAN_POINT ( 'NONE',  ( 0.001309232896838006654, 0.1428125000000000366, -0.2668193107265962039 ) ) ;
#843 = FACE_OUTER_BOUND ( 'NONE', #2147, .T. ) ;
#844 = VECTOR ( 'NONE', #1547, 39.37007874015748143 ) ;
#845 = ORIENTED_EDGE ( 'NONE', *, *, #515, .T. ) ;
#846 = ORIENTED_EDGE ( 'NONE', *, *, #1451, .F. ) ;
#847 = CARTESIAN_POINT ( 'NONE',  ( 0.01000000000000002623, -0.1228125000000001021, -0.2367136103677463521 ) ) ;
#848 = VECTOR ( 'NONE', #561, 39.37007874015748143 ) ;
#849 = DIRECTION ( 'NONE',  ( 0.8660254037844384856, 0.000000000000000000, 0.5000000000000002220 ) ) ;
#850 = FACE_OUTER_BOUND ( 'NONE', #919, .T. ) ;
#851 = CARTESIAN_POINT ( 'NONE',  ( -0.5100000000000000089, -0.1228125000000001438, -0.3233161507461906337 ) ) ;
#852 = AXIS2_PLACEMENT_3D ( 'NONE', #1520, #2243, #1828 ) ;
#853 = AXIS2_PLACEMENT_3D ( 'NONE', #2190, #1582, #2623 ) ;
#854 = EDGE_CURVE ( 'NONE', #1649, #724, #1326, .T. ) ;
#855 = EDGE_CURVE ( 'NONE', #132, #1921, #2223, .T. ) ;
#856 = CIRCLE ( 'NONE', #582, 0.1999999999999999833 ) ;
#857 = ORIENTED_EDGE ( 'NONE', *, *, #2457, .T. ) ;
#858 = DIRECTION ( 'NONE',  ( 0.000000000000000000, -1.000000000000000000, 0.000000000000000000 ) ) ;
#859 = CARTESIAN_POINT ( 'NONE',  ( 0.005036189736147789371, -0.1315503639115274681, -0.2539087535199919254 ) ) ;
#860 = CIRCLE ( 'NONE', #1988, 0.1999999999999999833 ) ;
#861 = CARTESIAN_POINT ( 'NONE',  ( 0.01000000000000002623, -0.1228125000000001021, -0.2367136103677463521 ) ) ;
#862 = AXIS2_PLACEMENT_3D ( 'NONE', #176, #1653, #829 ) ;
#863 = DIRECTION ( 'NONE',  ( 0.000000000000000000, 0.000000000000000000, 1.000000000000000000 ) ) ;
#864 = DIRECTION ( 'NONE',  ( 0.000000000000000000, -0.7071067811865462405, -0.7071067811865486830 ) ) ;
#865 = ORIENTED_EDGE ( 'NONE', *, *, #767, .F. ) ;
#866 = VERTEX_POINT ( 'NONE', #486 ) ;
#867 = CARTESIAN_POINT ( 'NONE',  ( -0.01877834349320606569, 0.4314542096934889659, -0.02268939593077470840 ) ) ;
#868 = FACE_BOUND ( 'NONE', #750, .T. ) ;
#869 = FACE_OUTER_BOUND ( 'NONE', #2765, .T. ) ;
#870 = EDGE_CURVE ( 'NONE', #531, #2718, #2711, .T. ) ;
#871 = EDGE_CURVE ( 'NONE', #894, #2187, #103, .T. ) ;
#872 = EDGE_LOOP ( 'NONE', ( #2430, #235, #254, #2291 ) ) ;
#873 = DIRECTION ( 'NONE',  ( 0.000000000000000000, -1.000000000000000000, 0.000000000000000000 ) ) ;
#874 = CARTESIAN_POINT ( 'NONE',  ( 0.007533868089458162220, -0.1294207675342729513, -0.2452565419021975612 ) ) ;
#875 = DIRECTION ( 'NONE',  ( 0.000000000000000000, 1.000000000000000000, 0.000000000000000000 ) ) ;
#876 = ORIENTED_EDGE ( 'NONE', *, *, #902, .T. ) ;
#877 = FACE_OUTER_BOUND ( 'NONE', #832, .T. ) ;
#878 = DIRECTION ( 'NONE',  ( -0.000000000000000000, 1.000000000000000000, 1.224646799147352961E-16 ) ) ;
#879 = CARTESIAN_POINT ( 'NONE',  ( -0.4999999999999998335, -0.1328125000000000833, -0.2713546265191241758 ) ) ;
#880 = EDGE_LOOP ( 'NONE', ( #2455, #64, #1522, #1669 ) ) ;
#881 = ORIENTED_EDGE ( 'NONE', *, *, #2491, .T. ) ;
#882 = ADVANCED_FACE ( 'NONE', ( #897, #958 ), #1378, .F. ) ;
#883 = DIRECTION ( 'NONE',  ( -1.000000000000000000, -0.000000000000000000, -2.163886977247685745E-16 ) ) ;
#884 = AXIS2_PLACEMENT_3D ( 'NONE', #1416, #2072, #1202 ) ;
#885 = CARTESIAN_POINT ( 'NONE',  ( -0.2499999999999998335, -0.1328125000000000833, 0.2954392137438437427 ) ) ;
#886 = DIRECTION ( 'NONE',  ( 0.000000000000000000, 0.000000000000000000, 1.000000000000000000 ) ) ;
#887 = EDGE_CURVE ( 'NONE', #328, #2011, #1935, .T. ) ;
#888 = VERTEX_POINT ( 'NONE', #1967 ) ;
#889 = DIRECTION ( 'NONE',  ( 3.329491765587158386E-17, 1.000000000000000000, 5.766848901379164457E-17 ) ) ;
#890 = CARTESIAN_POINT ( 'NONE',  ( -0.06624771826907384364, 0.3326506016299720092, 0.07896848933015490624 ) ) ;
#891 = CARTESIAN_POINT ( 'NONE',  ( -0.5013092328968370426, -0.1328125000000000833, -0.2668193107265954822 ) ) ;
#892 = DIRECTION ( 'NONE',  ( 0.000000000000000000, -1.000000000000000000, 0.000000000000000000 ) ) ;
#893 = DIRECTION ( 'NONE',  ( -1.000000000000000000, -0.000000000000000000, -0.000000000000000000 ) ) ;
#894 = VERTEX_POINT ( 'NONE', #40 ) ;
#895 = DIRECTION ( 'NONE',  ( 1.000000000000000000, 0.000000000000000000, -5.687138850458655231E-17 ) ) ;
#896 = ORIENTED_EDGE ( 'NONE', *, *, #836, .T. ) ;
#897 = FACE_BOUND ( 'NONE', #414, .T. ) ;
#898 = DIRECTION ( 'NONE',  ( 3.329491765587158386E-17, 1.000000000000000000, 5.766848901379164457E-17 ) ) ;
#899 = DIRECTION ( 'NONE',  ( 0.8660254037844384856, 0.000000000000000000, 0.5000000000000002220 ) ) ;
#900 = AXIS2_PLACEMENT_3D ( 'NONE', #1273, #234, #2338 ) ;
#901 = AXIS2_PLACEMENT_3D ( 'NONE', #2583, #2735, #1939 ) ;
#902 = EDGE_CURVE ( 'NONE', #1256, #2382, #306, .T. ) ;
#903 = EDGE_LOOP ( 'NONE', ( #2686, #266, #846, #966 ) ) ;
#904 = CARTESIAN_POINT ( 'NONE',  ( -0.2424999999999999656, -0.2328125000000000056, 0.4200223208354524340 ) ) ;
#905 = CIRCLE ( 'NONE', #1300, 0.1999999999999999833 ) ;
#906 = CIRCLE ( 'NONE', #2758, 0.3122007632473540739 ) ;
#907 = CARTESIAN_POINT ( 'NONE',  ( -0.05370833820838563644, 0.2782577756456859341, 0.03857361707383816229 ) ) ;
#908 = CARTESIAN_POINT ( 'NONE',  ( -0.5618728035400926135, -0.1707925102023011843, -0.2933673736586974168 ) ) ;
#909 = ADVANCED_FACE ( 'NONE', ( #1761 ), #1795, .F. ) ;
#910 = ORIENTED_EDGE ( 'NONE', *, *, #605, .T. ) ;
#911 = ORIENTED_EDGE ( 'NONE', *, *, #2558, .T. ) ;
#912 = EDGE_CURVE ( 'NONE', #1835, #1056, #2112, .T. ) ;
#913 = CARTESIAN_POINT ( 'NONE',  ( 0.000000000000000000, 0.2428124999999999589, 0.000000000000000000 ) ) ;
#914 = AXIS2_PLACEMENT_3D ( 'NONE', #1427, #1243, #1645 ) ;
#915 = DIRECTION ( 'NONE',  ( -0.000000000000000000, 1.000000000000000000, -0.000000000000000000 ) ) ;
#916 = ORIENTED_EDGE ( 'NONE', *, *, #1092, .T. ) ;
#917 = CARTESIAN_POINT ( 'NONE',  ( -0.2499999999999998612, 0.2428124999999999867, -0.1622640653041068082 ) ) ;
#918 = CARTESIAN_POINT ( 'NONE',  ( -0.5061454672566818580, 0.1408091683670489036, -0.2500661034694815488 ) ) ;
#919 = EDGE_LOOP ( 'NONE', ( #1164, #506, #1389, #1113 ) ) ;
#920 = DIRECTION ( 'NONE',  ( 1.000000000000000000, -0.000000000000000000, 2.163886977247685745E-16 ) ) ;
#921 = CARTESIAN_POINT ( 'NONE',  ( -0.7326146722824296020, 0.3499999999999999778, -0.1063529606303628972 ) ) ;
#922 = LINE ( 'NONE', #1787, #2757 ) ;
#923 = ORIENTED_EDGE ( 'NONE', *, *, #1841, .F. ) ;
#924 = ORIENTED_EDGE ( 'NONE', *, *, #364, .F. ) ;
#925 = CARTESIAN_POINT ( 'NONE',  ( 0.1599999999999998923, 0.6476613620344215949, 0.2367136103677467129 ) ) ;
#926 = LINE ( 'NONE', #1794, #1856 ) ;
#927 = DIRECTION ( 'NONE',  ( 0.000000000000000000, 0.000000000000000000, -1.000000000000000000 ) ) ;
#928 = ADVANCED_FACE ( 'NONE', ( #2013 ), #2335, .F. ) ;
#929 = ORIENTED_EDGE ( 'NONE', *, *, #1376, .F. ) ;
#930 = AXIS2_PLACEMENT_3D ( 'NONE', #1096, #1770, #444 ) ;
#931 = CARTESIAN_POINT ( 'NONE',  ( -0.5075338680894571075, 0.1394207675342737096, -0.2452565419021978665 ) ) ;
#932 = DIRECTION ( 'NONE',  ( -0.8660254037844385966, 0.000000000000000000, 0.4999999999999998335 ) ) ;
#933 = EDGE_LOOP ( 'NONE', ( #652, #1151 ) ) ;
#934 = FACE_OUTER_BOUND ( 'NONE', #334, .T. ) ;
#935 = CARTESIAN_POINT ( 'NONE',  ( -0.05019649072522748556, 0.2688676437810988418, -0.01016057712550561855 ) ) ;
#936 = DIRECTION ( 'NONE',  ( 0.000000000000000000, 0.000000000000000000, -1.000000000000000000 ) ) ;
#937 = CARTESIAN_POINT ( 'NONE',  ( -0.2499999999999998335, -0.1428124999999999811, -0.1622640653041068082 ) ) ;
#938 = ORIENTED_EDGE ( 'NONE', *, *, #963, .T. ) ;
#939 = ORIENTED_EDGE ( 'NONE', *, *, #2327, .F. ) ;
#940 = DIRECTION ( 'NONE',  ( 0.000000000000000000, -1.000000000000000000, -0.000000000000000000 ) ) ;
#941 = EDGE_CURVE ( 'NONE', #1921, #2253, #1834, .T. ) ;
#942 = VERTEX_POINT ( 'NONE', #2246 ) ;
#943 = CYLINDRICAL_SURFACE ( 'NONE', #1184, 0.01000000000000000194 ) ;
#944 = CARTESIAN_POINT ( 'NONE',  ( -0.4359810639095905715, 0.3499999999999999778, 0.08040088267695071067 ) ) ;
#945 = CARTESIAN_POINT ( 'NONE',  ( 0.02500000000000001527, 0.1928124999999999978, -0.3146558967083458724 ) ) ;
#946 = APPLICATION_PROTOCOL_DEFINITION ( 'draft international standard', 'automotive_design', 1998, #1694 ) ;
#947 = ADVANCED_FACE ( 'NONE', ( #1183 ), #281, .F. ) ;
#948 = ORIENTED_EDGE ( 'NONE', *, *, #2558, .F. ) ;
#949 = DIRECTION ( 'NONE',  ( -1.728106902117199780E-16, 0.000000000000000000, 1.000000000000000000 ) ) ;
#950 = CARTESIAN_POINT ( 'NONE',  ( -0.2750000000000001887, -0.1328125000000000000, -0.4301259505462712296 ) ) ;
#951 = DIRECTION ( 'NONE',  ( 0.000000000000000000, -1.000000000000000000, 0.000000000000000000 ) ) ;
#952 = EDGE_LOOP ( 'NONE', ( #2251, #36, #2694, #1026, #2401 ) ) ;
#953 = AXIS2_PLACEMENT_3D ( 'NONE', #2095, #1028, #1641 ) ;
#954 = AXIS2_PLACEMENT_3D ( 'NONE', #1823, #110, #1196 ) ;
#955 = CIRCLE ( 'NONE', #2120, 0.03000000000000000583 ) ;
#956 = PRESENTATION_LAYER_ASSIGNMENT (  '', '', ( #1940 ) ) ;
#957 = DIRECTION ( 'NONE',  ( -1.000000000000000000, -0.000000000000000000, -0.000000000000000000 ) ) ;
#958 = FACE_OUTER_BOUND ( 'NONE', #1087, .T. ) ;
#959 = CARTESIAN_POINT ( 'NONE',  ( -0.2249999999999991451, 0.1428124999999999811, -0.4301259505462716737 ) ) ;
#960 = ORIENTED_EDGE ( 'NONE', *, *, #434, .F. ) ;
#961 = DIRECTION ( 'NONE',  ( -0.000000000000000000, 1.000000000000000000, -0.000000000000000000 ) ) ;
#962 = CARTESIAN_POINT ( 'NONE',  ( -0.5196804132698329415, 0.1185134250168895093, -0.3177271615389808956 ) ) ;
#963 = EDGE_CURVE ( 'NONE', #307, #1550, #1406, .T. ) ;
#964 = EDGE_CURVE ( 'NONE', #1887, #2010, #1570, .T. ) ;
#965 = ADVANCED_FACE ( 'NONE', ( #528 ), #330, .T. ) ;
#966 = ORIENTED_EDGE ( 'NONE', *, *, #1246, .F. ) ;
#967 = DIRECTION ( 'NONE',  ( 2.506488572015003080E-16, 0.000000000000000000, -1.000000000000000000 ) ) ;
#968 = ORIENTED_EDGE ( 'NONE', *, *, #207, .T. ) ;
#969 = ORIENTED_EDGE ( 'NONE', *, *, #1739, .F. ) ;
#970 = CARTESIAN_POINT ( 'NONE',  ( -0.6599999999999999201, 0.3499999999999999778, -4.286263797015734746E-17 ) ) ;
#971 = ORIENTED_EDGE ( 'NONE', *, *, #2585, .T. ) ;
#972 = CARTESIAN_POINT ( 'NONE',  ( -0.4359810639095905715, 0.3499999999999999778, 0.08040088267695071067 ) ) ;
#973 = ORIENTED_EDGE ( 'NONE', *, *, #2492, .T. ) ;
#974 = CARTESIAN_POINT ( 'NONE',  ( -0.2499999999999998335, -0.2328125000000000056, 0.1922640653041067516 ) ) ;
#975 = LENGTH_MEASURE_WITH_UNIT ( LENGTH_MEASURE( 0.02539999999999999897 ), #1613 );
#976 = ORIENTED_EDGE ( 'NONE', *, *, #1453, .T. ) ;
#977 = EDGE_CURVE ( 'NONE', #1056, #1835, #994, .T. ) ;
#978 = EDGE_CURVE ( 'NONE', #1611, #1920, #1482, .T. ) ;
#979 = DIRECTION ( 'NONE',  ( -0.000000000000000000, -1.000000000000000000, -0.000000000000000000 ) ) ;
#980 = DIRECTION ( 'NONE',  ( -0.8660254037844384856, 0.000000000000000000, -0.5000000000000002220 ) ) ;
#981 = CARTESIAN_POINT ( 'NONE',  ( -0.2500000000000000000, 0.1428125000000000089, 0.2954392137438432431 ) ) ;
#982 = DIRECTION ( 'NONE',  ( 0.000000000000000000, 0.000000000000000000, 1.000000000000000000 ) ) ;
#983 = CARTESIAN_POINT ( 'NONE',  ( -0.2499999999999998335, 0.2328124999999999500, 0.1622640653041068082 ) ) ;
#984 = TOROIDAL_SURFACE ( 'NONE', #2560, 0.1637611984268849685, 0.02999999999999999889 ) ;
#985 = APPLICATION_PROTOCOL_DEFINITION ( 'draft international standard', 'automotive_design', 1998, #2177 ) ;
#986 = DIRECTION ( 'NONE',  ( 0.000000000000000000, 0.000000000000000000, -1.000000000000000000 ) ) ;
#987 = ORIENTED_EDGE ( 'NONE', *, *, #380, .F. ) ;
#988 = CARTESIAN_POINT ( 'NONE',  ( -0.2674999999999999600, -0.1828125000000000167, -0.4633235910246746858 ) ) ;
#989 = FACE_OUTER_BOUND ( 'NONE', #2221, .T. ) ;
#990 = LINE ( 'NONE', #776, #288 ) ;
#991 = ORIENTED_EDGE ( 'NONE', *, *, #2168, .T. ) ;
#992 = AXIS2_PLACEMENT_3D ( 'NONE', #1317, #875, #674 ) ;
#993 = EDGE_CURVE ( 'NONE', #1661, #2015, #1192, .T. ) ;
#994 = CIRCLE ( 'NONE', #806, 0.2274899352205227709 ) ;
#995 = ADVANCED_FACE ( 'NONE', ( #989 ), #2260, .F. ) ;
#996 = VECTOR ( 'NONE', #445, 39.37007874015748854 ) ;
#997 = CIRCLE ( 'NONE', #2479, 0.1722640653041067893 ) ;
#998 = CARTESIAN_POINT ( 'NONE',  ( -0.4333686407688182585, 0.3428124999999999645, -0.07984949331458530974 ) ) ;
#999 = AXIS2_PLACEMENT_3D ( 'NONE', #2682, #957, #2665 ) ;
#1000 = AXIS2_PLACEMENT_3D ( 'NONE', #1080, #2136, #1231 ) ;
#1001 = VECTOR ( 'NONE', #1415, 39.37007874015748143 ) ;
#1002 = CARTESIAN_POINT ( 'NONE',  ( -0.5099999999999998979, -0.1286703643762691363, -0.2367136103677466852 ) ) ;
#1003 = CONICAL_SURFACE ( 'NONE', #1363, 0.3215976894552129983, 0.9599310885968806994 ) ;
#1004 = ORIENTED_EDGE ( 'NONE', *, *, #2441, .F. ) ;
#1005 = DIRECTION ( 'NONE',  ( 0.000000000000000000, 0.000000000000000000, -1.000000000000000000 ) ) ;
#1006 = CARTESIAN_POINT ( 'NONE',  ( -0.2499999999999996114, 0.6576613620344213818, -4.585101083551346975E-16 ) ) ;
#1007 = CARTESIAN_POINT ( 'NONE',  ( 0.01000000000000011470, -0.1228125000000001021, -0.3233161507461901896 ) ) ;
#1008 = CARTESIAN_POINT ( 'NONE',  ( 0.002617478911153649397, 0.1425522267386985231, -0.2622874135954085251 ) ) ;
#1009 = DIRECTION ( 'NONE',  ( 0.000000000000000000, 0.000000000000000000, 1.000000000000000000 ) ) ;
#1010 = DIRECTION ( 'NONE',  ( -0.000000000000000000, -1.000000000000000000, -0.000000000000000000 ) ) ;
#1011 = DIRECTION ( 'NONE',  ( 0.5000000000000001110, 0.000000000000000000, 0.8660254037844387076 ) ) ;
#1012 = ORIENTED_EDGE ( 'NONE', *, *, #1941, .T. ) ;
#1013 = FACE_BOUND ( 'NONE', #53, .T. ) ;
#1014 = CYLINDRICAL_SURFACE ( 'NONE', #953, 0.05000000000000000971 ) ;
#1015 = LINE ( 'NONE', #1423, #2437 ) ;
#1016 = CARTESIAN_POINT ( 'NONE',  ( 0.06187280354008772160, 0.1807925102022974184, -0.2933673736587000258 ) ) ;
#1017 = VERTEX_POINT ( 'NONE', #298 ) ;
#1018 = CARTESIAN_POINT ( 'NONE',  ( 0.005857864376269082685, -0.1328125000000000833, -0.2510623890720323215 ) ) ;
#1019 = ORIENTED_EDGE ( 'NONE', *, *, #2045, .F. ) ;
#1020 = CARTESIAN_POINT ( 'NONE',  ( 0.2299999999999999267, 0.3499999999999999778, 6.100393693773153697E-17 ) ) ;
#1021 = FACE_OUTER_BOUND ( 'NONE', #693, .T. ) ;
#1022 = LINE ( 'NONE', #1884, #584 ) ;
#1023 = PLANE ( 'NONE',  #1143 ) ;
#1024 =( BOUNDED_CURVE ( )  B_SPLINE_CURVE ( 3, ( #1990, #981, #164, #2734 ),
 .UNSPECIFIED., .F., .T. ) 
 B_SPLINE_CURVE_WITH_KNOTS ( ( 4, 4 ),
 ( 1.570796326794893671, 3.141592653589738493 ),
 .UNSPECIFIED. ) 
 CURVE ( )  GEOMETRIC_REPRESENTATION_ITEM ( )  RATIONAL_B_SPLINE_CURVE ( ( 1.000000000000000000, 0.8047378541243770389, 0.8047378541243770389, 1.000000000000000000 ) ) 
 REPRESENTATION_ITEM ( '' )  );
#1025 = EDGE_CURVE ( 'NONE', #894, #1148, #7, .T. ) ;
#1026 = ORIENTED_EDGE ( 'NONE', *, *, #1247, .T. ) ;
#1027 = DIRECTION ( 'NONE',  ( -2.163886977247685745E-16, 0.000000000000000000, 1.000000000000000000 ) ) ;
#1028 = DIRECTION ( 'NONE',  ( 0.000000000000000000, -1.000000000000000000, 0.000000000000000000 ) ) ;
#1029 = DIRECTION ( 'NONE',  ( 2.163886977247685745E-16, 0.000000000000000000, -1.000000000000000000 ) ) ;
#1030 = CIRCLE ( 'NONE', #2063, 0.1976040942777703979 ) ;
#1031 = PLANE ( 'NONE',  #8 ) ;
#1032 = CARTESIAN_POINT ( 'NONE',  ( 0.06000000000000002554, -0.1228125000000001021, -0.2367136103677463521 ) ) ;
#1033 = ORIENTED_EDGE ( 'NONE', *, *, #608, .F. ) ;
#1034 = FACE_BOUND ( 'NONE', #933, .T. ) ;
#1035 = DIRECTION ( 'NONE',  ( 1.000000000000000000, 0.000000000000000000, 2.163886977247685745E-16 ) ) ;
#1036 = AXIS2_PLACEMENT_3D ( 'NONE', #2408, #1798, #1127 ) ;
#1037 = DIRECTION ( 'NONE',  ( -1.000000000000000000, 0.000000000000000000, -0.000000000000000000 ) ) ;
#1038 = CIRCLE ( 'NONE', #1084, 0.1722640653041067893 ) ;
#1039 = VECTOR ( 'NONE', #1744, 39.37007874015748143 ) ;
#1040 = VECTOR ( 'NONE', #779, 39.37007874015748143 ) ;
#1041 = CIRCLE ( 'NONE', #1000, 0.1976040942777704257 ) ;
#1042 = AXIS2_PLACEMENT_3D ( 'NONE', #2087, #618, #1257 ) ;
#1043 = ORIENTED_EDGE ( 'NONE', *, *, #2268, .T. ) ;
#1044 = LINE ( 'NONE', #373, #1706 ) ;
#1045 =( BOUNDED_SURFACE ( )  B_SPLINE_SURFACE ( 3, 2, ( 
 ( #1560, #265, #879 ),
 ( #2427, #455, #891 ),
 ( #1753, #681, #1359 ),
 ( #1535, #2399, #479 ),
 ( #908, #692, #1338 ),
 ( #279, #136, #151 ),
 ( #2450, #520, #1861 ),
 ( #439, #793, #239 ),
 ( #2373, #2146, #1101 ),
 ( #1082, #2078, #172 ),
 ( #1886, #2727, #384 ),
 ( #1443, #1952, #26 ),
 ( #670, #2503, #2750 ),
 ( #1505, #851, #2092 ) ),
 .UNSPECIFIED., .F., .F., .T. ) 
 B_SPLINE_SURFACE_WITH_KNOTS ( ( 4, 2, 2, 2, 2, 2, 4 ),
 ( 3, 3 ),
 ( 4.712388980384689674, 5.105088062083414258, 5.497787143782137953, 5.694136684631500245, 5.890486225480861648, 6.086835766330223940, 6.283185307179586232 ),
 ( 0.000000000000000000, 1.000000000000000000 ),
 .UNSPECIFIED. ) 
 GEOMETRIC_REPRESENTATION_ITEM ( )  RATIONAL_B_SPLINE_SURFACE ( (
 ( 1.000000000000000000, 0.7071067811865475727, 1.000000000000000000),
 ( 1.000000000000000000, 0.6839851889166067567, 1.000000000000000000),
 ( 1.000000000000000000, 0.6596424902696970127, 1.000000000000000000),
 ( 1.000000000000000000, 0.6120951271793241277, 1.000000000000000000),
 ( 1.000000000000000000, 0.5888781489330967567, 1.000000000000000000),
 ( 1.000000000000000000, 0.5583518938149929500, 1.000000000000000000),
 ( 1.000000000000000000, 0.5489023695691637172, 1.000000000000000000),
 ( 1.000000000000000000, 0.5320834710862325512, 1.000000000000000000),
 ( 1.000000000000000000, 0.5247172511791409200, 1.000000000000000000),
 ( 1.000000000000000000, 0.5126450131666918653, 1.000000000000000000),
 ( 1.000000000000000000, 0.5079427478038607280, 1.000000000000000000),
 ( 1.000000000000000000, 0.5016188994454628958, 1.000000000000000000),
 ( 1.000000000000000000, 0.4999953516107552565, 1.000000000000000000),
 ( 1.000000000000000000, 0.4999999999999995004, 1.000000000000000000) ) ) 
 REPRESENTATION_ITEM ( '' )  SURFACE ( )  );
#1046 = LINE ( 'NONE', #1251, #2296 ) ;
#1047 = CARTESIAN_POINT ( 'NONE',  ( 0.006145467256680216088, -0.1308091683670508931, -0.2500661034694812712 ) ) ;
#1048 = ADVANCED_FACE ( 'NONE', ( #598 ), #2066, .T. ) ;
#1049 = PLANE ( 'NONE',  #1360 ) ;
#1050 = EDGE_CURVE ( 'NONE', #2418, #2428, #796, .T. ) ;
#1051 = CARTESIAN_POINT ( 'NONE',  ( 0.1500000000000000500, 0.6576613620344213818, -0.2309401076758501037 ) ) ;
#1052 = VERTEX_POINT ( 'NONE', #1474 ) ;
#1053 = CARTESIAN_POINT ( 'NONE',  ( -0.5599999999999999423, 0.1328125000000000000, -0.2867136103677467296 ) ) ;
#1054 = DIRECTION ( 'NONE',  ( 0.000000000000000000, 0.000000000000000000, -1.000000000000000000 ) ) ;
#1055 = B_SPLINE_CURVE_WITH_KNOTS ( 'NONE', 3,
 ( #484, #284, #1343, #2202 ),
 .UNSPECIFIED., .F., .F.,
 ( 4, 4 ),
 ( 2.096323695375480683E-07, 0.0001932922861153389866 ),
 .UNSPECIFIED. ) ;
#1056 = VERTEX_POINT ( 'NONE', #2304 ) ;
#1057 = FACE_OUTER_BOUND ( 'NONE', #302, .T. ) ;
#1058 = DIRECTION ( 'NONE',  ( 0.000000000000000000, 0.000000000000000000, 1.000000000000000000 ) ) ;
#1059 = CARTESIAN_POINT ( 'NONE',  ( 0.01968041326983020409, -0.1085134250168849762, -0.3177271615389915538 ) ) ;
#1060 = DIRECTION ( 'NONE',  ( 0.000000000000000000, 0.000000000000000000, 1.000000000000000000 ) ) ;
#1061 = LINE ( 'NONE', #2778, #1401 ) ;
#1062 = EDGE_CURVE ( 'NONE', #1225, #2600, #1214, .T. ) ;
#1063 = VERTEX_POINT ( 'NONE', #416 ) ;
#1064 = EDGE_LOOP ( 'NONE', ( #1362, #2117, #675, #2079, #973, #1530 ) ) ;
#1065 = CYLINDRICAL_SURFACE ( 'NONE', #1858, 0.05000000000000000278 ) ;
#1066 = CARTESIAN_POINT ( 'NONE',  ( -0.2499999999999998612, 0.1528124999999999900, -1.372493369525490991E-17 ) ) ;
#1067 = FACE_OUTER_BOUND ( 'NONE', #482, .T. ) ;
#1068 = EDGE_CURVE ( 'NONE', #106, #1701, #1209, .T. ) ;
#1069 = ORIENTED_EDGE ( 'NONE', *, *, #2249, .T. ) ;
#1070 = FACE_OUTER_BOUND ( 'NONE', #2219, .T. ) ;
#1071 = CARTESIAN_POINT ( 'NONE',  ( 0.008988329621464534111, -0.1272440120223082005, -0.2402181393600185400 ) ) ;
#1072 = DIRECTION ( 'NONE',  ( 2.649997260403019975E-32, 1.000000000000000000, -1.224646799147353207E-16 ) ) ;
#1073 = DIRECTION ( 'NONE',  ( 0.3535533905932731757, 0.7071067811865491270, -0.6123724356957931381 ) ) ;
#1074 = CARTESIAN_POINT ( 'NONE',  ( -0.06494206158075772894, 0.3231548562351207465, -0.07586580499715525616 ) ) ;
#1075 = LINE ( 'NONE', #10, #1896 ) ;
#1076 = ORIENTED_EDGE ( 'NONE', *, *, #2421, .T. ) ;
#1077 = ORIENTED_EDGE ( 'NONE', *, *, #1186, .F. ) ;
#1078 = ADVANCED_FACE ( 'NONE', ( #2128 ), #1628, .T. ) ;
#1079 = VECTOR ( 'NONE', #2729, 39.37007874015748143 ) ;
#1080 = CARTESIAN_POINT ( 'NONE',  ( -0.6873853277175702159, 0.3499999999999999778, -4.286263797015734746E-17 ) ) ;
#1081 = EDGE_CURVE ( 'NONE', #1824, #1426, #727, .T. ) ;
#1082 = CARTESIAN_POINT ( 'NONE',  ( -0.5819355661725680307, -0.1421454397499619660, -0.2817841322521501546 ) ) ;
#1083 = VECTOR ( 'NONE', #1864, 39.37007874015748854 ) ;
#1084 = AXIS2_PLACEMENT_3D ( 'NONE', #1132, #1960, #2609 ) ;
#1085 = VECTOR ( 'NONE', #892, 39.37007874015748143 ) ;
#1086 = CONICAL_SURFACE ( 'NONE', #1301, 0.1000000000000000888, 0.08726646259971666819 ) ;
#1087 = EDGE_LOOP ( 'NONE', ( #140, #1076, #782, #457, #636, #1585 ) ) ;
#1088 = LINE ( 'NONE', #644, #2617 ) ;
#1089 = CARTESIAN_POINT ( 'NONE',  ( -0.2499999999999998335, -0.2028125000000001732, 0.1622640653041068082 ) ) ;
#1090 = CARTESIAN_POINT ( 'NONE',  ( -0.4498035092747719177, 0.2688676437810988973, -0.01016057712550567753 ) ) ;
#1091 = CARTESIAN_POINT ( 'NONE',  ( 0.07892997772878657115, -0.1494015721338489144, -0.2835194095492403754 ) ) ;
#1092 = EDGE_CURVE ( 'NONE', #500, #2662, #1812, .T. ) ;
#1093 = CIRCLE ( 'NONE', #107, 0.03000000000000000583 ) ;
#1094 =( NAMED_UNIT ( * ) SI_UNIT ( $, .STERADIAN. ) SOLID_ANGLE_UNIT ( ) );
#1095 = VERTEX_POINT ( 'NONE', #588 ) ;
#1096 = CARTESIAN_POINT ( 'NONE',  ( -0.7599999999999998979, 0.3499999999999999778, -4.286263797015734746E-17 ) ) ;
#1097 = DIRECTION ( 'NONE',  ( 0.000000000000000000, -1.000000000000000000, 0.000000000000000000 ) ) ;
#1098 = EDGE_LOOP ( 'NONE', ( #1637, #609, #2534, #726, #2414, #2549, #1592, #211 ) ) ;
#1099 = ORIENTED_EDGE ( 'NONE', *, *, #1589, .F. ) ;
#1100 = DIRECTION ( 'NONE',  ( 0.000000000000000000, -0.000000000000000000, 1.000000000000000000 ) ) ;
#1101 = CARTESIAN_POINT ( 'NONE',  ( -0.5089883296214646746, -0.1272440120223075344, -0.2402181393600182624 ) ) ;
#1102 = ADVANCED_FACE ( 'NONE', ( #2495 ), #1014, .T. ) ;
#1103 = ORIENTED_EDGE ( 'NONE', *, *, #1197, .F. ) ;
#1104 = LINE ( 'NONE', #1722, #2336 ) ;
#1105 = CARTESIAN_POINT ( 'NONE',  ( -0.2499999999999998335, 0.1528124999999999900, -0.1722640653041067893 ) ) ;
#1106 = ORIENTED_EDGE ( 'NONE', *, *, #27, .F. ) ;
#1107 = CYLINDRICAL_SURFACE ( 'NONE', #1353, 0.05000000000000000971 ) ;
#1108 = DIRECTION ( 'NONE',  ( -3.210827391960191287E-16, 0.000000000000000000, 1.000000000000000000 ) ) ;
#1109 = EDGE_LOOP ( 'NONE', ( #2370, #1169, #2210, #1697 ) ) ;
#1110 = ORIENTED_EDGE ( 'NONE', *, *, #338, .F. ) ;
#1111 = DIRECTION ( 'NONE',  ( 0.000000000000000000, 1.000000000000000000, 1.224646799147353207E-16 ) ) ;
#1112 = DIRECTION ( 'NONE',  ( 0.000000000000000000, -0.000000000000000000, -1.000000000000000000 ) ) ;
#1113 = ORIENTED_EDGE ( 'NONE', *, *, #1904, .T. ) ;
#1114 = ADVANCED_FACE ( 'NONE', ( #149 ), #1460, .F. ) ;
#1115 = CARTESIAN_POINT ( 'NONE',  ( -0.2499999999999996669, 0.3428124999999999645, -4.439252989704427977E-16 ) ) ;
#1116 = EDGE_CURVE ( 'NONE', #1774, #696, #1610, .T. ) ;
#1117 = ORIENTED_EDGE ( 'NONE', *, *, #2234, .F. ) ;
#1118 = CARTESIAN_POINT ( 'NONE',  ( -0.4359810639095852425, 0.3499999999999983680, -0.08040088267696270108 ) ) ;
#1119 = CARTESIAN_POINT ( 'NONE',  ( 0.01000000000000002623, 0.1328125000000000000, -0.2367136103677463244 ) ) ;
#1120 = ORIENTED_EDGE ( 'NONE', *, *, #608, .T. ) ;
#1121 = ORIENTED_EDGE ( 'NONE', *, *, #978, .T. ) ;
#1122 = CARTESIAN_POINT ( 'NONE',  ( -0.4999999999999998335, 0.1928124999999999978, -0.3290896534380868266 ) ) ;
#1123 = CIRCLE ( 'NONE', #1844, 0.05000000000000000971 ) ;
#1124 = ORIENTED_EDGE ( 'NONE', *, *, #2447, .F. ) ;
#1125 = LINE ( 'NONE', #1450, #1304 ) ;
#1126 = CARTESIAN_POINT ( 'NONE',  ( -0.2500000000000000555, 0.1428124999999999811, -0.4156921938165305530 ) ) ;
#1127 = DIRECTION ( 'NONE',  ( 0.000000000000000000, 0.000000000000000000, -1.000000000000000000 ) ) ;
#1128 = CIRCLE ( 'NONE', #852, 0.04999999999999999584 ) ;
#1129 = ORIENTED_EDGE ( 'NONE', *, *, #413, .F. ) ;
#1130 = CARTESIAN_POINT ( 'NONE',  ( -0.5233067850486329275, 0.1186885683931779290, -0.3156334748163182047 ) ) ;
#1131 = AXIS2_PLACEMENT_3D ( 'NONE', #2433, #1366, #1158 ) ;
#1132 = CARTESIAN_POINT ( 'NONE',  ( -0.2499999999999998612, 0.2428124999999999589, -1.372493369525490991E-17 ) ) ;
#1133 = VECTOR ( 'NONE', #2098, 39.37007874015748143 ) ;
#1134 = ORIENTED_EDGE ( 'NONE', *, *, #2252, .F. ) ;
#1135 = PLANE ( 'NONE',  #1418 ) ;
#1136 = AXIS2_PLACEMENT_3D ( 'NONE', #2710, #2726, #792 ) ;
#1137 = CONICAL_SURFACE ( 'NONE', #2209, 0.1999999999999999833, 0.3490658503988670613 ) ;
#1138 = EDGE_CURVE ( 'NONE', #132, #1701, #1046, .T. ) ;
#1139 = FACE_OUTER_BOUND ( 'NONE', #1109, .T. ) ;
#1140 = AXIS2_PLACEMENT_3D ( 'NONE', #1293, #2150, #797 ) ;
#1141 = ORIENTED_EDGE ( 'NONE', *, *, #964, .T. ) ;
#1142 = EDGE_LOOP ( 'NONE', ( #1117, #405, #2504, #1949 ) ) ;
#1143 = AXIS2_PLACEMENT_3D ( 'NONE', #184, #1037, #2091 ) ;
#1144 = DIRECTION ( 'NONE',  ( 0.8660254037844385966, 0.000000000000000000, 0.5000000000000002220 ) ) ;
#1145 = AXIS2_PLACEMENT_3D ( 'NONE', #543, #1897, #2767 ) ;
#1146 = DIRECTION ( 'NONE',  ( 0.000000000000000000, 0.000000000000000000, 1.000000000000000000 ) ) ;
#1147 = CARTESIAN_POINT ( 'NONE',  ( -0.2499999999999996114, 0.6576613620344213818, -4.585101083551346975E-16 ) ) ;
#1148 = VERTEX_POINT ( 'NONE', #159 ) ;
#1149 = CARTESIAN_POINT ( 'NONE',  ( -0.5819355661725690299, 0.1521454397499618083, -0.2817841322521495440 ) ) ;
#1150 = CARTESIAN_POINT ( 'NONE',  ( -0.7599999999999998979, 0.3499999999999999778, -0.1362388015731152979 ) ) ;
#1151 = ORIENTED_EDGE ( 'NONE', *, *, #912, .T. ) ;
#1152 = DIRECTION ( 'NONE',  ( 3.329491765587158386E-17, 1.000000000000000000, 5.766848901379164457E-17 ) ) ;
#1153 = CARTESIAN_POINT ( 'NONE',  ( 0.1599999999999999201, 0.3499999999999999778, 4.585672809699774120E-17 ) ) ;
#1154 = ORIENTED_EDGE ( 'NONE', *, *, #1081, .T. ) ;
#1155 = VERTEX_POINT ( 'NONE', #374 ) ;
#1156 = EDGE_CURVE ( 'NONE', #2015, #2174, #401, .T. ) ;
#1157 = CARTESIAN_POINT ( 'NONE',  ( -0.6099999999999997646, -0.2328125000000000056, 0.2078460969082649712 ) ) ;
#1158 = DIRECTION ( 'NONE',  ( 0.000000000000000000, 0.000000000000000000, 1.000000000000000000 ) ) ;
#1159 = ADVANCED_FACE ( 'NONE', ( #1236 ), #1889, .T. ) ;
#1160 = EDGE_CURVE ( 'NONE', #1946, #1950, #1718, .T. ) ;
#1161 = EDGE_LOOP ( 'NONE', ( #2526, #1309, #2620, #746 ) ) ;
#1162 = VERTEX_POINT ( 'NONE', #827 ) ;
#1163 = CARTESIAN_POINT ( 'NONE',  ( -0.5079510762794738898, 0.1389123978834746198, -0.2438112903373133300 ) ) ;
#1164 = ORIENTED_EDGE ( 'NONE', *, *, #751, .F. ) ;
#1165 = DIRECTION ( 'NONE',  ( -1.000000000000000000, -0.000000000000000000, -2.163886977247685745E-16 ) ) ;
#1166 = CARTESIAN_POINT ( 'NONE',  ( -0.2424999999999999101, -0.2328125000000000056, 0.4200223208354524340 ) ) ;
#1167 = CARTESIAN_POINT ( 'NONE',  ( -0.1499999999999996336, 0.2428124999999999034, 0.1732050807568873141 ) ) ;
#1168 = CARTESIAN_POINT ( 'NONE',  ( -0.6599999999999999201, 1.405383189954596324, 0.2367136103677464354 ) ) ;
#1169 = ORIENTED_EDGE ( 'NONE', *, *, #2384, .F. ) ;
#1170 = CARTESIAN_POINT ( 'NONE',  ( 0.01000000000000004705, -0.1228124999999995470, 0.1501110699893029032 ) ) ;
#1171 = EDGE_CURVE ( 'NONE', #2369, #1513, #562, .T. ) ;
#1172 = EDGE_CURVE ( 'NONE', #1932, #1052, #201, .T. ) ;
#1173 = ORIENTED_EDGE ( 'NONE', *, *, #385, .F. ) ;
#1174 = DIRECTION ( 'NONE',  ( 0.8660254037844387076, 0.000000000000000000, -0.5000000000000001110 ) ) ;
#1175 = CARTESIAN_POINT ( 'NONE',  ( -0.4403073303910665648, 0.3607362748104104289, 0.08023726367493803913 ) ) ;
#1176 = ORIENTED_EDGE ( 'NONE', *, *, #816, .T. ) ;
#1177 = VECTOR ( 'NONE', #2530, 39.37007874015748854 ) ;
#1178 = CARTESIAN_POINT ( 'NONE',  ( 0.02804108812173165821, 0.1394335135603672338, -0.3129001236626203775 ) ) ;
#1179 = EDGE_LOOP ( 'NONE', ( #1176, #1765, #757, #749 ) ) ;
#1180 = VECTOR ( 'NONE', #1269, 39.37007874015748143 ) ;
#1181 = VECTOR ( 'NONE', #116, 39.37007874015748143 ) ;
#1182 = AXIS2_PLACEMENT_3D ( 'NONE', #2372, #1111, #39 ) ;
#1183 = FACE_OUTER_BOUND ( 'NONE', #1773, .T. ) ;
#1184 = AXIS2_PLACEMENT_3D ( 'NONE', #1381, #1174, #745 ) ;
#1185 = ORIENTED_EDGE ( 'NONE', *, *, #2695, .T. ) ;
#1186 = EDGE_CURVE ( 'NONE', #1315, #498, #860, .T. ) ;
#1187 = CARTESIAN_POINT ( 'NONE',  ( -0.4607679144972177121, 0.4001021259032283006, 0.06646009333408556263 ) ) ;
#1188 = ORIENTED_EDGE ( 'NONE', *, *, #2250, .T. ) ;
#1189 = DIRECTION ( 'NONE',  ( -0.000000000000000000, -1.000000000000000000, -0.000000000000000000 ) ) ;
#1190 = CARTESIAN_POINT ( 'NONE',  ( -0.5099999999999998979, 0.1328125000000000000, -0.2367136103677466297 ) ) ;
#1191 = VERTEX_POINT ( 'NONE', #2790 ) ;
#1192 = LINE ( 'NONE', #1166, #1714 ) ;
#1193 = CARTESIAN_POINT ( 'NONE',  ( -0.06663135923118103376, 0.3428124999999999645, -0.07984949331458522648 ) ) ;
#1194 = EDGE_LOOP ( 'NONE', ( #2188, #845, #1997, #1355 ) ) ;
#1195 = CIRCLE ( 'NONE', #930, 0.1362388015731152424 ) ;
#1196 = DIRECTION ( 'NONE',  ( 1.000000000000000000, 0.000000000000000000, 0.000000000000000000 ) ) ;
#1197 = EDGE_CURVE ( 'NONE', #586, #1315, #2027, .T. ) ;
#1198 = ORIENTED_EDGE ( 'NONE', *, *, #2162, .F. ) ;
#1199 = CARTESIAN_POINT ( 'NONE',  ( 0.009935539112157901198, -0.1241214808007179982, -0.2369369094334333181 ) ) ;
#1200 = EDGE_CURVE ( 'NONE', #500, #1056, #1357, .T. ) ;
#1201 = DIRECTION ( 'NONE',  ( 0.000000000000000000, 0.000000000000000000, 1.000000000000000000 ) ) ;
#1202 = DIRECTION ( 'NONE',  ( 0.8660254037844385966, 0.000000000000000000, -0.4999999999999998335 ) ) ;
#1203 = DIRECTION ( 'NONE',  ( -1.000000000000000000, 0.000000000000000000, 0.000000000000000000 ) ) ;
#1204 = ORIENTED_EDGE ( 'NONE', *, *, #2523, .T. ) ;
#1205 = DIRECTION ( 'NONE',  ( 1.763419674886983721E-16, 0.000000000000000000, -1.000000000000000000 ) ) ;
#1206 = VECTOR ( 'NONE', #2737, 39.37007874015748143 ) ;
#1207 = ORIENTED_EDGE ( 'NONE', *, *, #335, .F. ) ;
#1208 = CARTESIAN_POINT ( 'NONE',  ( -0.5099999999999998979, 0.1328125000000000000, -0.2367136103677466297 ) ) ;
#1209 = LINE ( 'NONE', #2107, #1180 ) ;
#1210 = DIRECTION ( 'NONE',  ( 0.000000000000000000, 0.000000000000000000, 1.000000000000000000 ) ) ;
#1211 = CARTESIAN_POINT ( 'NONE',  ( 0.1550000000000006928, 0.6576613620344213818, 0.2280533563299019240 ) ) ;
#1212 = VECTOR ( 'NONE', #2485, 39.37007874015748143 ) ;
#1213 = EDGE_CURVE ( 'NONE', #560, #1449, #1093, .T. ) ;
#1214 = CIRCLE ( 'NONE', #369, 0.3215976894552129983 ) ;
#1215 = VECTOR ( 'NONE', #512, 39.37007874015748143 ) ;
#1216 = VECTOR ( 'NONE', #2312, 39.37007874015748143 ) ;
#1217 = VECTOR ( 'NONE', #2319, 39.37007874015748143 ) ;
#1218 = FACE_OUTER_BOUND ( 'NONE', #518, .T. ) ;
#1219 = DIRECTION ( 'NONE',  ( 0.8660254037844385966, -0.000000000000000000, -0.5000000000000000000 ) ) ;
#1220 = ORIENTED_EDGE ( 'NONE', *, *, #993, .T. ) ;
#1221 = LINE ( 'NONE', #2278, #1079 ) ;
#1222 = CARTESIAN_POINT ( 'NONE',  ( -0.7299999999999999822, 0.3499999999999999778, -4.286263797015734746E-17 ) ) ;
#1223 = DIRECTION ( 'NONE',  ( -0.8660254037844384856, 0.000000000000000000, -0.5000000000000002220 ) ) ;
#1224 = CARTESIAN_POINT ( 'NONE',  ( 0.009680166495906876792, 0.1354053256396042237, -0.2378215461258508245 ) ) ;
#1225 = VERTEX_POINT ( 'NONE', #2349 ) ;
#1226 = DIRECTION ( 'NONE',  ( -5.687138850458655231E-17, -0.000000000000000000, -1.000000000000000000 ) ) ;
#1227 = ORIENTED_EDGE ( 'NONE', *, *, #87, .T. ) ;
#1228 = FACE_OUTER_BOUND ( 'NONE', #1537, .T. ) ;
#1229 = ADVANCED_FACE ( 'NONE', ( #1070 ), #1137, .F. ) ;
#1230 = DIRECTION ( 'NONE',  ( 0.000000000000000000, -1.000000000000000000, 0.000000000000000000 ) ) ;
#1231 = DIRECTION ( 'NONE',  ( 0.000000000000000000, 0.000000000000000000, 1.000000000000000000 ) ) ;
#1232 = FACE_OUTER_BOUND ( 'NONE', #91, .T. ) ;
#1233 = ADVANCED_BREP_SHAPE_REPRESENTATION ( 'NeedleValve_Body', ( #2440, #954 ), #2714 ) ;
#1234 = ORIENTED_EDGE ( 'NONE', *, *, #1957, .F. ) ;
#1235 = LINE ( 'NONE', #596, #412 ) ;
#1236 = FACE_OUTER_BOUND ( 'NONE', #1681, .T. ) ;
#1237 = CARTESIAN_POINT ( 'NONE',  ( 0.01274592042684027059, -0.1131835476919709899, -0.3217307928485776958 ) ) ;
#1238 = FACE_OUTER_BOUND ( 'NONE', #157, .T. ) ;
#1239 = CARTESIAN_POINT ( 'NONE',  ( 0.02500629014046042500, 0.1193710801549195816, -0.3146522650940588584 ) ) ;
#1240 = LINE ( 'NONE', #1295, #996 ) ;
#1241 = ORIENTED_EDGE ( 'NONE', *, *, #177, .T. ) ;
#1242 = DIRECTION ( 'NONE',  ( 5.687138850458655231E-17, -0.000000000000000000, 1.000000000000000000 ) ) ;
#1243 = DIRECTION ( 'NONE',  ( 0.000000000000000000, 1.000000000000000000, 0.000000000000000000 ) ) ;
#1244 = DIRECTION ( 'NONE',  ( 0.000000000000000000, -1.000000000000000000, 0.000000000000000000 ) ) ;
#1245 = CARTESIAN_POINT ( 'NONE',  ( -0.7299999999999999822, 0.3499999999999999778, -4.286263797015734746E-17 ) ) ;
#1246 = EDGE_CURVE ( 'NONE', #19, #1979, #2121, .T. ) ;
#1247 = EDGE_CURVE ( 'NONE', #2482, #2368, #1412, .T. ) ;
#1248 = ADVANCED_FACE ( 'NONE', ( #1397 ), #2392, .T. ) ;
#1249 = VERTEX_POINT ( 'NONE', #705 ) ;
#1250 = CARTESIAN_POINT ( 'NONE',  ( 0.005000000000000014849, -0.1328125000000000000, 0.1414508159514585306 ) ) ;
#1251 = CARTESIAN_POINT ( 'NONE',  ( -0.2499999999999999167, 1.405383189954596324, -0.4734272207354931483 ) ) ;
#1252 = CARTESIAN_POINT ( 'NONE',  ( 0.009489261028761283856, -0.1260346566249937739, -0.2384828620629279861 ) ) ;
#1253 = DIRECTION ( 'NONE',  ( 0.000000000000000000, 0.000000000000000000, -1.000000000000000000 ) ) ;
#1254 = AXIS2_PLACEMENT_3D ( 'NONE', #1851, #1386, #122 ) ;
#1255 = DIRECTION ( 'NONE',  ( 0.8660254037844385966, 0.000000000000000000, -0.4999999999999998335 ) ) ;
#1256 = VERTEX_POINT ( 'NONE', #732 ) ;
#1257 = DIRECTION ( 'NONE',  ( 0.000000000000000000, 0.000000000000000000, 1.000000000000000000 ) ) ;
#1258 = AXIS2_PLACEMENT_3D ( 'NONE', #1852, #191, #2518 ) ;
#1259 = LINE ( 'NONE', #2124, #1664 ) ;
#1260 = CARTESIAN_POINT ( 'NONE',  ( -0.03922735357822000613, 0.4001148276028727580, -0.06647771614946178242 ) ) ;
#1261 = TOROIDAL_SURFACE ( 'NONE', #766, 0.1899999999999999745, 0.01000000000000000021 ) ;
#1262 = CARTESIAN_POINT ( 'NONE',  ( -0.6599999999999999201, 0.3499999999999999778, -0.2274899352205227987 ) ) ;
#1263 = CIRCLE ( 'NONE', #1663, 0.1936470393696373971 ) ;
#1264 = CIRCLE ( 'NONE', #2257, 0.1722640653041067893 ) ;
#1265 = AXIS2_PLACEMENT_3D ( 'NONE', #155, #167, #1469 ) ;
#1266 = EDGE_CURVE ( 'NONE', #1737, #2417, #17, .T. ) ;
#1267 = CYLINDRICAL_SURFACE ( 'NONE', #2663, 0.1622640653041068082 ) ;
#1268 = ADVANCED_FACE ( 'NONE', ( #2531 ), #1488, .F. ) ;
#1269 = DIRECTION ( 'NONE',  ( -0.8660254037844383745, -0.000000000000000000, -0.5000000000000002220 ) ) ;
#1270 = CARTESIAN_POINT ( 'NONE',  ( 0.07706989579945748570, -0.1528815406615091910, -0.2845933283518533030 ) ) ;
#1271 = VECTOR ( 'NONE', #181, 39.37007874015748143 ) ;
#1272 = DIRECTION ( 'NONE',  ( 0.000000000000000000, 0.000000000000000000, 1.000000000000000000 ) ) ;
#1273 = CARTESIAN_POINT ( 'NONE',  ( -0.2499999999999998612, 0.1428124999999999811, -1.372493369525490991E-17 ) ) ;
#1274 = VERTEX_POINT ( 'NONE', #2358 ) ;
#1275 = ORIENTED_EDGE ( 'NONE', *, *, #2532, .T. ) ;
#1276 = FACE_OUTER_BOUND ( 'NONE', #1395, .T. ) ;
#1277 = CARTESIAN_POINT ( 'NONE',  ( -0.4811499192987514495, 0.4313511762440395136, 0.02302738672678009482 ) ) ;
#1278 = EDGE_LOOP ( 'NONE', ( #2055, #474, #2173, #653 ) ) ;
#1279 = CARTESIAN_POINT ( 'NONE',  ( -0.7326146722824298241, 0.3499999999999999778, -4.286263797015734746E-17 ) ) ;
#1280 = CARTESIAN_POINT ( 'NONE',  ( -0.4337522817309253931, 0.3326506016299720092, 0.07896848933015469807 ) ) ;
#1281 = CARTESIAN_POINT ( 'NONE',  ( -0.6599999999999999201, 0.3499999999999999778, -4.286263797015734746E-17 ) ) ;
#1282 = ADVANCED_FACE ( 'NONE', ( #438 ), #1484, .F. ) ;
#1283 = EDGE_CURVE ( 'NONE', #2662, #500, #1041, .T. ) ;
#1284 = DIRECTION ( 'NONE',  ( -0.6546536707079790851, -0.6546536707079790851, -0.3779644730092207028 ) ) ;
#1285 = CARTESIAN_POINT ( 'NONE',  ( -0.2550000000000000600, 0.6576613620344213818, -0.4647669666976487202 ) ) ;
#1286 = EDGE_LOOP ( 'NONE', ( #711, #1555, #1391, #2245 ) ) ;
#1287 = VERTEX_POINT ( 'NONE', #1937 ) ;
#1288 = AXIS2_PLACEMENT_3D ( 'NONE', #904, #1073, #648 ) ;
#1289 = CARTESIAN_POINT ( 'NONE',  ( -0.4607726464217795082, 0.4001148276028727024, -0.06647771614946175467 ) ) ;
#1290 = ORIENTED_EDGE ( 'NONE', *, *, #533, .T. ) ;
#1291 = DIRECTION ( 'NONE',  ( 0.5000000000000017764, 0.000000000000000000, -0.8660254037844377084 ) ) ;
#1292 = CARTESIAN_POINT ( 'NONE',  ( -0.4444585153036642589, 0.2836330052555919301, -0.04694859070612977109 ) ) ;
#1293 = CARTESIAN_POINT ( 'NONE',  ( 0.06250000000000009714, 0.1328125000000000000, 0.1082531754730549911 ) ) ;
#1294 = VERTEX_POINT ( 'NONE', #200 ) ;
#1295 = CARTESIAN_POINT ( 'NONE',  ( -0.2449999999999998013, -0.1328125000000000000, 0.2915618859407611563 ) ) ;
#1296 = ORIENTED_EDGE ( 'NONE', *, *, #131, .F. ) ;
#1297 = EDGE_LOOP ( 'NONE', ( #1099, #2084, #1306, #1207 ) ) ;
#1298 = DIRECTION ( 'NONE',  ( -1.000000000000000000, -0.000000000000000000, -2.163886977247685745E-16 ) ) ;
#1299 = VECTOR ( 'NONE', #730, 39.37007874015748143 ) ;
#1300 = AXIS2_PLACEMENT_3D ( 'NONE', #2769, #1442, #824 ) ;
#1301 = AXIS2_PLACEMENT_3D ( 'NONE', #1695, #2131, #818 ) ;
#1302 = DIRECTION ( 'NONE',  ( -0.000000000000000000, -1.000000000000000000, -0.000000000000000000 ) ) ;
#1303 = CARTESIAN_POINT ( 'NONE',  ( -0.2499999999999996669, 0.3428124999999999645, -4.439252989704427977E-16 ) ) ;
#1304 = VECTOR ( 'NONE', #1226, 39.37007874015748143 ) ;
#1305 = AXIS2_PLACEMENT_3D ( 'NONE', #471, #2389, #503 ) ;
#1306 = ORIENTED_EDGE ( 'NONE', *, *, #2525, .F. ) ;
#1307 = CARTESIAN_POINT ( 'NONE',  ( -0.06160015565268666532, 0.3051920666050026432, 0.06719352491765302748 ) ) ;
#1308 = ORIENTED_EDGE ( 'NONE', *, *, #2195, .F. ) ;
#1309 = ORIENTED_EDGE ( 'NONE', *, *, #1831, .T. ) ;
#1310 =( BOUNDED_CURVE ( )  B_SPLINE_CURVE ( 3, ( #1785, #2645, #1521, #2367 ),
 .UNSPECIFIED., .F., .T. ) 
 B_SPLINE_CURVE_WITH_KNOTS ( ( 4, 4 ),
 ( 4.712388980384689674, 6.283185307179586232 ),
 .UNSPECIFIED. ) 
 CURVE ( )  GEOMETRIC_REPRESENTATION_ITEM ( )  RATIONAL_B_SPLINE_CURVE ( ( 1.000000000000000000, 0.8047378541243649375, 0.8047378541243649375, 1.000000000000000000 ) ) 
 REPRESENTATION_ITEM ( '' )  );
#1311 = CARTESIAN_POINT ( 'NONE',  ( -0.03192582389145016963, 0.4117922324011194513, 0.05597111159680930037 ) ) ;
#1312 = DIRECTION ( 'NONE',  ( 0.000000000000000000, -1.000000000000000000, 0.000000000000000000 ) ) ;
#1313 = ADVANCED_FACE ( 'NONE', ( #1067 ), #504, .F. ) ;
#1314 = EDGE_CURVE ( 'NONE', #1579, #2105, #1647, .T. ) ;
#1315 = VERTEX_POINT ( 'NONE', #1925 ) ;
#1316 = CARTESIAN_POINT ( 'NONE',  ( -0.4462874329045215527, 0.2782698605338027042, -0.03859440409113800569 ) ) ;
#1317 = CARTESIAN_POINT ( 'NONE',  ( -0.2499999999999996669, 0.2428124999999999589, -4.433486140803048361E-16 ) ) ;
#1318 = ORIENTED_EDGE ( 'NONE', *, *, #1996, .F. ) ;
#1319 = CARTESIAN_POINT ( 'NONE',  ( -0.05286817548319427268, 0.2759320061919520728, 0.03407330041638904905 ) ) ;
#1320 = DIRECTION ( 'NONE',  ( 2.163886977247685745E-16, 0.000000000000000000, -1.000000000000000000 ) ) ;
#1321 = ORIENTED_EDGE ( 'NONE', *, *, #472, .T. ) ;
#1322 = CARTESIAN_POINT ( 'NONE',  ( -0.5849999999999998535, -0.1228125000000001021, -0.2800148805569686039 ) ) ;
#1323 = ORIENTED_EDGE ( 'NONE', *, *, #645, .T. ) ;
#1324 = ORIENTED_EDGE ( 'NONE', *, *, #1160, .F. ) ;
#1325 = DIRECTION ( 'NONE',  ( -0.8660254037844385966, -0.000000000000000000, 0.4999999999999998335 ) ) ;
#1326 =( BOUNDED_CURVE ( )  B_SPLINE_CURVE ( 3, ( #1170, #72, #102, #741 ),
 .UNSPECIFIED., .F., .T. ) 
 B_SPLINE_CURVE_WITH_KNOTS ( ( 4, 4 ),
 ( 3.141592653589738493, 4.712388980384687898 ),
 .UNSPECIFIED. ) 
 CURVE ( )  GEOMETRIC_REPRESENTATION_ITEM ( )  RATIONAL_B_SPLINE_CURVE ( ( 1.000000000000000000, 0.8047378541243525030, 0.8047378541243525030, 1.000000000000000000 ) ) 
 REPRESENTATION_ITEM ( '' )  );
#1327 = CARTESIAN_POINT ( 'NONE',  ( 0.1464285714285712414, 0.6612327906058500515, 0.2288781424287446575 ) ) ;
#1328 = CARTESIAN_POINT ( 'NONE',  ( 0.1600000000000000588, 0.6476613620344213729, -0.2367136103677462966 ) ) ;
#1329 = CIRCLE ( 'NONE', #1692, 0.05000000000000000971 ) ;
#1330 = FACE_OUTER_BOUND ( 'NONE', #777, .T. ) ;
#1331 = EDGE_CURVE ( 'NONE', #888, #147, #2547, .T. ) ;
#1332 = ADVANCED_FACE ( 'NONE', ( #850 ), #1440, .T. ) ;
#1333 = CARTESIAN_POINT ( 'NONE',  ( -0.4403780533103389683, 0.2972270331568424573, 0.06136503857015480207 ) ) ;
#1334 = DIRECTION ( 'NONE',  ( 5.687138850458655231E-17, 0.000000000000000000, 1.000000000000000000 ) ) ;
#1335 = EDGE_LOOP ( 'NONE', ( #703, #489, #1403, #1850 ) ) ;
#1336 = DIRECTION ( 'NONE',  ( 0.000000000000000000, -1.000000000000000000, 0.000000000000000000 ) ) ;
#1337 = CARTESIAN_POINT ( 'NONE',  ( 0.01000000000000002623, -0.1228125000000001021, -0.2367136103677463521 ) ) ;
#1338 = CARTESIAN_POINT ( 'NONE',  ( -0.5061454672566827462, -0.1308091683670481453, -0.2500661034694779405 ) ) ;
#1339 = ORIENTED_EDGE ( 'NONE', *, *, #1394, .F. ) ;
#1340 = EDGE_LOOP ( 'NONE', ( #968, #2475 ) ) ;
#1341 = ORIENTED_EDGE ( 'NONE', *, *, #1470, .T. ) ;
#1342 = CARTESIAN_POINT ( 'NONE',  ( -0.02531613134487159869, 0.4218936983945383856, 0.04337126462445956010 ) ) ;
#1343 = CARTESIAN_POINT ( 'NONE',  ( -0.4350736896610934989, 0.3476251381838090793, 0.08032149771663185667 ) ) ;
#1344 = CARTESIAN_POINT ( 'NONE',  ( -0.2499999999999998612, -0.2328125000000000056, -1.372493369525490991E-17 ) ) ;
#1345 = CIRCLE ( 'NONE', #139, 0.1362388015731152424 ) ;
#1346 = DIRECTION ( 'NONE',  ( 0.9961946980917456562, -1.067350013832299672E-17, -0.08715574274765815199 ) ) ;
#1347 = DIMENSIONAL_EXPONENTS ( 1.000000000000000000, 0.000000000000000000, 0.000000000000000000, 0.000000000000000000, 0.000000000000000000, 0.000000000000000000, 0.000000000000000000 ) ;
#1348 = AXIS2_PLACEMENT_3D ( 'NONE', #133, #747, #2483 ) ;
#1349 = ORIENTED_EDGE ( 'NONE', *, *, #663, .F. ) ;
#1350 = AXIS2_PLACEMENT_3D ( 'NONE', #1105, #1768, #1533 ) ;
#1351 = DIRECTION ( 'NONE',  ( -1.253783678052179127E-15, -0.6546536707079763096, 0.7559289460184550613 ) ) ;
#1352 = VECTOR ( 'NONE', #2460, 39.37007874015748143 ) ;
#1353 = AXIS2_PLACEMENT_3D ( 'NONE', #299, #2009, #680 ) ;
#1354 = EDGE_CURVE ( 'NONE', #469, #1162, #166, .T. ) ;
#1355 = ORIENTED_EDGE ( 'NONE', *, *, #1171, .F. ) ;
#1356 = CARTESIAN_POINT ( 'NONE',  ( -0.5585714285714281635, -0.2842410714285714124, 0.1781537973499411343 ) ) ;
#1357 = CIRCLE ( 'NONE', #770, 0.02999999999999998848 ) ;
#1358 = CARTESIAN_POINT ( 'NONE',  ( -0.05653059102417132276, 0.2866682202952045011, -0.05082874483053683584 ) ) ;
#1359 = CARTESIAN_POINT ( 'NONE',  ( -0.5026174789111504948, -0.1325522267386998743, -0.2622874135954088026 ) ) ;
#1360 = AXIS2_PLACEMENT_3D ( 'NONE', #206, #2791, #1253 ) ;
#1361 = ORIENTED_EDGE ( 'NONE', *, *, #1200, .F. ) ;
#1362 = ORIENTED_EDGE ( 'NONE', *, *, #1411, .T. ) ;
#1363 = AXIS2_PLACEMENT_3D ( 'NONE', #1452, #2744, #1868 ) ;
#1364 = PRODUCT_DEFINITION ( 'UNKNOWN', '', #2515, #1670 ) ;
#1365 = PLANE ( 'NONE',  #2032 ) ;
#1366 = DIRECTION ( 'NONE',  ( 1.000000000000000000, 0.000000000000000000, 0.000000000000000000 ) ) ;
#1367 = ORIENTED_EDGE ( 'NONE', *, *, #2544, .T. ) ;
#1368 = CARTESIAN_POINT ( 'NONE',  ( -0.5142811879482773740, 0.1213891084297300804, -0.3208444057317977882 ) ) ;
#1369 = FACE_OUTER_BOUND ( 'NONE', #160, .T. ) ;
#1370 = ORIENTED_EDGE ( 'NONE', *, *, #686, .F. ) ;
#1371 = CARTESIAN_POINT ( 'NONE',  ( 4.875954652153162838E-17, 0.1428124999999999811, 0.1443375672974066271 ) ) ;
#1372 = CARTESIAN_POINT ( 'NONE',  ( -0.05371256709547774649, 0.2782698605338027042, -0.03859440409113795711 ) ) ;
#1373 = DIRECTION ( 'NONE',  ( 0.000000000000000000, 0.000000000000000000, 1.000000000000000000 ) ) ;
#1374 = VERTEX_POINT ( 'NONE', #2581 ) ;
#1375 = EDGE_CURVE ( 'NONE', #132, #1274, #1022, .T. ) ;
#1376 = EDGE_CURVE ( 'NONE', #1148, #2770, #546, .T. ) ;
#1377 = CARTESIAN_POINT ( 'NONE',  ( 0.1873853277175702436, 0.3499999999999999778, -0.1976040942777703702 ) ) ;
#1378 = PLANE ( 'NONE',  #2569 ) ;
#1379 = CARTESIAN_POINT ( 'NONE',  ( 0.06014718625761435178, -0.1828125000000001554, -0.2943636592612542402 ) ) ;
#1380 = ORIENTED_EDGE ( 'NONE', *, *, #108, .F. ) ;
#1381 = CARTESIAN_POINT ( 'NONE',  ( 0.06250000000000009714, -0.1228125000000001021, 0.1082531754730549911 ) ) ;
#1382 = CARTESIAN_POINT ( 'NONE',  ( -0.4999999999999998335, 0.1428125000000000089, -0.2713546265191242868 ) ) ;
#1383 = VECTOR ( 'NONE', #2264, 39.37007874015748854 ) ;
#1384 = B_SPLINE_CURVE_WITH_KNOTS ( 'NONE', 3,
 ( #1118, #2629, #231, #2611 ),
 .UNSPECIFIED., .F., .F.,
 ( 4, 4 ),
 ( 0.007245027387058955437, 0.007437013594955890240 ),
 .UNSPECIFIED. ) ;
#1385 = ORIENTED_EDGE ( 'NONE', *, *, #2028, .F. ) ;
#1386 = DIRECTION ( 'NONE',  ( 0.000000000000000000, 1.000000000000000000, 0.000000000000000000 ) ) ;
#1387 = DIRECTION ( 'NONE',  ( -0.8660254037844385966, 0.000000000000000000, -0.5000000000000002220 ) ) ;
#1388 = ORIENTED_EDGE ( 'NONE', *, *, #2250, .F. ) ;
#1389 = ORIENTED_EDGE ( 'NONE', *, *, #733, .T. ) ;
#1390 = DIRECTION ( 'NONE',  ( -0.5000000000000003331, 0.000000000000000000, 0.8660254037844385966 ) ) ;
#1391 = ORIENTED_EDGE ( 'NONE', *, *, #2268, .F. ) ;
#1392 = DIRECTION ( 'NONE',  ( 0.000000000000000000, 0.000000000000000000, 1.000000000000000000 ) ) ;
#1393 = FACE_OUTER_BOUND ( 'NONE', #1297, .T. ) ;
#1394 = EDGE_CURVE ( 'NONE', #1759, #667, #2768, .T. ) ;
#1395 = EDGE_LOOP ( 'NONE', ( #316, #2220, #2144, #1370 ) ) ;
#1396 = CARTESIAN_POINT ( 'NONE',  ( -0.2499999999999995837, 0.6476613620344213729, -0.4734272207354933704 ) ) ;
#1397 = FACE_OUTER_BOUND ( 'NONE', #69, .T. ) ;
#1398 = ORIENTED_EDGE ( 'NONE', *, *, #549, .F. ) ;
#1399 = DIRECTION ( 'NONE',  ( 1.763419674886983721E-16, 0.000000000000000000, -1.000000000000000000 ) ) ;
#1400 = CARTESIAN_POINT ( 'NONE',  ( 0.01059055448223120317, -0.1175974621742901238, -0.3229751939569060482 ) ) ;
#1401 = VECTOR ( 'NONE', #404, 39.37007874015748143 ) ;
#1402 = CARTESIAN_POINT ( 'NONE',  ( 0.1499999999999999389, 0.6576613620344213818, 0.2309401076758504923 ) ) ;
#1403 = ORIENTED_EDGE ( 'NONE', *, *, #2613, .F. ) ;
#1404 = VECTOR ( 'NONE', #1010, 39.37007874015748143 ) ;
#1405 = VECTOR ( 'NONE', #1468, 39.37007874015748143 ) ;
#1406 = LINE ( 'NONE', #2698, #2205 ) ;
#1407 = AXIS2_PLACEMENT_3D ( 'NONE', #1245, #1203, #2548 ) ;
#1408 = EDGE_CURVE ( 'NONE', #225, #2633, #1259, .T. ) ;
#1409 = EDGE_LOOP ( 'NONE', ( #1019, #1879, #1989, #2132 ) ) ;
#1410 = ORIENTED_EDGE ( 'NONE', *, *, #2474, .F. ) ;
#1411 = EDGE_CURVE ( 'NONE', #2419, #1910, #1564, .T. ) ;
#1412 = LINE ( 'NONE', #1836, #2716 ) ;
#1413 = ORIENTED_EDGE ( 'NONE', *, *, #1394, .T. ) ;
#1414 = LINE ( 'NONE', #340, #1525 ) ;
#1415 = DIRECTION ( 'NONE',  ( 0.000000000000000000, 0.000000000000000000, -1.000000000000000000 ) ) ;
#1416 = CARTESIAN_POINT ( 'NONE',  ( 0.1425000000000000155, 1.405383189954596324, 0.2468172400785650922 ) ) ;
#1417 = EDGE_CURVE ( 'NONE', #2718, #531, #237, .T. ) ;
#1418 = AXIS2_PLACEMENT_3D ( 'NONE', #1749, #1738, #1783 ) ;
#1419 = ADVANCED_FACE ( 'NONE', ( #868, #1966 ), #2652, .T. ) ;
#1420 = ORIENTED_EDGE ( 'NONE', *, *, #380, .T. ) ;
#1421 = LINE ( 'NONE', #812, #848 ) ;
#1422 = CARTESIAN_POINT ( 'NONE',  ( -0.2499999999999996114, 0.2528124999999999400, -0.1900000000000004186 ) ) ;
#1423 = CARTESIAN_POINT ( 'NONE',  ( 0.1599999999999998923, 1.405383189954596324, 0.2367136103677467129 ) ) ;
#1424 = CARTESIAN_POINT ( 'NONE',  ( -0.2499999999999997224, 1.405383189954596324, 0.3002221399786054179 ) ) ;
#1425 = CARTESIAN_POINT ( 'NONE',  ( 0.1873853277175702159, 0.3499999999999999778, 5.178260349856877944E-17 ) ) ;
#1426 = VERTEX_POINT ( 'NONE', #1733 ) ;
#1427 = CARTESIAN_POINT ( 'NONE',  ( -0.2499999999999996669, 0.2428124999999999589, -4.433486140803048361E-16 ) ) ;
#1428 = DIRECTION ( 'NONE',  ( 0.000000000000000000, 1.000000000000000000, 0.000000000000000000 ) ) ;
#1429 = CARTESIAN_POINT ( 'NONE',  ( 4.742563636837525120E-17, -0.1328125000000000000, 0.1443375672974066271 ) ) ;
#1430 = ORIENTED_EDGE ( 'NONE', *, *, #786, .T. ) ;
#1431 = LINE ( 'NONE', #2292, #2113 ) ;
#1432 = DIRECTION ( 'NONE',  ( 0.000000000000000000, -1.000000000000000000, 0.000000000000000000 ) ) ;
#1433 = DIRECTION ( 'NONE',  ( -0.8660254037844385966, 0.000000000000000000, 0.4999999999999998335 ) ) ;
#1434 = CARTESIAN_POINT ( 'NONE',  ( 0.05521713841689046554, 0.1852396834691655558, -0.2972100237092139552 ) ) ;
#1435 = ADVANCED_FACE ( 'NONE', ( #697 ), #1365, .T. ) ;
#1436 = PLANE ( 'NONE',  #289 ) ;
#1437 = AXIS2_PLACEMENT_3D ( 'NONE', #1755, #2614, #2572 ) ;
#1438 = ADVANCED_FACE ( 'NONE', ( #1777 ), #2605, .F. ) ;
#1439 = DIRECTION ( 'NONE',  ( 0.5000000000000001110, 0.000000000000000000, 0.8660254037844385966 ) ) ;
#1440 = CONICAL_SURFACE ( 'NONE', #2524, 0.2000000000000000944, 0.08726646259971666819 ) ;
#1441 = CARTESIAN_POINT ( 'NONE',  ( -0.4451620542863005126, 0.3712928809408951314, -0.07853971694629430234 ) ) ;
#1442 = DIRECTION ( 'NONE',  ( -0.000000000000000000, -1.000000000000000000, -0.000000000000000000 ) ) ;
#1443 = CARTESIAN_POINT ( 'NONE',  ( -0.5846132346729462359, -0.1306663848043098097, -0.2802381796226561805 ) ) ;
#1444 = ORIENTED_EDGE ( 'NONE', *, *, #2492, .F. ) ;
#1445 = DIRECTION ( 'NONE',  ( -0.8660254037844385966, 0.000000000000000000, 0.4999999999999998335 ) ) ;
#1446 = CARTESIAN_POINT ( 'NONE',  ( 0.01000000000457419887, -0.1201912814865813833, -0.3233161507435574067 ) ) ;
#1447 = CARTESIAN_POINT ( 'NONE',  ( -0.4749999999999998668, -0.1328125000000000000, -0.2857883832488648523 ) ) ;
#1448 = CARTESIAN_POINT ( 'NONE',  ( -0.06159831787716804619, 0.3051835543231514181, -0.06718864833707494100 ) ) ;
#1449 = VERTEX_POINT ( 'NONE', #2387 ) ;
#1450 = CARTESIAN_POINT ( 'NONE',  ( 3.201384367575308921E-17, -0.1328125000000000000, -0.1501110699893027367 ) ) ;
#1451 = EDGE_CURVE ( 'NONE', #1979, #1873, #1264, .T. ) ;
#1452 = CARTESIAN_POINT ( 'NONE',  ( -0.2499999999999996114, 0.6576613620344213818, -4.585101083551346975E-16 ) ) ;
#1453 = EDGE_CURVE ( 'NONE', #2794, #651, #2390, .T. ) ;
#1454 = EDGE_CURVE ( 'NONE', #660, #1426, #1815, .T. ) ;
#1455 = FACE_OUTER_BOUND ( 'NONE', #1799, .T. ) ;
#1456 = CARTESIAN_POINT ( 'NONE',  ( -0.6599999999999999201, 1.405383189954596324, -0.2367136103677465464 ) ) ;
#1457 = LINE ( 'NONE', #1685, #1040 ) ;
#1458 = ORIENTED_EDGE ( 'NONE', *, *, #2195, .T. ) ;
#1459 = DIRECTION ( 'NONE',  ( 0.000000000000000000, -0.000000000000000000, -1.000000000000000000 ) ) ;
#1460 = CYLINDRICAL_SURFACE ( 'NONE', #1983, 0.009999999999999995004 ) ;
#1461 = CARTESIAN_POINT ( 'NONE',  ( 9.191956073386278626E-18, -0.1328125000000001665, -0.2713546265191240092 ) ) ;
#1462 = CARTESIAN_POINT ( 'NONE',  ( -0.2549999999999997824, 0.1428124999999999811, 0.2915618859407611008 ) ) ;
#1463 = AXIS2_PLACEMENT_3D ( 'NONE', #1147, #2683, #2666 ) ;
#1464 = CARTESIAN_POINT ( 'NONE',  ( 0.005036189736148175347, 0.1415503639115271994, -0.2539087535199920365 ) ) ;
#1465 = FACE_OUTER_BOUND ( 'NONE', #1064, .T. ) ;
#1466 = ORIENTED_EDGE ( 'NONE', *, *, #1138, .F. ) ;
#1467 = DIRECTION ( 'NONE',  ( 1.000000000000000000, 0.000000000000000000, -5.687138850458655231E-17 ) ) ;
#1468 = DIRECTION ( 'NONE',  ( -0.8660254037844383745, 0.000000000000000000, -0.5000000000000002220 ) ) ;
#1469 = DIRECTION ( 'NONE',  ( 0.000000000000000000, 0.000000000000000000, -1.000000000000000000 ) ) ;
#1470 = EDGE_CURVE ( 'NONE', #2043, #32, #2404, .T. ) ;
#1471 = ORIENTED_EDGE ( 'NONE', *, *, #2489, .F. ) ;
#1472 = DIRECTION ( 'NONE',  ( 1.000000000000000000, -0.000000000000000000, -0.000000000000000000 ) ) ;
#1473 = CARTESIAN_POINT ( 'NONE',  ( -0.2499999999999997224, -0.1228124999999995470, 0.3002221399786054179 ) ) ;
#1474 = CARTESIAN_POINT ( 'NONE',  ( -0.2499999999999998335, -0.1328125000000000000, 0.2886751345948130321 ) ) ;
#1475 = CARTESIAN_POINT ( 'NONE',  ( 0.07020320853674724693, -0.1624621052056389459, -0.2885578120914200628 ) ) ;
#1476 = FACE_OUTER_BOUND ( 'NONE', #714, .T. ) ;
#1477 = CIRCLE ( 'NONE', #272, 0.04999999999999999584 ) ;
#1478 = DIRECTION ( 'NONE',  ( -1.000000000000000000, 0.000000000000000000, 5.687138850458655231E-17 ) ) ;
#1479 = ORIENTED_EDGE ( 'NONE', *, *, #2447, .T. ) ;
#1480 = ORIENTED_EDGE ( 'NONE', *, *, #533, .F. ) ;
#1481 = AXIS2_PLACEMENT_3D ( 'NONE', #2722, #113, #1201 ) ;
#1482 = CIRCLE ( 'NONE', #2290, 0.05000000000000000971 ) ;
#1483 = CARTESIAN_POINT ( 'NONE',  ( -0.2499999999999998612, 0.2328124999999999500, -1.372493369525490991E-17 ) ) ;
#1484 = PLANE ( 'NONE',  #287 ) ;
#1485 = VECTOR ( 'NONE', #2542, 39.37007874015748143 ) ;
#1486 = AXIS2_PLACEMENT_3D ( 'NONE', #659, #248, #1945 ) ;
#1487 = AXIS2_PLACEMENT_3D ( 'NONE', #470, #16, #285 ) ;
#1488 = CONICAL_SURFACE ( 'NONE', #678, 0.1000000000000000888, 0.08726646259971666819 ) ;
#1489 = EDGE_CURVE ( 'NONE', #1315, #1737, #1055, .T. ) ;
#1490 = VECTOR ( 'NONE', #150, 39.37007874015748143 ) ;
#1491 = CIRCLE ( 'NONE', #1265, 0.02999999999999998848 ) ;
#1492 = EDGE_CURVE ( 'NONE', #724, #799, #1125, .T. ) ;
#1493 =( BOUNDED_CURVE ( )  B_SPLINE_CURVE ( 3, ( #270, #1379, #88, #2669 ),
 .UNSPECIFIED., .F., .T. ) 
 B_SPLINE_CURVE_WITH_KNOTS ( ( 4, 4 ),
 ( 1.570796326794896780, 3.141592653589793116 ),
 .UNSPECIFIED. ) 
 CURVE ( )  GEOMETRIC_REPRESENTATION_ITEM ( )  RATIONAL_B_SPLINE_CURVE ( ( 1.000000000000000000, 0.8047378541243650485, 0.8047378541243650485, 1.000000000000000000 ) ) 
 REPRESENTATION_ITEM ( '' )  );
#1494 = ORIENTED_EDGE ( 'NONE', *, *, #304, .F. ) ;
#1495 = DIRECTION ( 'NONE',  ( 0.000000000000000000, 0.000000000000000000, -1.000000000000000000 ) ) ;
#1496 = CARTESIAN_POINT ( 'NONE',  ( 0.000000000000000000, 0.1428124999999999811, 0.000000000000000000 ) ) ;
#1497 = CARTESIAN_POINT ( 'NONE',  ( 2.511855426866782415E-17, 0.1428124999999999811, -0.2713546265191238982 ) ) ;
#1498 = CARTESIAN_POINT ( 'NONE',  ( 0.01274592042684126458, 0.1231835476919681260, -0.3217307928485779733 ) ) ;
#1499 = DIRECTION ( 'NONE',  ( 0.8660254037844385966, 0.000000000000000000, -0.5000000000000000000 ) ) ;
#1500 = ORIENTED_EDGE ( 'NONE', *, *, #2584, .F. ) ;
#1501 = ORIENTED_EDGE ( 'NONE', *, *, #108, .T. ) ;
#1502 = CARTESIAN_POINT ( 'NONE',  ( -0.7326146722824296020, 0.3499999999999999778, -4.286263797015734746E-17 ) ) ;
#1503 = EDGE_CURVE ( 'NONE', #311, #942, #906, .T. ) ;
#1504 = DIRECTION ( 'NONE',  ( 0.000000000000000000, -1.000000000000000000, 0.000000000000000000 ) ) ;
#1505 = CARTESIAN_POINT ( 'NONE',  ( -0.5849999999999998535, -0.1228124999999999911, -0.2800148805569685484 ) ) ;
#1506 = UNCERTAINTY_MEASURE_WITH_UNIT (LENGTH_MEASURE( 1.000000000000000082E-05 ), #2282, 'distance_accuracy_value', 'NONE');
#1507 = ORIENTED_EDGE ( 'NONE', *, *, #2119, .T. ) ;
#1508 = CARTESIAN_POINT ( 'NONE',  ( -0.4335603894856441820, 0.3377334517089556898, -0.07940915612377823229 ) ) ;
#1509 = DIRECTION ( 'NONE',  ( 0.000000000000000000, 0.000000000000000000, 1.000000000000000000 ) ) ;
#1510 = DIRECTION ( 'NONE',  ( 0.000000000000000000, 0.000000000000000000, 1.000000000000000000 ) ) ;
#1511 = ORIENTED_EDGE ( 'NONE', *, *, #855, .T. ) ;
#1512 = ORIENTED_EDGE ( 'NONE', *, *, #1640, .F. ) ;
#1513 = VERTEX_POINT ( 'NONE', #2085 ) ;
#1514 = CARTESIAN_POINT ( 'NONE',  ( -0.02327707785179831609, 0.4249108739865397610, -0.03833832094430218024 ) ) ;
#1515 =( BOUNDED_CURVE ( )  B_SPLINE_CURVE ( 3, ( #356, #2062, #1633, #569 ),
 .UNSPECIFIED., .F., .T. ) 
 B_SPLINE_CURVE_WITH_KNOTS ( ( 4, 4 ),
 ( 1.570796326794896558, 3.141592653589793116 ),
 .UNSPECIFIED. ) 
 CURVE ( )  GEOMETRIC_REPRESENTATION_ITEM ( )  RATIONAL_B_SPLINE_CURVE ( ( 1.000000000000000000, 0.8047378541243649375, 0.8047378541243649375, 1.000000000000000000 ) ) 
 REPRESENTATION_ITEM ( '' )  );
#1516 = CARTESIAN_POINT ( 'NONE',  ( -0.2499999999999998612, -0.1328125000000000000, -1.372493369525490991E-17 ) ) ;
#1517 = EDGE_LOOP ( 'NONE', ( #578, #657, #1558, #1862, #971, #1808 ) ) ;
#1518 = DIRECTION ( 'NONE',  ( 0.000000000000000000, 1.000000000000000000, 0.000000000000000000 ) ) ;
#1519 = ORIENTED_EDGE ( 'NONE', *, *, #1417, .T. ) ;
#1520 = CARTESIAN_POINT ( 'NONE',  ( -0.4999999999999998335, 0.1928124999999999978, -0.2713546265191242313 ) ) ;
#1521 = CARTESIAN_POINT ( 'NONE',  ( 0.01000000000000002796, 0.1386703643762690341, -0.2367136103677462966 ) ) ;
#1522 = ORIENTED_EDGE ( 'NONE', *, *, #1283, .T. ) ;
#1523 = ORIENTED_EDGE ( 'NONE', *, *, #1171, .T. ) ;
#1524 = EDGE_CURVE ( 'NONE', #2397, #799, #2696, .T. ) ;
#1525 = VECTOR ( 'NONE', #1802, 39.37007874015748143 ) ;
#1526 = LINE ( 'NONE', #1734, #2480 ) ;
#1527 = ADVANCED_FACE ( 'NONE', ( #2795 ), #392, .T. ) ;
#1528 = VECTOR ( 'NONE', #2142, 39.37007874015747433 ) ;
#1529 = VECTOR ( 'NONE', #1144, 39.37007874015747433 ) ;
#1530 = ORIENTED_EDGE ( 'NONE', *, *, #544, .T. ) ;
#1531 = CARTESIAN_POINT ( 'NONE',  ( -0.4414267660390494563, 0.2934681143181310792, 0.05805053700287393648 ) ) ;
#1532 = AXIS2_PLACEMENT_3D ( 'NONE', #2266, #961, #1821 ) ;
#1533 = DIRECTION ( 'NONE',  ( 0.000000000000000000, 0.000000000000000000, -1.000000000000000000 ) ) ;
#1534 = CARTESIAN_POINT ( 'NONE',  ( -0.06663135923118140846, 0.3428124999999999645, 0.07984949331458522648 ) ) ;
#1535 = CARTESIAN_POINT ( 'NONE',  ( -0.5552171384168894663, -0.1752396834691617999, -0.2972100237092146768 ) ) ;
#1536 = VERTEX_POINT ( 'NONE', #2527 ) ;
#1537 = EDGE_LOOP ( 'NONE', ( #2459, #1727, #2308, #916 ) ) ;
#1538 = CARTESIAN_POINT ( 'NONE',  ( -0.01885008070124786356, 0.4313511762440397357, 0.02302738672678017809 ) ) ;
#1539 = EDGE_CURVE ( 'NONE', #1998, #660, #105, .T. ) ;
#1540 = CARTESIAN_POINT ( 'NONE',  ( -0.2499999999999999167, 0.1928125000000003031, -0.4734272207354931483 ) ) ;
#1541 = EDGE_CURVE ( 'NONE', #1249, #225, #2024, .T. ) ;
#1542 = CARTESIAN_POINT ( 'NONE',  ( -0.2624999999999999556, 0.6576613620344213818, 0.4546633369868302577 ) ) ;
#1543 = VERTEX_POINT ( 'NONE', #2684 ) ;
#1544 = LINE ( 'NONE', #154, #1177 ) ;
#1545 = ORIENTED_EDGE ( 'NONE', *, *, #274, .T. ) ;
#1546 = CARTESIAN_POINT ( 'NONE',  ( -0.2499999999999998612, -0.2028125000000001732, 0.1622640653041068082 ) ) ;
#1547 = DIRECTION ( 'NONE',  ( -0.8660254037844383745, 0.000000000000000000, -0.5000000000000002220 ) ) ;
#1548 = ORIENTED_EDGE ( 'NONE', *, *, #1331, .T. ) ;
#1549 = EDGE_LOOP ( 'NONE', ( #1198, #456, #244, #447, #2693, #230 ) ) ;
#1550 = VERTEX_POINT ( 'NONE', #2473 ) ;
#1551 = VECTOR ( 'NONE', #263, 39.37007874015748854 ) ;
#1552 = DIRECTION ( 'NONE',  ( 0.000000000000000000, -1.000000000000000000, 0.000000000000000000 ) ) ;
#1553 = CARTESIAN_POINT ( 'NONE',  ( -0.5599999999999998312, 0.1328125000000000000, -0.2367136103677467129 ) ) ;
#1554 = ADVANCED_FACE ( 'NONE', ( #1393 ), #742, .F. ) ;
#1555 = ORIENTED_EDGE ( 'NONE', *, *, #2708, .T. ) ;
#1556 = CARTESIAN_POINT ( 'NONE',  ( -0.5249999999999998002, 0.1928124999999999978, -0.3146558967083462055 ) ) ;
#1557 = DIRECTION ( 'NONE',  ( 0.000000000000000000, 0.000000000000000000, 1.000000000000000000 ) ) ;
#1558 = ORIENTED_EDGE ( 'NONE', *, *, #1408, .T. ) ;
#1559 = CARTESIAN_POINT ( 'NONE',  ( -0.2499999999999998612, -0.2028125000000001732, -1.372493369525490991E-17 ) ) ;
#1560 = CARTESIAN_POINT ( 'NONE',  ( -0.5249999999999999112, -0.1828125000000000999, -0.3146558967083461500 ) ) ;
#1561 = ORIENTED_EDGE ( 'NONE', *, *, #1776, .T. ) ;
#1562 = VERTEX_POINT ( 'NONE', #1053 ) ;
#1563 = CARTESIAN_POINT ( 'NONE',  ( -0.6599999999999999201, 0.3499999999999999778, -0.1000000000000001443 ) ) ;
#1564 = LINE ( 'NONE', #238, #1529 ) ;
#1565 = CARTESIAN_POINT ( 'NONE',  ( 0.1099999999999998340, -0.2328125000000000056, 2.380275674972450892E-17 ) ) ;
#1566 = AXIS2_PLACEMENT_3D ( 'NONE', #1863, #2127, #1459 ) ;
#1567 = ORIENTED_EDGE ( 'NONE', *, *, #2676, .F. ) ;
#1568 = CIRCLE ( 'NONE', #1618, 0.1637611984268849685 ) ;
#1569 = EDGE_CURVE ( 'NONE', #1661, #2418, #1662, .T. ) ;
#1570 = CIRCLE ( 'NONE', #143, 0.1999999999999999833 ) ;
#1571 = DIRECTION ( 'NONE',  ( 0.000000000000000000, -1.000000000000000000, -0.000000000000000000 ) ) ;
#1572 = ADVANCED_FACE ( 'NONE', ( #1228 ), #684, .T. ) ;
#1573 = TOROIDAL_SURFACE ( 'NONE', #1717, 0.2274899352205227432, 0.02999999999999999889 ) ;
#1574 = ORIENTED_EDGE ( 'NONE', *, *, #2191, .T. ) ;
#1575 = CARTESIAN_POINT ( 'NONE',  ( -0.7599999999999998979, 0.3499999999999999778, -4.286263797015734746E-17 ) ) ;
#1576 = AXIS2_PLACEMENT_3D ( 'NONE', #2053, #2274, #2247 ) ;
#1577 = DIRECTION ( 'NONE',  ( -3.414809992080326065E-16, 0.000000000000000000, 1.000000000000000000 ) ) ;
#1578 = ORIENTED_EDGE ( 'NONE', *, *, #571, .F. ) ;
#1579 = VERTEX_POINT ( 'NONE', #2356 ) ;
#1580 = ORIENTED_EDGE ( 'NONE', *, *, #549, .T. ) ;
#1581 = DIRECTION ( 'NONE',  ( 0.000000000000000000, 0.000000000000000000, 1.000000000000000000 ) ) ;
#1582 = DIRECTION ( 'NONE',  ( -1.000000000000000000, -0.000000000000000000, -2.163886977247685745E-16 ) ) ;
#1583 = ORIENTED_EDGE ( 'NONE', *, *, #2327, .T. ) ;
#1584 = CARTESIAN_POINT ( 'NONE',  ( -0.5770698957994597755, 0.1628815406615090611, -0.2845933283518521928 ) ) ;
#1585 = ORIENTED_EDGE ( 'NONE', *, *, #434, .T. ) ;
#1586 = DIRECTION ( 'NONE',  ( -1.707404996040163772E-16, 0.000000000000000000, 1.000000000000000000 ) ) ;
#1587 = SURFACE_STYLE_USAGE ( .BOTH. , #748 ) ;
#1588 = ORIENTED_EDGE ( 'NONE', *, *, #978, .F. ) ;
#1589 = EDGE_CURVE ( 'NONE', #2633, #1095, #180, .T. ) ;
#1590 = VERTEX_POINT ( 'NONE', #2100 ) ;
#1591 = DIRECTION ( 'NONE',  ( -2.731847993664263613E-15, 0.000000000000000000, 1.000000000000000000 ) ) ;
#1592 = ORIENTED_EDGE ( 'NONE', *, *, #2232, .T. ) ;
#1593 =( BOUNDED_CURVE ( )  B_SPLINE_CURVE ( 3, ( #1126, #1810, #2653, #1540 ),
 .UNSPECIFIED., .F., .T. ) 
 B_SPLINE_CURVE_WITH_KNOTS ( ( 4, 4 ),
 ( 4.712388980384689674, 6.283185307179586232 ),
 .UNSPECIFIED. ) 
 CURVE ( )  GEOMETRIC_REPRESENTATION_ITEM ( )  RATIONAL_B_SPLINE_CURVE ( ( 1.000000000000000000, 0.8047378541243649375, 0.8047378541243649375, 1.000000000000000000 ) ) 
 REPRESENTATION_ITEM ( '' )  );
#1594 = CARTESIAN_POINT ( 'NONE',  ( -0.2499999999999999167, 0.1928125000000003031, -0.4734272207354931483 ) ) ;
#1595 = CARTESIAN_POINT ( 'NONE',  ( -0.5618728035400839538, 0.1807925102022972796, -0.2933673736587024128 ) ) ;
#1596 = ORIENTED_EDGE ( 'NONE', *, *, #1700, .T. ) ;
#1597 = CARTESIAN_POINT ( 'NONE',  ( -0.3499999999999997002, 0.2428124999999999034, -0.1732050807568882300 ) ) ;
#1598 =( NAMED_UNIT ( * ) PLANE_ANGLE_UNIT ( ) SI_UNIT ( $, .RADIAN. ) );
#1599 = DIRECTION ( 'NONE',  ( 0.8660254037844385966, 0.000000000000000000, -0.4999999999999998335 ) ) ;
#1600 = ORIENTED_EDGE ( 'NONE', *, *, #493, .T. ) ;
#1601 = ADVANCED_FACE ( 'NONE', ( #1895 ), #1003, .F. ) ;
#1602 = FACE_OUTER_BOUND ( 'NONE', #1161, .T. ) ;
#1603 = DIRECTION ( 'NONE',  ( 0.000000000000000000, 0.000000000000000000, 1.000000000000000000 ) ) ;
#1604 = ADVANCED_FACE ( 'NONE', ( #1034, #592 ), #1436, .T. ) ;
#1605 = EDGE_CURVE ( 'NONE', #19, #1513, #1899, .T. ) ;
#1606 = EDGE_LOOP ( 'NONE', ( #1583, #1124, #2635, #635 ) ) ;
#1607 = DIRECTION ( 'NONE',  ( 0.8660254037844385966, 0.000000000000000000, -0.4999999999999998335 ) ) ;
#1608 = CARTESIAN_POINT ( 'NONE',  ( -0.5094892610287611312, 0.1360346566249934497, -0.2384828620629282914 ) ) ;
#1609 = VECTOR ( 'NONE', #1334, 39.37007874015748143 ) ;
#1610 = CIRCLE ( 'NONE', #763, 0.009999999999999995004 ) ;
#1611 = VERTEX_POINT ( 'NONE', #2118 ) ;
#1612 = CARTESIAN_POINT ( 'NONE',  ( 6.452020802343870497E-17, -0.1828125000000000999, -0.2713546265191238982 ) ) ;
#1613 =( LENGTH_UNIT ( ) NAMED_UNIT ( * ) SI_UNIT ( $, .METRE. ) );
#1614 = ORIENTED_EDGE ( 'NONE', *, *, #1213, .T. ) ;
#1615 = B_SPLINE_CURVE_WITH_KNOTS ( 'NONE', 3,
 ( #2719, #774, #2242, #2034 ),
 .UNSPECIFIED., .F., .F.,
 ( 4, 4 ),
 ( 0.007245027387058961509, 0.007437013594955897179 ),
 .UNSPECIFIED. ) ;
#1616 = CIRCLE ( 'NONE', #286, 0.3122007632473540739 ) ;
#1617 = VECTOR ( 'NONE', #1242, 39.37007874015748143 ) ;
#1618 = AXIS2_PLACEMENT_3D ( 'NONE', #1676, #2759, #2351 ) ;
#1619 = DIRECTION ( 'NONE',  ( -0.1710100716628348838, 0.9396926207859079838, -0.2961981327260248542 ) ) ;
#1620 = DIRECTION ( 'NONE',  ( 0.000000000000000000, 0.000000000000000000, -1.000000000000000000 ) ) ;
#1621 = CARTESIAN_POINT ( 'NONE',  ( -0.2499999999999996669, 0.2528124999999999400, -4.433486140803048361E-16 ) ) ;
#1622 = TOROIDAL_SURFACE ( 'NONE', #1407, 0.1637611984268849685, 0.02999999999999999889 ) ;
#1623 = EDGE_CURVE ( 'NONE', #1294, #2010, #2580, .T. ) ;
#1624 = DIRECTION ( 'NONE',  ( 0.000000000000000000, 0.000000000000000000, 1.000000000000000000 ) ) ;
#1625 = EDGE_LOOP ( 'NONE', ( #424, #52 ) ) ;
#1626 = ORIENTED_EDGE ( 'NONE', *, *, #38, .F. ) ;
#1627 = CARTESIAN_POINT ( 'NONE',  ( 0.1873853277175701881, 0.3499999999999999778, 0.1976040942777704534 ) ) ;
#1628 = CYLINDRICAL_SURFACE ( 'NONE', #2476, 0.05000000000000000278 ) ;
#1629 =( NAMED_UNIT ( * ) SI_UNIT ( $, .STERADIAN. ) SOLID_ANGLE_UNIT ( ) );
#1630 = ORIENTED_EDGE ( 'NONE', *, *, #963, .F. ) ;
#1631 = ORIENTED_EDGE ( 'NONE', *, *, #685, .T. ) ;
#1632 = CYLINDRICAL_SURFACE ( 'NONE', #1771, 0.04999999999999999584 ) ;
#1633 = CARTESIAN_POINT ( 'NONE',  ( -0.5849999999999998535, 0.1679596862576142879, -0.2800148805569685484 ) ) ;
#1634 = AXIS2_PLACEMENT_3D ( 'NONE', #33, #889, #47 ) ;
#1635 = CARTESIAN_POINT ( 'NONE',  ( -0.2499999999999998612, -0.1428124999999999811, -1.372493369525490991E-17 ) ) ;
#1636 = AXIS2_PLACEMENT_3D ( 'NONE', #86, #1778, #2406 ) ;
#1637 = ORIENTED_EDGE ( 'NONE', *, *, #1331, .F. ) ;
#1638 = DIRECTION ( 'NONE',  ( 0.000000000000000000, 0.000000000000000000, 1.000000000000000000 ) ) ;
#1639 = PRODUCT_DEFINITION_SHAPE ( 'NONE', 'NONE',  #1364 ) ;
#1640 = EDGE_CURVE ( 'NONE', #942, #1806, #460, .T. ) ;
#1641 = DIRECTION ( 'NONE',  ( 0.000000000000000000, 0.000000000000000000, -1.000000000000000000 ) ) ;
#1642 = CARTESIAN_POINT ( 'NONE',  ( 0.08308099897544062029, 0.1483694538376267025, -0.2811228163150728543 ) ) ;
#1643 = CARTESIAN_POINT ( 'NONE',  ( -0.4999999999999998335, -0.1228125000000001021, 0.000000000000000000 ) ) ;
#1644 = CARTESIAN_POINT ( 'NONE',  ( -0.6599999999999999201, 0.3499999999999999778, -4.286263797015734746E-17 ) ) ;
#1645 = DIRECTION ( 'NONE',  ( 0.000000000000000000, 0.000000000000000000, 1.000000000000000000 ) ) ;
#1646 = LINE ( 'NONE', #2746, #565 ) ;
#1647 = LINE ( 'NONE', #213, #808 ) ;
#1648 = LINE ( 'NONE', #594, #1404 ) ;
#1649 = VERTEX_POINT ( 'NONE', #820 ) ;
#1650 = DIRECTION ( 'NONE',  ( 0.5000000000000000000, 0.000000000000000000, 0.8660254037844385966 ) ) ;
#1651 = DIRECTION ( 'NONE',  ( 0.000000000000000000, 0.000000000000000000, -1.000000000000000000 ) ) ;
#1652 = ADVANCED_FACE ( 'NONE', ( #1276 ), #1767, .T. ) ;
#1653 = DIRECTION ( 'NONE',  ( 0.000000000000000000, 1.000000000000000000, 0.000000000000000000 ) ) ;
#1654 = CARTESIAN_POINT ( 'NONE',  ( 0.01059055448223023520, 0.1275974621742928250, -0.3229751939569054375 ) ) ;
#1655 = EDGE_CURVE ( 'NONE', #2429, #2382, #772, .T. ) ;
#1656 = ADVANCED_FACE ( 'NONE', ( #835 ), #1065, .T. ) ;
#1657 = DIRECTION ( 'NONE',  ( -1.728106902117199780E-16, 0.000000000000000000, 1.000000000000000000 ) ) ;
#1658 = AXIS2_PLACEMENT_3D ( 'NONE', #2204, #1982, #2003 ) ;
#1659 = ORIENTED_EDGE ( 'NONE', *, *, #1957, .T. ) ;
#1660 = DIRECTION ( 'NONE',  ( 0.000000000000000000, 0.000000000000000000, -1.000000000000000000 ) ) ;
#1661 = VERTEX_POINT ( 'NONE', #638 ) ;
#1662 = LINE ( 'NONE', #2796, #60 ) ;
#1663 = AXIS2_PLACEMENT_3D ( 'NONE', #1279, #2587, #1942 ) ;
#1664 = VECTOR ( 'NONE', #2012, 39.37007874015748143 ) ;
#1665 = EDGE_CURVE ( 'NONE', #651, #1950, #2391, .T. ) ;
#1666 = AXIS2_PLACEMENT_3D ( 'NONE', #637, #2742, #1660 ) ;
#1667 = CARTESIAN_POINT ( 'NONE',  ( -0.4829525352519652426, 0.4339304209245011257, -0.01143912869724130442 ) ) ;
#1668 = CARTESIAN_POINT ( 'NONE',  ( -0.1499999999999996614, 0.2528124999999999400, 0.1732050807568872586 ) ) ;
#1669 = ORIENTED_EDGE ( 'NONE', *, *, #2545, .F. ) ;
#1670 = PRODUCT_DEFINITION_CONTEXT ( 'detailed design', #2177, 'design' ) ;
#1671 = ORIENTED_EDGE ( 'NONE', *, *, #241, .F. ) ;
#1672 = CARTESIAN_POINT ( 'NONE',  ( 0.1599999999999999201, 0.3499999999999999778, 0.2274899352205227987 ) ) ;
#1673 = LINE ( 'NONE', #1089, #545 ) ;
#1674 = DIRECTION ( 'NONE',  ( 0.000000000000000000, -1.000000000000000000, 0.000000000000000000 ) ) ;
#1675 = CARTESIAN_POINT ( 'NONE',  ( 0.02499999999999999445, -0.1328125000000001943, -0.3146558967083458169 ) ) ;
#1676 = CARTESIAN_POINT ( 'NONE',  ( -0.7599999999999998979, 0.3499999999999999778, -4.286263797015734746E-17 ) ) ;
#1677 = CARTESIAN_POINT ( 'NONE',  ( 0.01000000000000004878, 0.1334670058598325659, -0.2367136103679098325 ) ) ;
#1678 = EDGE_CURVE ( 'NONE', #1701, #1729, #668, .T. ) ;
#1679 = CARTESIAN_POINT ( 'NONE',  ( -0.06643961051435522125, 0.3377334517089555233, -0.07940915612377821842 ) ) ;
#1680 = EDGE_CURVE ( 'NONE', #187, #1970, #185, .T. ) ;
#1681 = EDGE_LOOP ( 'NONE', ( #2681, #118, #280, #301 ) ) ;
#1682 = CARTESIAN_POINT ( 'NONE',  ( 0.06000000000000003247, 0.1328125000000000000, -0.2367136103677463244 ) ) ;
#1683 = DIRECTION ( 'NONE',  ( 0.000000000000000000, 0.000000000000000000, 1.000000000000000000 ) ) ;
#1684 = CARTESIAN_POINT ( 'NONE',  ( 0.1424999999999999878, -0.1828125000000000167, -0.2468172400785648146 ) ) ;
#1685 = CARTESIAN_POINT ( 'NONE',  ( -0.1499999999999996614, 0.3428124999999999645, 0.1732050807568872586 ) ) ;
#1686 = ORIENTED_EDGE ( 'NONE', *, *, #2762, .T. ) ;
#1687 = PLANE ( 'NONE',  #1566 ) ;
#1688 = CARTESIAN_POINT ( 'NONE',  ( -0.2499999999999998612, -0.2328125000000000056, 0.1622640653041068082 ) ) ;
#1689 = PLANE ( 'NONE',  #1797 ) ;
#1690 = AXIS2_PLACEMENT_3D ( 'NONE', #199, #2122, #849 ) ;
#1691 = CARTESIAN_POINT ( 'NONE',  ( -0.2499999999999999167, -0.1828124999999994615, -0.4734272207354931483 ) ) ;
#1692 = AXIS2_PLACEMENT_3D ( 'NONE', #1553, #940, #2636 ) ;
#1693 = CARTESIAN_POINT ( 'NONE',  ( 0.009935539112157824870, 0.1341214808007183401, -0.2369369094334336512 ) ) ;
#1694 = APPLICATION_CONTEXT ( 'automotive_design' ) ;
#1695 = CARTESIAN_POINT ( 'NONE',  ( -0.6599999999999999201, 0.3499999999999999778, -4.286263797015734746E-17 ) ) ;
#1696 = EDGE_CURVE ( 'NONE', #2369, #1287, #2345, .T. ) ;
#1697 = ORIENTED_EDGE ( 'NONE', *, *, #887, .F. ) ;
#1698 = ADVANCED_FACE ( 'NONE', ( #93 ), #943, .F. ) ;
#1699 = CARTESIAN_POINT ( 'NONE',  ( -0.4476725185003215257, 0.3763446596767354713, -0.07722123267521381618 ) ) ;
#1700 = EDGE_CURVE ( 'NONE', #1513, #19, #2763, .T. ) ;
#1701 = VERTEX_POINT ( 'NONE', #1594 ) ;
#1702 = CARTESIAN_POINT ( 'NONE',  ( -0.2499999999999998335, -0.1328125000000000000, 0.2886751345948130321 ) ) ;
#1703 = CARTESIAN_POINT ( 'NONE',  ( 0.07270645767684810745, -0.1594118873008432136, -0.2871125605265341107 ) ) ;
#1704 = FACE_OUTER_BOUND ( 'NONE', #319, .T. ) ;
#1705 = CARTESIAN_POINT ( 'NONE',  ( 0.07020320853674531791, 0.1724621052056407866, -0.2885578120914211731 ) ) ;
#1706 = VECTOR ( 'NONE', #158, 39.37007874015748143 ) ;
#1707 = FACE_OUTER_BOUND ( 'NONE', #354, .T. ) ;
#1708 = DIRECTION ( 'NONE',  ( -0.000000000000000000, -1.000000000000000000, -0.000000000000000000 ) ) ;
#1709 = ORIENTED_EDGE ( 'NONE', *, *, #836, .F. ) ;
#1710 = ORIENTED_EDGE ( 'NONE', *, *, #2249, .F. ) ;
#1711 = CARTESIAN_POINT ( 'NONE',  ( 0.01000000000000002796, -0.1286703643762691363, -0.2367136103677463244 ) ) ;
#1712 = AXIS2_PLACEMENT_3D ( 'NONE', #2396, #1571, #1736 ) ;
#1713 = DIRECTION ( 'NONE',  ( -0.000000000000000000, 1.000000000000000000, -0.000000000000000000 ) ) ;
#1714 = VECTOR ( 'NONE', #1387, 39.37007874015747433 ) ;
#1715 = CARTESIAN_POINT ( 'NONE',  ( -0.4999999999999998335, -0.1328125000000000000, 0.1501110699893025702 ) ) ;
#1716 = CARTESIAN_POINT ( 'NONE',  ( 0.2326146722824295188, 0.3499999999999999778, 6.156972246790356287E-17 ) ) ;
#1717 = AXIS2_PLACEMENT_3D ( 'NONE', #219, #2115, #2590 ) ;
#1718 = CIRCLE ( 'NONE', #193, 0.03000000000000000583 ) ;
#1719 = AXIS2_PLACEMENT_3D ( 'NONE', #1890, #1072, #1272 ) ;
#1720 = EDGE_CURVE ( 'NONE', #888, #132, #2464, .T. ) ;
#1721 = ORIENTED_EDGE ( 'NONE', *, *, #2654, .T. ) ;
#1722 = CARTESIAN_POINT ( 'NONE',  ( 0.1599999999999999201, 0.6476613620344213729, 0.2367136103677459913 ) ) ;
#1723 = CARTESIAN_POINT ( 'NONE',  ( 0.1600000000000000033, 0.6476613620344215949, -0.2367136103677463521 ) ) ;
#1724 = DIRECTION ( 'NONE',  ( 0.000000000000000000, 0.000000000000000000, -1.000000000000000000 ) ) ;
#1725 = DIRECTION ( 'NONE',  ( 0.000000000000000000, -1.000000000000000000, 0.000000000000000000 ) ) ;
#1726 = CYLINDRICAL_SURFACE ( 'NONE', #1762, 0.01000000000000000021 ) ;
#1727 = ORIENTED_EDGE ( 'NONE', *, *, #446, .T. ) ;
#1728 = DIRECTION ( 'NONE',  ( 0.000000000000000000, 0.000000000000000000, -1.000000000000000000 ) ) ;
#1729 = VERTEX_POINT ( 'NONE', #2042 ) ;
#1730 = ORIENTED_EDGE ( 'NONE', *, *, #1665, .T. ) ;
#1731 = CARTESIAN_POINT ( 'NONE',  ( -0.02007488559440099782, 0.4295917262925962876, -0.02817353706191951315 ) ) ;
#1732 = CARTESIAN_POINT ( 'NONE',  ( -0.02948421728190539146, 0.4155714492613851174, -0.05185640054565868878 ) ) ;
#1733 = CARTESIAN_POINT ( 'NONE',  ( -0.2499999999999998612, 0.1428124999999999811, 0.1722640653041067893 ) ) ;
#1734 = CARTESIAN_POINT ( 'NONE',  ( 0.01000000000000001582, 0.1328125000000000000, 0.1501110699893029032 ) ) ;
#1735 = DIRECTION ( 'NONE',  ( -1.000000000000000000, -0.000000000000000000, -0.000000000000000000 ) ) ;
#1736 = DIRECTION ( 'NONE',  ( 0.000000000000000000, 0.000000000000000000, -1.000000000000000000 ) ) ;
#1737 = VERTEX_POINT ( 'NONE', #972 ) ;
#1738 = DIRECTION ( 'NONE',  ( -1.000000000000000000, 0.000000000000000000, 0.000000000000000000 ) ) ;
#1739 = EDGE_CURVE ( 'NONE', #1837, #221, #2262, .T. ) ;
#1740 = CARTESIAN_POINT ( 'NONE',  ( -0.5249999999999999112, -0.1828125000000000999, -0.3146558967083461500 ) ) ;
#1741 = ORIENTED_EDGE ( 'NONE', *, *, #1116, .T. ) ;
#1742 = VECTOR ( 'NONE', #1599, 39.37007874015748854 ) ;
#1743 = CARTESIAN_POINT ( 'NONE',  ( -0.04999999999999950318, 0.6576613620344213818, 0.3464101615137752943 ) ) ;
#1744 = DIRECTION ( 'NONE',  ( 2.163886977247685745E-16, 0.000000000000000000, -1.000000000000000000 ) ) ;
#1745 = CARTESIAN_POINT ( 'NONE',  ( -0.7326146722824298241, 0.3499999999999999778, 0.1936470393696373415 ) ) ;
#1746 = CARTESIAN_POINT ( 'NONE',  ( -0.4485051593281049187, 0.2722248735008693243, -0.02485012809516162421 ) ) ;
#1747 = CARTESIAN_POINT ( 'NONE',  ( -0.6599999999999999201, -0.1828124999999994615, 0.2367136103677464354 ) ) ;
#1748 = ORIENTED_EDGE ( 'NONE', *, *, #1454, .T. ) ;
#1749 = CARTESIAN_POINT ( 'NONE',  ( -0.7599999999999998979, 0.3499999999999999778, -4.286263797015734746E-17 ) ) ;
#1750 = ADVANCED_FACE ( 'NONE', ( #1232 ), #1622, .T. ) ;
#1751 = ADVANCED_FACE ( 'NONE', ( #2502 ), #1023, .F. ) ;
#1752 = CARTESIAN_POINT ( 'NONE',  ( -0.05287171573944988989, 0.2759418291382009780, -0.03409203265741541505 ) ) ;
#1753 = CARTESIAN_POINT ( 'NONE',  ( -0.5407048734669207546, -0.1812508604321928785, -0.3055886837846303328 ) ) ;
#1754 = ORIENTED_EDGE ( 'NONE', *, *, #887, .T. ) ;
#1755 = CARTESIAN_POINT ( 'NONE',  ( 1.764865741099210210E-17, 0.1928124999999999978, -0.2713546265191238982 ) ) ;
#1756 = ORIENTED_EDGE ( 'NONE', *, *, #2046, .T. ) ;
#1757 = EDGE_LOOP ( 'NONE', ( #2099, #595, #564, #737 ) ) ;
#1758 = EDGE_CURVE ( 'NONE', #1910, #307, #1860, .T. ) ;
#1759 = VERTEX_POINT ( 'NONE', #2313 ) ;
#1760 = CARTESIAN_POINT ( 'NONE',  ( -0.2499999999999998612, 0.1528124999999999900, 0.1722640653041067893 ) ) ;
#1761 = FACE_OUTER_BOUND ( 'NONE', #179, .T. ) ;
#1762 = AXIS2_PLACEMENT_3D ( 'NONE', #2366, #2571, #1478 ) ;
#1763 = AXIS2_PLACEMENT_3D ( 'NONE', #2165, #440, #1291 ) ;
#1764 = AXIS2_PLACEMENT_3D ( 'NONE', #2461, #529, #1467 ) ;
#1765 = ORIENTED_EDGE ( 'NONE', *, *, #1068, .F. ) ;
#1766 = CARTESIAN_POINT ( 'NONE',  ( -0.4499990875399154655, 0.2683749348421569092, -0.005063030705927278920 ) ) ;
#1767 = TOROIDAL_SURFACE ( 'NONE', #2035, 0.1362388015731152147, 0.02999999999999999889 ) ;
#1768 = DIRECTION ( 'NONE',  ( 1.000000000000000000, -0.000000000000000000, 1.224646799147353207E-16 ) ) ;
#1769 = ORIENTED_EDGE ( 'NONE', *, *, #2799, .F. ) ;
#1770 = DIRECTION ( 'NONE',  ( 1.000000000000000000, -0.000000000000000000, -0.000000000000000000 ) ) ;
#1771 = AXIS2_PLACEMENT_3D ( 'NONE', #821, #790, #1439 ) ;
#1772 = CARTESIAN_POINT ( 'NONE',  ( 0.1499999999999999389, 0.6576613620344213818, 0.2165063509461093161 ) ) ;
#1773 = EDGE_LOOP ( 'NONE', ( #1234, #534, #1494, #293, #2033, #2277, #12, #2466, #738 ) ) ;
#1774 = VERTEX_POINT ( 'NONE', #1901 ) ;
#1775 = ORIENTED_EDGE ( 'NONE', *, *, #2045, .T. ) ;
#1776 = EDGE_CURVE ( 'NONE', #291, #2493, #1491, .T. ) ;
#1777 = FACE_OUTER_BOUND ( 'NONE', #378, .T. ) ;
#1778 = DIRECTION ( 'NONE',  ( 1.000000000000000000, 0.000000000000000000, -1.224646799147353207E-16 ) ) ;
#1779 = CARTESIAN_POINT ( 'NONE',  ( -0.2499999999999996669, 0.2528124999999999400, -4.433486140803048361E-16 ) ) ;
#1780 = CARTESIAN_POINT ( 'NONE',  ( -0.5013092328968443701, 0.1428125000000000089, -0.2668193107265972586 ) ) ;
#1781 = CARTESIAN_POINT ( 'NONE',  ( 0.2599999999999998979, 0.3499999999999999778, 6.749559786947459495E-17 ) ) ;
#1782 = ORIENTED_EDGE ( 'NONE', *, *, #871, .T. ) ;
#1783 = DIRECTION ( 'NONE',  ( 0.000000000000000000, 0.000000000000000000, 1.000000000000000000 ) ) ;
#1784 = CARTESIAN_POINT ( 'NONE',  ( -0.04999818489361051305, 0.2683680132409254626, 0.01001754166759507951 ) ) ;
#1785 = CARTESIAN_POINT ( 'NONE',  ( 2.511855426866782415E-17, 0.1428124999999999811, -0.2713546265191238982 ) ) ;
#1786 = VERTEX_POINT ( 'NONE', #2325 ) ;
#1787 = CARTESIAN_POINT ( 'NONE',  ( -0.5099999999999998979, -0.1228125000000001021, -0.1501110699893026534 ) ) ;
#1788 = ORIENTED_EDGE ( 'NONE', *, *, #662, .F. ) ;
#1789 = ORIENTED_EDGE ( 'NONE', *, *, #645, .F. ) ;
#1790 = CARTESIAN_POINT ( 'NONE',  ( -0.04461889961408109506, 0.3909954251736055819, 0.07188503250936652267 ) ) ;
#1791 = LINE ( 'NONE', #1563, #2342 ) ;
#1792 = CIRCLE ( 'NONE', #2137, 0.3122007632473540739 ) ;
#1793 = DIRECTION ( 'NONE',  ( 1.501081790176827857E-16, 0.000000000000000000, -1.000000000000000000 ) ) ;
#1794 = CARTESIAN_POINT ( 'NONE',  ( -0.6599999999999999201, -0.1828125000000000167, 0.000000000000000000 ) ) ;
#1795 = PLANE ( 'NONE',  #1849 ) ;
#1796 = EDGE_CURVE ( 'NONE', #469, #1920, #2784, .T. ) ;
#1797 = AXIS2_PLACEMENT_3D ( 'NONE', #1496, #2350, #430 ) ;
#1798 = DIRECTION ( 'NONE',  ( 0.000000000000000000, -1.000000000000000000, 0.000000000000000000 ) ) ;
#1799 = EDGE_LOOP ( 'NONE', ( #2655, #2701, #1380, #1580 ) ) ;
#1800 = CARTESIAN_POINT ( 'NONE',  ( -0.5058578643762693394, -0.1328125000000001110, 0.1477196068719217603 ) ) ;
#1801 = CARTESIAN_POINT ( 'NONE',  ( -0.5127459204268307591, 0.1231835476919690281, -0.3217307928485883539 ) ) ;
#1802 = DIRECTION ( 'NONE',  ( 2.163886977247685745E-16, 0.000000000000000000, -1.000000000000000000 ) ) ;
#1803 = CARTESIAN_POINT ( 'NONE',  ( -0.5849999999999998535, -0.1579596862576144178, -0.2800148805569685484 ) ) ;
#1804 = PLANE ( 'NONE',  #2295 ) ;
#1805 = CARTESIAN_POINT ( 'NONE',  ( 0.2326146722824297686, 0.3499999999999999778, 6.156972246790356287E-17 ) ) ;
#1806 = VERTEX_POINT ( 'NONE', #2490 ) ;
#1807 = EDGE_LOOP ( 'NONE', ( #2631, #825, #11, #509 ) ) ;
#1808 = ORIENTED_EDGE ( 'NONE', *, *, #2489, .T. ) ;
#1809 = DIRECTION ( 'NONE',  ( 0.000000000000000000, 1.000000000000000000, 1.224646799147353207E-16 ) ) ;
#1810 = CARTESIAN_POINT ( 'NONE',  ( -0.2500000000000000555, 0.1428124999999999534, -0.4495125895616831624 ) ) ;
#1811 = CARTESIAN_POINT ( 'NONE',  ( 0.1599999999999999756, 0.3499999999999999778, -0.1000000000000000472 ) ) ;
#1812 = CIRCLE ( 'NONE', #581, 0.1976040942777704257 ) ;
#1813 = ORIENTED_EDGE ( 'NONE', *, *, #1247, .F. ) ;
#1814 = DIRECTION ( 'NONE',  ( 1.000000000000000000, -0.000000000000000000, -0.000000000000000000 ) ) ;
#1815 = CIRCLE ( 'NONE', #371, 0.009999999999999995004 ) ;
#1816 = CARTESIAN_POINT ( 'NONE',  ( -0.2499999999999996669, 0.3428124999999999645, -4.439252989704427977E-16 ) ) ;
#1817 = FACE_OUTER_BOUND ( 'NONE', #2386, .T. ) ;
#1818 = ORIENTED_EDGE ( 'NONE', *, *, #1524, .T. ) ;
#1819 = DIRECTION ( 'NONE',  ( 0.8660254037844385966, 0.000000000000000000, -0.4999999999999998335 ) ) ;
#1820 = ORIENTED_EDGE ( 'NONE', *, *, #1116, .F. ) ;
#1821 = DIRECTION ( 'NONE',  ( 0.000000000000000000, 0.000000000000000000, -1.000000000000000000 ) ) ;
#1822 = CARTESIAN_POINT ( 'NONE',  ( -0.5328553973810270517, 0.1928124999996459477, -0.3101205809158186777 ) ) ;
#1823 = CARTESIAN_POINT ( 'NONE',  ( 0.000000000000000000, 0.000000000000000000, 0.000000000000000000 ) ) ;
#1824 = VERTEX_POINT ( 'NONE', #2749 ) ;
#1825 = CARTESIAN_POINT ( 'NONE',  ( 0.2326146722824295188, 0.3499999999999999778, 6.156972246790356287E-17 ) ) ;
#1826 = CARTESIAN_POINT ( 'NONE',  ( -0.4999999999999998335, 0.1328125000000000000, 0.000000000000000000 ) ) ;
#1827 = ADVANCED_FACE ( 'NONE', ( #396 ), #2533, .F. ) ;
#1828 = DIRECTION ( 'NONE',  ( 0.5000000000000001110, 0.000000000000000000, 0.8660254037844385966 ) ) ;
#1829 = ORIENTED_EDGE ( 'NONE', *, *, #605, .F. ) ;
#1830 = ORIENTED_EDGE ( 'NONE', *, *, #171, .T. ) ;
#1831 = EDGE_CURVE ( 'NONE', #1837, #660, #1648, .T. ) ;
#1832 = DIRECTION ( 'NONE',  ( 0.000000000000000000, 0.000000000000000000, 1.000000000000000000 ) ) ;
#1833 = CARTESIAN_POINT ( 'NONE',  ( -0.2499999999999998612, -0.2328125000000000056, -1.372493369525490991E-17 ) ) ;
#1834 = LINE ( 'NONE', #2052, #1352 ) ;
#1835 = VERTEX_POINT ( 'NONE', #1262 ) ;
#1836 = CARTESIAN_POINT ( 'NONE',  ( -0.2500000000000003886, -0.3378124999999997935, -0.2944486372867090029 ) ) ;
#1837 = VERTEX_POINT ( 'NONE', #983 ) ;
#1838 = CARTESIAN_POINT ( 'NONE',  ( 0.01000000000000004705, 0.1328125000000005274, 0.1501110699893029032 ) ) ;
#1839 = CARTESIAN_POINT ( 'NONE',  ( -0.2499999999999998057, -0.1228125000000001021, 0.3002221399786054734 ) ) ;
#1840 = VERTEX_POINT ( 'NONE', #559 ) ;
#1841 = EDGE_CURVE ( 'NONE', #498, #1063, #1457, .T. ) ;
#1842 = EDGE_CURVE ( 'NONE', #1729, #1579, #1515, .T. ) ;
#1843 = DIRECTION ( 'NONE',  ( 0.000000000000000000, 0.000000000000000000, -1.000000000000000000 ) ) ;
#1844 = AXIS2_PLACEMENT_3D ( 'NONE', #1977, #2416, #936 ) ;
#1845 = DIRECTION ( 'NONE',  ( 0.000000000000000000, 1.000000000000000000, 0.000000000000000000 ) ) ;
#1846 = CARTESIAN_POINT ( 'NONE',  ( -0.5058578643762690064, -0.1328125000000001110, -0.2510623890720327656 ) ) ;
#1847 = AXIS2_PLACEMENT_3D ( 'NONE', #415, #1472, #795 ) ;
#1848 = AXIS2_PLACEMENT_3D ( 'NONE', #1781, #63, #720 ) ;
#1849 = AXIS2_PLACEMENT_3D ( 'NONE', #1565, #688, #717 ) ;
#1850 = ORIENTED_EDGE ( 'NONE', *, *, #576, .T. ) ;
#1851 = CARTESIAN_POINT ( 'NONE',  ( -0.2499999999999998612, 0.2328124999999999500, -1.372493369525490991E-17 ) ) ;
#1852 = CARTESIAN_POINT ( 'NONE',  ( -0.2499999999999998612, 0.1428124999999999811, -1.372493369525490991E-17 ) ) ;
#1853 = FILL_AREA_STYLE ('',( #2453 ) ) ;
#1854 = AXIS2_PLACEMENT_3D ( 'NONE', #1779, #2638, #982 ) ;
#1855 = EDGE_LOOP ( 'NONE', ( #2, #725, #1933, #1458 ) ) ;
#1856 = VECTOR ( 'NONE', #329, 39.37007874015748143 ) ;
#1857 = CIRCLE ( 'NONE', #631, 0.009999999999999995004 ) ;
#1858 = AXIS2_PLACEMENT_3D ( 'NONE', #1922, #2528, #2310 ) ;
#1859 = LINE ( 'NONE', #917, #233 ) ;
#1860 = LINE ( 'NONE', #2077, #2484 ) ;
#1861 = CARTESIAN_POINT ( 'NONE',  ( -0.5079510762794744450, -0.1289123978834738893, -0.2438112903373124696 ) ) ;
#1862 = ORIENTED_EDGE ( 'NONE', *, *, #1589, .T. ) ;
#1863 = CARTESIAN_POINT ( 'NONE',  ( 0.000000000000000000, -0.2328125000000000056, 0.000000000000000000 ) ) ;
#1864 = DIRECTION ( 'NONE',  ( 0.8660254037844385966, 0.000000000000000000, -0.4999999999999998335 ) ) ;
#1865 = CARTESIAN_POINT ( 'NONE',  ( 0.01000000000000004705, -0.1234670058598329873, -0.2367136103679098325 ) ) ;
#1866 = CARTESIAN_POINT ( 'NONE',  ( -0.2499999999999998612, 0.2328124999999999500, 0.1722640653041067893 ) ) ;
#1867 = CARTESIAN_POINT ( 'NONE',  ( 0.03054824590391674519, 0.1267789301358274723, -0.3114526154421936588 ) ) ;
#1868 = DIRECTION ( 'NONE',  ( 0.000000000000000000, 0.000000000000000000, 1.000000000000000000 ) ) ;
#1869 = FACE_OUTER_BOUND ( 'NONE', #2647, .T. ) ;
#1870 = ADVANCED_FACE ( 'NONE', ( #1218 ), #2512, .F. ) ;
#1871 = ADVANCED_FACE ( 'NONE', ( #1869 ), #2293, .T. ) ;
#1872 = EDGE_CURVE ( 'NONE', #696, #1887, #905, .T. ) ;
#1873 = VERTEX_POINT ( 'NONE', #805 ) ;
#1874 = FACE_OUTER_BOUND ( 'NONE', #481, .T. ) ;
#1875 = CARTESIAN_POINT ( 'NONE',  ( -0.6099999999999997646, -0.2328125000000000056, 0.000000000000000000 ) ) ;
#1876 = CARTESIAN_POINT ( 'NONE',  ( 0.08499999999972299158, -0.1267395351589964692, -0.2800148805571282540 ) ) ;
#1877 = CARTESIAN_POINT ( 'NONE',  ( 0.01000000000000004705, -0.1228125000000001021, 0.1501110699893029032 ) ) ;
#1878 = CARTESIAN_POINT ( 'NONE',  ( 0.006145467256681814636, 0.1408091683670491812, -0.2500661034694776075 ) ) ;
#1879 = ORIENTED_EDGE ( 'NONE', *, *, #1266, .F. ) ;
#1880 = ORIENTED_EDGE ( 'NONE', *, *, #2529, .F. ) ;
#1881 = DIRECTION ( 'NONE',  ( 2.163886977247685991E-16, 0.000000000000000000, -1.000000000000000000 ) ) ;
#1882 = DIRECTION ( 'NONE',  ( 0.000000000000000000, 0.000000000000000000, 1.000000000000000000 ) ) ;
#1883 = CARTESIAN_POINT ( 'NONE',  ( -0.2499999999999999167, 0.6476613620344215949, -0.4734272207354931483 ) ) ;
#1884 = CARTESIAN_POINT ( 'NONE',  ( -0.2500000000000011657, 0.7683756477487058145, -0.3340383700311427839 ) ) ;
#1885 = DIRECTION ( 'NONE',  ( 2.163886977247685745E-16, 0.000000000000000000, -1.000000000000000000 ) ) ;
#1886 = CARTESIAN_POINT ( 'NONE',  ( -0.5830809989754410783, -0.1383694538376259442, -0.2811228163150727433 ) ) ;
#1887 = VERTEX_POINT ( 'NONE', #1668 ) ;
#1888 = DIRECTION ( 'NONE',  ( 1.000000000000000000, 0.000000000000000000, 2.163886977247685745E-16 ) ) ;
#1889 = CYLINDRICAL_SURFACE ( 'NONE', #628, 0.05000000000000000971 ) ;
#1890 = CARTESIAN_POINT ( 'NONE',  ( 0.2299999999999998990, 0.3499999999999999778, 0.1362388015731152979 ) ) ;
#1891 = CARTESIAN_POINT ( 'NONE',  ( 0.007951076279474344338, 0.1389123978834742035, -0.2438112903373121643 ) ) ;
#1892 = AXIS2_PLACEMENT_3D ( 'NONE', #2501, #568, #1882 ) ;
#1893 = CARTESIAN_POINT ( 'NONE',  ( -0.6899999999999998357, 0.3499999999999999778, -0.2274899352205227987 ) ) ;
#1894 = ORIENTED_EDGE ( 'NONE', *, *, #736, .F. ) ;
#1895 = FACE_OUTER_BOUND ( 'NONE', #37, .T. ) ;
#1896 = VECTOR ( 'NONE', #864, 39.37007874015748854 ) ;
#1897 = DIRECTION ( 'NONE',  ( -1.000000000000000000, 0.000000000000000000, 0.000000000000000000 ) ) ;
#1898 = DIRECTION ( 'NONE',  ( 0.000000000000000000, 1.000000000000000000, 0.000000000000000000 ) ) ;
#1899 = CIRCLE ( 'NONE', #195, 0.1622640653041068082 ) ;
#1900 = DIRECTION ( 'NONE',  ( -3.210827391960191287E-16, 0.000000000000000000, 1.000000000000000000 ) ) ;
#1901 = CARTESIAN_POINT ( 'NONE',  ( -0.2499999999999996114, 0.2428124999999999589, -0.1900000000000004186 ) ) ;
#1902 = ORIENTED_EDGE ( 'NONE', *, *, #170, .F. ) ;
#1903 = DIRECTION ( 'NONE',  ( 0.8660254037844385966, 0.000000000000000000, -0.5000000000000001110 ) ) ;
#1904 = EDGE_CURVE ( 'NONE', #480, #2093, #2715, .T. ) ;
#1905 = DIRECTION ( 'NONE',  ( 0.000000000000000000, 0.000000000000000000, 1.000000000000000000 ) ) ;
#1906 = DIRECTION ( 'NONE',  ( -1.000000000000000000, 0.000000000000000000, 0.000000000000000000 ) ) ;
#1907 = ADVANCED_FACE ( 'NONE', ( #787 ), #817, .F. ) ;
#1908 = FACE_OUTER_BOUND ( 'NONE', #372, .T. ) ;
#1909 = ORIENTED_EDGE ( 'NONE', *, *, #256, .F. ) ;
#1910 = VERTEX_POINT ( 'NONE', #2541 ) ;
#1911 = DIRECTION ( 'NONE',  ( -0.000000000000000000, -1.000000000000000000, -0.000000000000000000 ) ) ;
#1912 = ADVANCED_FACE ( 'NONE', ( #557 ), #204, .F. ) ;
#1913 = CARTESIAN_POINT ( 'NONE',  ( 0.08500000000000003386, 0.1328125000000000000, -0.2800148805569682708 ) ) ;
#1914 = CARTESIAN_POINT ( 'NONE',  ( -0.4747832781635958899, 0.4220419744883739943, -0.04314031995758253052 ) ) ;
#1915 = EDGE_LOOP ( 'NONE', ( #694, #1631, #216, #2574 ) ) ;
#1916 = DIRECTION ( 'NONE',  ( -0.000000000000000000, -1.000000000000000000, -0.000000000000000000 ) ) ;
#1917 = VECTOR ( 'NONE', #522, 39.37007874015748143 ) ;
#1918 = LINE ( 'NONE', #1447, #2717 ) ;
#1919 = CARTESIAN_POINT ( 'NONE',  ( 0.02990535978618054716, 0.1351501844852159295, -0.3118237859153185076 ) ) ;
#1920 = VERTEX_POINT ( 'NONE', #2317 ) ;
#1921 = VERTEX_POINT ( 'NONE', #1723 ) ;
#1922 = CARTESIAN_POINT ( 'NONE',  ( 0.1174999999999999656, 0.1928124999999999978, -0.2035159698893428681 ) ) ;
#1923 = ADVANCED_FACE ( 'NONE', ( #429, #624 ), #190, .T. ) ;
#1924 = DIRECTION ( 'NONE',  ( 0.000000000000000000, 0.000000000000000000, 1.000000000000000000 ) ) ;
#1925 = CARTESIAN_POINT ( 'NONE',  ( -0.4333686407688179809, 0.3428124999999999645, 0.07984949331458512933 ) ) ;
#1926 = ORIENTED_EDGE ( 'NONE', *, *, #2532, .F. ) ;
#1927 = CARTESIAN_POINT ( 'NONE',  ( -0.4357850828637159779, 0.3184217296017165522, -0.07409007811314267944 ) ) ;
#1928 = CARTESIAN_POINT ( 'NONE',  ( 0.02330678504863581066, -0.1086885683931823610, -0.3156334748163074355 ) ) ;
#1929 = LINE ( 'NONE', #861, #771 ) ;
#1930 = AXIS2_PLACEMENT_3D ( 'NONE', #1612, #2690, #79 ) ;
#1931 = CARTESIAN_POINT ( 'NONE',  ( 0.05857142857142835085, -0.2842410714285714124, -0.1781537973499412730 ) ) ;
#1932 = VERTEX_POINT ( 'NONE', #1473 ) ;
#1933 = ORIENTED_EDGE ( 'NONE', *, *, #2046, .F. ) ;
#1934 = AXIS2_PLACEMENT_3D ( 'NONE', #629, #1906, #1060 ) ;
#1935 = CIRCLE ( 'NONE', #2667, 0.1922640653041067516 ) ;
#1936 = CARTESIAN_POINT ( 'NONE',  ( 0.08500000000000006162, 0.1679596862576143435, -0.2800148805569682708 ) ) ;
#1937 = CARTESIAN_POINT ( 'NONE',  ( -0.2499999999999998335, -0.2028125000000001732, -0.1622640653041068082 ) ) ;
#1938 = AXIS2_PLACEMENT_3D ( 'NONE', #1833, #765, #1620 ) ;
#1939 = DIRECTION ( 'NONE',  ( 0.000000000000000000, 0.000000000000000000, -1.000000000000000000 ) ) ;
#1940 = STYLED_ITEM ( 'NONE', ( #2468 ), #2440 ) ;
#1941 = EDGE_CURVE ( 'NONE', #1920, #2449, #2789, .T. ) ;
#1942 = DIRECTION ( 'NONE',  ( 0.000000000000000000, 0.000000000000000000, -1.000000000000000000 ) ) ;
#1943 = CARTESIAN_POINT ( 'NONE',  ( -0.4492005471863558252, 0.2703481672145557346, 0.02017241073884338404 ) ) ;
#1944 = CARTESIAN_POINT ( 'NONE',  ( 0.01776462054147427000, -0.1090621960500524762, -0.3188332449864098583 ) ) ;
#1945 = DIRECTION ( 'NONE',  ( 0.000000000000000000, 0.000000000000000000, 1.000000000000000000 ) ) ;
#1946 = VERTEX_POINT ( 'NONE', #226 ) ;
#1947 = CARTESIAN_POINT ( 'NONE',  ( -0.2499999999999996114, 0.6510815634676780927, -4.579724529770264347E-16 ) ) ;
#1948 = DIRECTION ( 'NONE',  ( 1.000000000000000000, 0.000000000000000000, 2.163886977247685745E-16 ) ) ;
#1949 = ORIENTED_EDGE ( 'NONE', *, *, #912, .F. ) ;
#1950 = VERTEX_POINT ( 'NONE', #28 ) ;
#1951 = ORIENTED_EDGE ( 'NONE', *, *, #2525, .T. ) ;
#1952 = CARTESIAN_POINT ( 'NONE',  ( -0.5105905544822307851, -0.1175974621742926773, -0.3229751939568953900 ) ) ;
#1953 = LINE ( 'NONE', #689, #331 ) ;
#1954 = ORIENTED_EDGE ( 'NONE', *, *, #1524, .F. ) ;
#1955 = EDGE_CURVE ( 'NONE', #2369, #328, #1673, .T. ) ;
#1956 = EDGE_CURVE ( 'NONE', #560, #161, #1263, .T. ) ;
#1957 = EDGE_CURVE ( 'NONE', #1191, #942, #2536, .T. ) ;
#1958 = DIRECTION ( 'NONE',  ( 1.000000000000000000, 0.000000000000000000, 2.163886977247685745E-16 ) ) ;
#1959 = CARTESIAN_POINT ( 'NONE',  ( -0.4471318245168049987, 0.2759320061919520173, 0.03407330041638893803 ) ) ;
#1960 = DIRECTION ( 'NONE',  ( -0.000000000000000000, -1.000000000000000000, -0.000000000000000000 ) ) ;
#1961 = DIRECTION ( 'NONE',  ( 1.000000000000000000, 0.000000000000000000, 2.163886977247685745E-16 ) ) ;
#1962 = CARTESIAN_POINT ( 'NONE',  ( -0.2500000000000002220, -0.2328125000000000056, -0.4156921938165303310 ) ) ;
#1963 = LINE ( 'NONE', #35, #1085 ) ;
#1964 = ORIENTED_EDGE ( 'NONE', *, *, #409, .F. ) ;
#1965 = ADVANCED_FACE ( 'NONE', ( #283 ), #526, .T. ) ;
#1966 = FACE_OUTER_BOUND ( 'NONE', #2793, .T. ) ;
#1967 = CARTESIAN_POINT ( 'NONE',  ( -0.6599999999999999201, 0.6476613620344215949, -0.2367136103677465464 ) ) ;
#1968 = B_SPLINE_CURVE_WITH_KNOTS ( 'NONE', 3,
 ( #2140, #1679, #601, #1074, #650, #23, #1448, #2307, #390, #1358, #34, #1372, #1752, #2229, #1995, #935, #723, #1784, #2630, #1319, #907, #264, #66, #1976, #314, #1307, #691, #2644, #890, #1534 ),
 .UNSPECIFIED., .F., .F.,
 ( 4, 2, 2, 2, 2, 2, 2, 2, 2, 2, 2, 2, 2, 2, 4 ),
 ( 1.978942073926877515E-07, 0.0003831517433083171643, 0.0007661055924092416685, 0.001149059441510166335, 0.001532013290611091219, 0.001914967139712015452, 0.002297920988812939685, 0.002680874837913864352, 0.003063828687014788586, 0.003829736385216637486, 0.004212690234317562586, 0.004595644083418486819, 0.004978597932519411920, 0.005361551781620336153, 0.006127459479822186354 ),
 .UNSPECIFIED. ) ;
#1969 = DIRECTION ( 'NONE',  ( 0.8660254037844384856, 0.000000000000000000, 0.5000000000000002220 ) ) ;
#1970 = VERTEX_POINT ( 'NONE', #2039 ) ;
#1971 = CARTESIAN_POINT ( 'NONE',  ( -0.2499999999999998612, -0.1428124999999999811, -0.1722640653041067893 ) ) ;
#1972 = PLANE ( 'NONE',  #2065 ) ;
#1973 = ADVANCED_FACE ( 'NONE', ( #343 ), #192, .F. ) ;
#1974 = ORIENTED_EDGE ( 'NONE', *, *, #2061, .T. ) ;
#1975 = CARTESIAN_POINT ( 'NONE',  ( -0.2500000000000000555, 0.1428124999999999811, -0.4156921938165305530 ) ) ;
#1976 = CARTESIAN_POINT ( 'NONE',  ( -0.05857323396094991225, 0.2934681143181308016, 0.05805053700287401974 ) ) ;
#1977 = CARTESIAN_POINT ( 'NONE',  ( -0.5599999999999998312, 0.1328125000000000000, -0.2367136103677467129 ) ) ;
#1978 = ORIENTED_EDGE ( 'NONE', *, *, #2441, .T. ) ;
#1979 = VERTEX_POINT ( 'NONE', #70 ) ;
#1980 = ORIENTED_EDGE ( 'NONE', *, *, #1376, .T. ) ;
#1981 = AXIS2_PLACEMENT_3D ( 'NONE', #76, #1518, #886 ) ;
#1982 = DIRECTION ( 'NONE',  ( -1.000000000000000000, -0.000000000000000000, -2.163886977247685745E-16 ) ) ;
#1983 = AXIS2_PLACEMENT_3D ( 'NONE', #175, #2720, #2506 ) ;
#1984 = VECTOR ( 'NONE', #399, 39.37007874015748143 ) ;
#1985 = CARTESIAN_POINT ( 'NONE',  ( 0.2599999999999998979, 0.3499999999999999778, 0.1362388015731152979 ) ) ;
#1986 = VECTOR ( 'NONE', #1284, 39.37007874015748143 ) ;
#1987 = AXIS2_PLACEMENT_3D ( 'NONE', #2772, #1958, #245 ) ;
#1988 = AXIS2_PLACEMENT_3D ( 'NONE', #1303, #2411, #2359 ) ;
#1989 = ORIENTED_EDGE ( 'NONE', *, *, #413, .T. ) ;
#1990 = CARTESIAN_POINT ( 'NONE',  ( -0.2499999999999998335, 0.1428124999999999811, 0.2886751345948130321 ) ) ;
#1991 = AXIS2_PLACEMENT_3D ( 'NONE', #2739, #2538, #814 ) ;
#1992 = DIRECTION ( 'NONE',  ( 0.000000000000000000, 0.000000000000000000, 1.000000000000000000 ) ) ;
#1993 = ORIENTED_EDGE ( 'NONE', *, *, #2234, .T. ) ;
#1994 = CARTESIAN_POINT ( 'NONE',  ( -0.06401893609040879007, 0.3499999999999999778, 0.08040088267695080781 ) ) ;
#1995 = CARTESIAN_POINT ( 'NONE',  ( -0.05094734482949105081, 0.2708024078228500886, -0.02006788767179835953 ) ) ;
#1996 = EDGE_CURVE ( 'NONE', #1840, #1249, #2222, .T. ) ;
#1997 = ORIENTED_EDGE ( 'NONE', *, *, #1605, .T. ) ;
#1998 = VERTEX_POINT ( 'NONE', #753 ) ;
#1999 = ORIENTED_EDGE ( 'NONE', *, *, #2456, .T. ) ;
#2000 = CARTESIAN_POINT ( 'NONE',  ( -0.01708967701984580312, 0.4338704117682200545, 0.01183365426805190954 ) ) ;
#2001 = ADVANCED_FACE ( 'NONE', ( #1602 ), #128, .F. ) ;
#2002 = CARTESIAN_POINT ( 'NONE',  ( -0.6899999999999998357, 0.3499999999999999778, -4.286263797015734746E-17 ) ) ;
#2003 = DIRECTION ( 'NONE',  ( 1.501081790176827857E-16, 0.000000000000000000, -1.000000000000000000 ) ) ;
#2004 = ORIENTED_EDGE ( 'NONE', *, *, #2456, .F. ) ;
#2005 = CARTESIAN_POINT ( 'NONE',  ( -0.5100000000000003419, -0.1286703643762688587, 0.1501110699893028200 ) ) ;
#2006 = CARTESIAN_POINT ( 'NONE',  ( -0.5250062901404676241, 0.1193710801549195538, -0.3146522650940591914 ) ) ;
#2007 = EDGE_LOOP ( 'NONE', ( #423, #1121, #2555, #2156, #2498 ) ) ;
#2008 = CARTESIAN_POINT ( 'NONE',  ( 0.005857864376268843293, 0.1428124999999999811, 0.1477196068719217603 ) ) ;
#2009 = DIRECTION ( 'NONE',  ( 0.000000000000000000, -1.000000000000000000, 0.000000000000000000 ) ) ;
#2010 = VERTEX_POINT ( 'NONE', #762 ) ;
#2011 = VERTEX_POINT ( 'NONE', #2487 ) ;
#2012 = DIRECTION ( 'NONE',  ( 0.8660254037844383745, -0.000000000000000000, 0.5000000000000002220 ) ) ;
#2013 = FACE_OUTER_BOUND ( 'NONE', #591, .T. ) ;
#2014 = DIRECTION ( 'NONE',  ( -0.8660254037844384856, 0.000000000000000000, -0.5000000000000002220 ) ) ;
#2015 = VERTEX_POINT ( 'NONE', #1157 ) ;
#2016 = EDGE_LOOP ( 'NONE', ( #2615, #857, #2207, #2639 ) ) ;
#2017 = CARTESIAN_POINT ( 'NONE',  ( -0.5552171384168896884, 0.1852396834691616145, -0.2972100237092145658 ) ) ;
#2018 = EDGE_LOOP ( 'NONE', ( #2516, #2736, #2486, #1588 ) ) ;
#2019 = CARTESIAN_POINT ( 'NONE',  ( 0.01000000000000004705, 0.1328125000000005274, 0.1501110699893029032 ) ) ;
#2020 = CARTESIAN_POINT ( 'NONE',  ( -0.2499999999999998890, -0.1828124999999994615, 0.4734272207354930928 ) ) ;
#2021 = FACE_OUTER_BOUND ( 'NONE', #1194, .T. ) ;
#2022 = EDGE_LOOP ( 'NONE', ( #1466, #1511, #458, #1413, #991, #876, #2405, #490 ) ) ;
#2023 = DIRECTION ( 'NONE',  ( 2.085237543986923759E-16, 0.000000000000000000, -1.000000000000000000 ) ) ;
#2024 = LINE ( 'NONE', #959, #332 ) ;
#2025 = CARTESIAN_POINT ( 'NONE',  ( 0.1375000000000000944, 0.6576613620344213818, -0.2381569860407203310 ) ) ;
#2026 = ORIENTED_EDGE ( 'NONE', *, *, #433, .F. ) ;
#2027 = B_SPLINE_CURVE_WITH_KNOTS ( 'NONE', 3,
 ( #2166, #1508, #29, #464, #1927, #2149, #690, #2564, #441, #217, #1292, #1316, #246, #1746, #227, #1090, #1766, #475, #1943, #1959, #2608, #840, #673, #1531, #1333, #2395, #2180, #625, #1280, #260 ),
 .UNSPECIFIED., .F., .F.,
 ( 4, 2, 2, 2, 2, 2, 2, 2, 2, 2, 2, 2, 2, 2, 4 ),
 ( 1.978942073910803477E-07, 0.0003831517433083156464, 0.0007661055924092401506, 0.001149059441510164817, 0.001532013290611089268, 0.001914967139712013718, 0.002297920988812938818, 0.002680874837913863485, 0.003063828687014787718, 0.003829736385216636618, 0.004212690234317560851, 0.004595644083418484217, 0.004978597932519407583, 0.005361551781620331816, 0.006127459479822181150 ),
 .UNSPECIFIED. ) ;
#2028 = EDGE_CURVE ( 'NONE', #161, #1155, #955, .T. ) ;
#2029 = CARTESIAN_POINT ( 'NONE',  ( -0.5096801664959065281, 0.1354053256396051397, -0.2378215461258514074 ) ) ;
#2030 = AXIS2_PLACEMENT_3D ( 'NONE', #129, #117, #980 ) ;
#2031 = AXIS2_PLACEMENT_3D ( 'NONE', #2002, #716, #1832 ) ;
#2032 = AXIS2_PLACEMENT_3D ( 'NONE', #1743, #2189, #669 ) ;
#2033 = ORIENTED_EDGE ( 'NONE', *, *, #2705, .F. ) ;
#2034 = CARTESIAN_POINT ( 'NONE',  ( -0.06663135923118103376, 0.3428124999999999645, -0.07984949331458522648 ) ) ;
#2035 = AXIS2_PLACEMENT_3D ( 'NONE', #1020, #2135, #1881 ) ;
#2036 = CARTESIAN_POINT ( 'NONE',  ( -0.5099999999999998979, 0.1328125000000005274, 0.1501110699893025702 ) ) ;
#2037 = FACE_OUTER_BOUND ( 'NONE', #527, .T. ) ;
#2038 = ORIENTED_EDGE ( 'NONE', *, *, #733, .F. ) ;
#2039 = CARTESIAN_POINT ( 'NONE',  ( -0.06401893609041413302, 0.3499999999999984790, -0.08040088267696268720 ) ) ;
#2040 = DIRECTION ( 'NONE',  ( 0.5000000000000000000, 0.000000000000000000, 0.8660254037844385966 ) ) ;
#2041 = ORIENTED_EDGE ( 'NONE', *, *, #1156, .F. ) ;
#2042 = CARTESIAN_POINT ( 'NONE',  ( -0.5249999999999999112, 0.1928124999999999978, -0.3146558967083461500 ) ) ;
#2043 = VERTEX_POINT ( 'NONE', #925 ) ;
#2044 = CARTESIAN_POINT ( 'NONE',  ( -0.5846132346729469020, 0.1406663848043095133, -0.2802381796226558475 ) ) ;
#2045 = EDGE_CURVE ( 'NONE', #2417, #651, #1791, .T. ) ;
#2046 = EDGE_CURVE ( 'NONE', #258, #1920, #922, .T. ) ;
#2047 = ORIENTED_EDGE ( 'NONE', *, *, #2708, .F. ) ;
#2048 = CARTESIAN_POINT ( 'NONE',  ( -0.5099999999999998979, -0.1228124999999995470, 0.1501110699893025702 ) ) ;
#2049 = DIRECTION ( 'NONE',  ( 0.000000000000000000, 0.000000000000000000, -1.000000000000000000 ) ) ;
#2050 = PLANE ( 'NONE',  #494 ) ;
#2051 = CARTESIAN_POINT ( 'NONE',  ( 0.1600000000000000033, 1.405383189954596324, -0.2367136103677463521 ) ) ;
#2052 = CARTESIAN_POINT ( 'NONE',  ( 0.03928571428571438900, 0.7683756477487074799, -0.1670191850155698099 ) ) ;
#2053 = CARTESIAN_POINT ( 'NONE',  ( -0.2499999999999998612, 0.1528124999999999900, -1.372493369525490991E-17 ) ) ;
#2054 = TOROIDAL_SURFACE ( 'NONE', #214, 0.1722640653041067893, 0.01000000000000000021 ) ;
#2055 = ORIENTED_EDGE ( 'NONE', *, *, #2061, .F. ) ;
#2056 = ORIENTED_EDGE ( 'NONE', *, *, #739, .F. ) ;
#2057 = DIRECTION ( 'NONE',  ( -0.8660254037844384856, 0.000000000000000000, -0.5000000000000002220 ) ) ;
#2058 = CARTESIAN_POINT ( 'NONE',  ( 0.009680166495906783117, -0.1254053256396047700, -0.2378215461258511021 ) ) ;
#2059 = LINE ( 'NONE', #135, #410 ) ;
#2060 = PLANE ( 'NONE',  #884 ) ;
#2061 = EDGE_CURVE ( 'NONE', #397, #221, #2519, .T. ) ;
#2062 = CARTESIAN_POINT ( 'NONE',  ( -0.5601471862576140603, 0.1928125000000000255, -0.2943636592612546843 ) ) ;
#2063 = AXIS2_PLACEMENT_3D ( 'NONE', #2228, #312, #949 ) ;
#2064 = CYLINDRICAL_SURFACE ( 'NONE', #1305, 0.04999999999999999584 ) ;
#2065 = AXIS2_PLACEMENT_3D ( 'NONE', #43, #30, #932 ) ;
#2066 = TOROIDAL_SURFACE ( 'NONE', #2385, 0.1362388015731152424, 0.02999999999999999889 ) ;
#2067 = ORIENTED_EDGE ( 'NONE', *, *, #708, .F. ) ;
#2068 = CARTESIAN_POINT ( 'NONE',  ( -0.2499999999999998612, 0.2428124999999999867, -1.372493369525490991E-17 ) ) ;
#2069 = CARTESIAN_POINT ( 'NONE',  ( 0.1425000000000000155, -0.1828125000000000167, 0.2468172400785650922 ) ) ;
#2070 = CARTESIAN_POINT ( 'NONE',  ( 0.01000000000000002970, 0.1328125000000000000, -0.1501110699893027367 ) ) ;
#2071 = AXIS2_PLACEMENT_3D ( 'NONE', #1559, #2171, #2426 ) ;
#2072 = DIRECTION ( 'NONE',  ( 0.4999999999999998890, 0.000000000000000000, 0.8660254037844387076 ) ) ;
#2073 = AXIS2_PLACEMENT_3D ( 'NONE', #394, #1035, #1900 ) ;
#2074 = EDGE_CURVE ( 'NONE', #1063, #311, #1616, .T. ) ;
#2075 = ORIENTED_EDGE ( 'NONE', *, *, #547, .F. ) ;
#2076 = EDGE_CURVE ( 'NONE', #147, #2689, #926, .T. ) ;
#2077 = CARTESIAN_POINT ( 'NONE',  ( -0.2499999999999998335, 0.6612327906058499405, 0.4577562848574890375 ) ) ;
#2078 = CARTESIAN_POINT ( 'NONE',  ( -0.5142811879482749315, -0.1113891084297224665, -0.3208444057318078357 ) ) ;
#2079 = ORIENTED_EDGE ( 'NONE', *, *, #2130, .T. ) ;
#2080 = DIRECTION ( 'NONE',  ( -0.000000000000000000, 1.000000000000000000, -0.000000000000000000 ) ) ;
#2081 = DIRECTION ( 'NONE',  ( -1.000000000000000000, -0.000000000000000000, -0.000000000000000000 ) ) ;
#2082 = CARTESIAN_POINT ( 'NONE',  ( -0.5058578643762686733, 0.1428124999999999811, 0.1477196068719215383 ) ) ;
#2083 = CARTESIAN_POINT ( 'NONE',  ( 0.08461323467294712408, 0.1406663848043088472, -0.2802381796226555144 ) ) ;
#2084 = ORIENTED_EDGE ( 'NONE', *, *, #662, .T. ) ;
#2085 = CARTESIAN_POINT ( 'NONE',  ( -0.2499999999999998612, -0.1428124999999999811, 0.1622640653041068082 ) ) ;
#2086 = ORIENTED_EDGE ( 'NONE', *, *, #1696, .F. ) ;
#2087 = CARTESIAN_POINT ( 'NONE',  ( -0.2499999999999996669, 0.2528124999999999400, 0.1899999999999995304 ) ) ;
#2088 = DIRECTION ( 'NONE',  ( 0.000000000000000000, 1.000000000000000000, 0.000000000000000000 ) ) ;
#2089 = DIRECTION ( 'NONE',  ( -1.000000000000000000, -0.000000000000000000, -2.163886977247685745E-16 ) ) ;
#2090 = EDGE_CURVE ( 'NONE', #1950, #651, #627, .T. ) ;
#2091 = DIRECTION ( 'NONE',  ( -0.000000000000000000, 0.000000000000000000, 1.000000000000000000 ) ) ;
#2092 = CARTESIAN_POINT ( 'NONE',  ( -0.5099999999999998979, -0.1228125000000000883, -0.2367136103677466297 ) ) ;
#2093 = VERTEX_POINT ( 'NONE', #1377 ) ;
#2094 = LINE ( 'NONE', #2316, #1984 ) ;
#2095 = CARTESIAN_POINT ( 'NONE',  ( -0.5599999999999999423, 1.405383189954596324, -0.2367136103677466852 ) ) ;
#2096 = CARTESIAN_POINT ( 'NONE',  ( -0.2500000000000001110, -0.1328125000000000000, -0.4156921938165304975 ) ) ;
#2097 = CARTESIAN_POINT ( 'NONE',  ( 0.07706989579945730529, 0.1628815406615086447, -0.2845933283518534140 ) ) ;
#2098 = DIRECTION ( 'NONE',  ( -0.6546536707079777528, -0.6546536707079761985, 0.3779644730092279192 ) ) ;
#2099 = ORIENTED_EDGE ( 'NONE', *, *, #49, .F. ) ;
#2100 = CARTESIAN_POINT ( 'NONE',  ( -0.06663135923118140846, 0.3428124999999999645, 0.07984949331458522648 ) ) ;
#2101 = CARTESIAN_POINT ( 'NONE',  ( -0.2675000000000000711, -0.1828125000000000167, 0.4633235910246745748 ) ) ;
#2102 = CARTESIAN_POINT ( 'NONE',  ( -0.2499999999999998612, -0.2028125000000001732, -1.372493369525490991E-17 ) ) ;
#2103 = EDGE_CURVE ( 'NONE', #2011, #328, #104, .T. ) ;
#2104 = EDGE_CURVE ( 'NONE', #2397, #1256, #453, .T. ) ;
#2105 = VERTEX_POINT ( 'NONE', #1322 ) ;
#2106 = CARTESIAN_POINT ( 'NONE',  ( 0.2599999999999998979, 0.3499999999999999778, 6.749559786947459495E-17 ) ) ;
#2107 = CARTESIAN_POINT ( 'NONE',  ( -0.2499999999999998057, 0.1928124999999999978, -0.4734272207354929263 ) ) ;
#2108 = CARTESIAN_POINT ( 'NONE',  ( 0.001309232896838029205, -0.1328125000000001665, -0.2668193107265960928 ) ) ;
#2109 = DIRECTION ( 'NONE',  ( 0.000000000000000000, -1.000000000000000000, 0.000000000000000000 ) ) ;
#2110 = EDGE_CURVE ( 'NONE', #1562, #1611, #1963, .T. ) ;
#2111 = CARTESIAN_POINT ( 'NONE',  ( 0.01000000000000004705, 0.1328124999999999722, -0.2367136103677463244 ) ) ;
#2112 = CIRCLE ( 'NONE', #1131, 0.2274899352205227709 ) ;
#2113 = VECTOR ( 'NONE', #2080, 39.37007874015748143 ) ;
#2114 = CIRCLE ( 'NONE', #1854, 0.1999999999999999833 ) ;
#2115 = DIRECTION ( 'NONE',  ( 1.000000000000000000, 0.000000000000000000, 2.163886977247685745E-16 ) ) ;
#2116 = CIRCLE ( 'NONE', #901, 0.1722640653041067893 ) ;
#2117 = ORIENTED_EDGE ( 'NONE', *, *, #27, .T. ) ;
#2118 = CARTESIAN_POINT ( 'NONE',  ( -0.5599999999999999423, -0.1228125000000001021, -0.2867136103677466741 ) ) ;
#2119 = EDGE_CURVE ( 'NONE', #2633, #106, #2670, .T. ) ;
#2120 = AXIS2_PLACEMENT_3D ( 'NONE', #85, #1809, #1581 ) ;
#2121 = CIRCLE ( 'NONE', #2672, 0.009999999999999995004 ) ;
#2122 = DIRECTION ( 'NONE',  ( -0.5000000000000003331, 0.000000000000000000, 0.8660254037844385966 ) ) ;
#2123 = AXIS2_PLACEMENT_3D ( 'NONE', #743, #2688, #986 ) ;
#2124 = CARTESIAN_POINT ( 'NONE',  ( -0.02500000000000002220, 0.1428124999999999811, -0.2857883832488645748 ) ) ;
#2125 = CARTESIAN_POINT ( 'NONE',  ( -0.05483794571369884907, 0.3712928809408951314, -0.07853971694629431621 ) ) ;
#2126 = ORIENTED_EDGE ( 'NONE', *, *, #1720, .F. ) ;
#2127 = DIRECTION ( 'NONE',  ( 0.000000000000000000, -1.000000000000000000, 0.000000000000000000 ) ) ;
#2128 = FACE_OUTER_BOUND ( 'NONE', #1915, .T. ) ;
#2129 = DIRECTION ( 'NONE',  ( 0.9961946980917454342, 0.000000000000000000, 0.08715574274765836016 ) ) ;
#2130 = EDGE_CURVE ( 'NONE', #2253, #1274, #634, .T. ) ;
#2131 = DIRECTION ( 'NONE',  ( -1.000000000000000000, -0.000000000000000000, -0.000000000000000000 ) ) ;
#2132 = ORIENTED_EDGE ( 'NONE', *, *, #2090, .T. ) ;
#2133 = ORIENTED_EDGE ( 'NONE', *, *, #1411, .F. ) ;
#2134 = ORIENTED_EDGE ( 'NONE', *, *, #395, .T. ) ;
#2135 = DIRECTION ( 'NONE',  ( 1.000000000000000000, 0.000000000000000000, 2.163886977247685745E-16 ) ) ;
#2136 = DIRECTION ( 'NONE',  ( -1.000000000000000000, -0.000000000000000000, -0.000000000000000000 ) ) ;
#2137 = AXIS2_PLACEMENT_3D ( 'NONE', #1947, #2152, #2139 ) ;
#2138 = DIRECTION ( 'NONE',  ( -1.000000000000000000, -0.000000000000000000, -0.000000000000000000 ) ) ;
#2139 = DIRECTION ( 'NONE',  ( 0.000000000000000000, 0.000000000000000000, 1.000000000000000000 ) ) ;
#2140 = CARTESIAN_POINT ( 'NONE',  ( -0.06663135923118103376, 0.3428124999999999645, -0.07984949331458522648 ) ) ;
#2141 = EDGE_CURVE ( 'NONE', #1287, #2011, #1075, .T. ) ;
#2142 = DIRECTION ( 'NONE',  ( -0.8660254037844385966, 0.000000000000000000, -0.5000000000000002220 ) ) ;
#2143 = VERTEX_POINT ( 'NONE', #2591 ) ;
#2144 = ORIENTED_EDGE ( 'NONE', *, *, #1025, .T. ) ;
#2145 = CARTESIAN_POINT ( 'NONE',  ( -0.4812216565067930496, 0.4314542096934886883, -0.02268939593077477779 ) ) ;
#2146 = CARTESIAN_POINT ( 'NONE',  ( -0.5177646205414719871, -0.1090621960500532533, -0.3188332449864109686 ) ) ;
#2147 = EDGE_LOOP ( 'NONE', ( #2273, #1741, #1173, #572, #386 ) ) ;
#2148 = CARTESIAN_POINT ( 'NONE',  ( -0.5099999999999998979, 0.1328125000000000000, -0.2367136103677466852 ) ) ;
#2149 = CARTESIAN_POINT ( 'NONE',  ( -0.4374618890058691867, 0.3094209865610992871, -0.06973863247756249828 ) ) ;
#2150 = DIRECTION ( 'NONE',  ( -0.8660254037844387076, 0.000000000000000000, 0.5000000000000001110 ) ) ;
#2151 = ORIENTED_EDGE ( 'NONE', *, *, #379, .F. ) ;
#2152 = DIRECTION ( 'NONE',  ( 3.329491765587158386E-17, 1.000000000000000000, 5.766848901379164457E-17 ) ) ;
#2153 = CARTESIAN_POINT ( 'NONE',  ( -0.2499999999999995837, 0.6576613620344213818, -0.3215976894552134979 ) ) ;
#2154 = LINE ( 'NONE', #468, #844 ) ;
#2155 = ORIENTED_EDGE ( 'NONE', *, *, #786, .F. ) ;
#2156 = ORIENTED_EDGE ( 'NONE', *, *, #419, .F. ) ;
#2157 = EDGE_CURVE ( 'NONE', #1536, #1661, #1953, .T. ) ;
#2158 = AXIS2_PLACEMENT_3D ( 'NONE', #1643, #577, #389 ) ;
#2159 = CARTESIAN_POINT ( 'NONE',  ( 0.1599999999999999756, 0.3499999999999999778, -0.2000000000000000389 ) ) ;
#2160 = COLOUR_RGB ( '',0.7921568627450980005, 0.8196078431372548767, 0.9333333333333333481 ) ;
#2161 = ADVANCED_FACE ( 'NONE', ( #1330 ), #2462, .T. ) ;
#2162 = EDGE_CURVE ( 'NONE', #1970, #1148, #487, .T. ) ;
#2163 = VECTOR ( 'NONE', #268, 39.37007874015748143 ) ;
#2164 = ORIENTED_EDGE ( 'NONE', *, *, #1470, .F. ) ;
#2165 = CARTESIAN_POINT ( 'NONE',  ( -0.1875000000000001110, -0.1228125000000001021, 0.3247595264191644460 ) ) ;
#2166 = CARTESIAN_POINT ( 'NONE',  ( -0.4333686407688182585, 0.3428124999999999645, -0.07984949331458530974 ) ) ;
#2167 = CARTESIAN_POINT ( 'NONE',  ( 0.03285539738102827984, -0.1828124999996343092, -0.3101205809158176785 ) ) ;
#2168 = EDGE_CURVE ( 'NONE', #667, #1256, #1493, .T. ) ;
#2169 =( CONVERSION_BASED_UNIT ( 'INCH', #2226 ) LENGTH_UNIT ( ) NAMED_UNIT ( #61 ) );
#2170 = CARTESIAN_POINT ( 'NONE',  ( -0.2499999999999998612, 0.2328124999999999500, -0.1622640653041068082 ) ) ;
#2171 = DIRECTION ( 'NONE',  ( 0.000000000000000000, -1.000000000000000000, 0.000000000000000000 ) ) ;
#2172 = FACE_OUTER_BOUND ( 'NONE', #2007, .T. ) ;
#2173 = ORIENTED_EDGE ( 'NONE', *, *, #2529, .T. ) ;
#2174 = VERTEX_POINT ( 'NONE', #505 ) ;
#2175 = CARTESIAN_POINT ( 'NONE',  ( -0.02338306765771638179, 0.4247545203713125050, 0.03861935171321322774 ) ) ;
#2176 = DIRECTION ( 'NONE',  ( 0.000000000000000000, 0.000000000000000000, -1.000000000000000000 ) ) ;
#2177 = APPLICATION_CONTEXT ( 'automotive_design' ) ;
#2178 = ADVANCED_FACE ( 'NONE', ( #318 ), #73, .T. ) ;
#2179 = VERTEX_POINT ( 'NONE', #41 ) ;
#2180 = CARTESIAN_POINT ( 'NONE',  ( -0.4374597982252643735, 0.3094299086460011727, 0.06974437897950204468 ) ) ;
#2181 = EDGE_CURVE ( 'NONE', #2093, #2718, #2337, .T. ) ;
#2182 = CARTESIAN_POINT ( 'NONE',  ( -0.2499999999999998612, 0.2428124999999999589, -1.372493369525490991E-17 ) ) ;
#2183 = EDGE_LOOP ( 'NONE', ( #2200, #2470, #1308, #1909 ) ) ;
#2184 = PLANE ( 'NONE',  #1288 ) ;
#2185 = CARTESIAN_POINT ( 'NONE',  ( 0.01000000000000004705, 1.405383189954596324, 0.1501110699893029032 ) ) ;
#2186 = CARTESIAN_POINT ( 'NONE',  ( -0.6499999999999999112, 0.6576613620344213818, 0.2309401076758502425 ) ) ;
#2187 = VERTEX_POINT ( 'NONE', #1985 ) ;
#2188 = ORIENTED_EDGE ( 'NONE', *, *, #1696, .T. ) ;
#2189 = DIRECTION ( 'NONE',  ( 0.3535533905932752297, 0.7071067811865445751, 0.6123724356957972459 ) ) ;
#2190 = CARTESIAN_POINT ( 'NONE',  ( 0.2599999999999998979, 0.3499999999999999778, 6.749559786947459495E-17 ) ) ;
#2191 = EDGE_CURVE ( 'NONE', #2010, #538, #2114, .T. ) ;
#2192 = EDGE_CURVE ( 'NONE', #221, #1998, #1859, .T. ) ;
#2193 = DIRECTION ( 'NONE',  ( 0.5000000000000000000, 0.000000000000000000, 0.8660254037844385966 ) ) ;
#2194 = CARTESIAN_POINT ( 'NONE',  ( -0.06579830160806071637, 0.3452299394033399027, 0.08014027228128925429 ) ) ;
#2195 = EDGE_CURVE ( 'NONE', #258, #1162, #240, .T. ) ;
#2196 = AXIS2_PLACEMENT_3D ( 'NONE', #1805, #710, #1108 ) ;
#2197 = LINE ( 'NONE', #1167, #2570 ) ;
#2198 = CARTESIAN_POINT ( 'NONE',  ( 0.02500000000000003955, -0.1828125000000001554, -0.3146558967083458169 ) ) ;
#2199 = ORIENTED_EDGE ( 'NONE', *, *, #346, .F. ) ;
#2200 = ORIENTED_EDGE ( 'NONE', *, *, #1172, .T. ) ;
#2201 = VECTOR ( 'NONE', #112, 39.37007874015748143 ) ;
#2202 = CARTESIAN_POINT ( 'NONE',  ( -0.4359810639095905715, 0.3499999999999999778, 0.08040088267695071067 ) ) ;
#2203 = CIRCLE ( 'NONE', #1719, 0.03000000000000000583 ) ;
#2204 = CARTESIAN_POINT ( 'NONE',  ( 0.1599999999999999756, 0.3499999999999999778, 4.585672809699774736E-17 ) ) ;
#2205 = VECTOR ( 'NONE', #2707, 39.37007874015748143 ) ;
#2206 = AXIS2_PLACEMENT_3D ( 'NONE', #1153, #920, #1577 ) ;
#2207 = ORIENTED_EDGE ( 'NONE', *, *, #1417, .F. ) ;
#2208 = AXIS2_PLACEMENT_3D ( 'NONE', #2287, #580, #2275 ) ;
#2209 = AXIS2_PLACEMENT_3D ( 'NONE', #1115, #898, #2193 ) ;
#2210 = ORIENTED_EDGE ( 'NONE', *, *, #2141, .T. ) ;
#2211 = VECTOR ( 'NONE', #2129, 39.37007874015748143 ) ;
#2212 = CARTESIAN_POINT ( 'NONE',  ( -0.5177646205414697667, 0.1190621960500453103, -0.3188332449864205720 ) ) ;
#2213 = VECTOR ( 'NONE', #1607, 39.37007874015748854 ) ;
#2214 =( NAMED_UNIT ( * ) PLANE_ANGLE_UNIT ( ) SI_UNIT ( $, .RADIAN. ) );
#2215 = ORIENTED_EDGE ( 'NONE', *, *, #1872, .F. ) ;
#2216 = CARTESIAN_POINT ( 'NONE',  ( -0.5100000000000000089, -0.1228125000000001021, 0.1501110699893025702 ) ) ;
#2217 = DIRECTION ( 'NONE',  ( -1.000000000000000000, 0.000000000000000000, 0.000000000000000000 ) ) ;
#2218 = FACE_OUTER_BOUND ( 'NONE', #2018, .T. ) ;
#2219 = EDGE_LOOP ( 'NONE', ( #1671, #1659, #173, #1830, #923, #1077, #2315, #2424, #2723 ) ) ;
#2220 = ORIENTED_EDGE ( 'NONE', *, *, #871, .F. ) ;
#2221 = EDGE_LOOP ( 'NONE', ( #391, #1321, #1318, #2004 ) ) ;
#2222 = LINE ( 'NONE', #2706, #1181 ) ;
#2223 = LINE ( 'NONE', #1328, #1299 ) ;
#2224 = ORIENTED_EDGE ( 'NONE', *, *, #1956, .F. ) ;
#2225 = CARTESIAN_POINT ( 'NONE',  ( -0.5089883296214642305, 0.1372440120223082649, -0.2402181393600188453 ) ) ;
#2226 = LENGTH_MEASURE_WITH_UNIT ( LENGTH_MEASURE( 0.02539999999999999897 ), #2627 );
#2227 = ORIENTED_EDGE ( 'NONE', *, *, #2141, .F. ) ;
#2228 = CARTESIAN_POINT ( 'NONE',  ( 0.1873853277175702159, 0.3499999999999999778, 5.178260349856877944E-17 ) ) ;
#2229 = CARTESIAN_POINT ( 'NONE',  ( -0.05149484067189442210, 0.2722248735008692133, -0.02485012809516158952 ) ) ;
#2230 = LINE ( 'NONE', #1168, #837 ) ;
#2231 = ORIENTED_EDGE ( 'NONE', *, *, #1623, .T. ) ;
#2232 = EDGE_CURVE ( 'NONE', #2105, #2554, #536, .T. ) ;
#2233 = DIRECTION ( 'NONE',  ( 1.000000000000000000, 0.000000000000000000, 2.163886977247685745E-16 ) ) ;
#2234 = EDGE_CURVE ( 'NONE', #2662, #1835, #541, .T. ) ;
#2235 = EDGE_CURVE ( 'NONE', #1162, #1052, #1240, .T. ) ;
#2236 = CARTESIAN_POINT ( 'NONE',  ( -0.06192635971797964128, 0.3554768798349518533, -0.08058395938710917472 ) ) ;
#2237 = ORIENTED_EDGE ( 'NONE', *, *, #736, .T. ) ;
#2238 = ORIENTED_EDGE ( 'NONE', *, *, #2074, .F. ) ;
#2239 = ADVANCED_FACE ( 'NONE', ( #1707 ), #1726, .F. ) ;
#2240 = CARTESIAN_POINT ( 'NONE',  ( -0.5702032085367469971, 0.1724621052056406478, -0.2885578120914203404 ) ) ;
#2241 = ORIENTED_EDGE ( 'NONE', *, *, #1739, .T. ) ;
#2242 = CARTESIAN_POINT ( 'NONE',  ( -0.06580218712961985461, 0.3452186640573616239, -0.08013891603904044203 ) ) ;
#2243 = DIRECTION ( 'NONE',  ( -0.8660254037844385966, 0.000000000000000000, 0.5000000000000001110 ) ) ;
#2244 = CARTESIAN_POINT ( 'NONE',  ( 2.328158406994678916E-17, 0.1428125000000000366, -0.2713546265191238982 ) ) ;
#2245 = ORIENTED_EDGE ( 'NONE', *, *, #1454, .F. ) ;
#2246 = CARTESIAN_POINT ( 'NONE',  ( -0.4061003816236765651, 0.6510815634676780927, -0.2703737920531001926 ) ) ;
#2247 = DIRECTION ( 'NONE',  ( 0.000000000000000000, 0.000000000000000000, 1.000000000000000000 ) ) ;
#2248 = AXIS2_PLACEMENT_3D ( 'NONE', #98, #1189, #2658 ) ;
#2249 = EDGE_CURVE ( 'NONE', #1759, #2269, #2553, .T. ) ;
#2250 = EDGE_CURVE ( 'NONE', #311, #2600, #2602, .T. ) ;
#2251 = ORIENTED_EDGE ( 'NONE', *, *, #257, .T. ) ;
#2252 = EDGE_CURVE ( 'NONE', #187, #2770, #1061, .T. ) ;
#2253 = VERTEX_POINT ( 'NONE', #1051 ) ;
#2254 = CARTESIAN_POINT ( 'NONE',  ( -0.5299053597861933529, 0.1351501844852304179, -0.3118237859153261682 ) ) ;
#2255 = AXIS2_PLACEMENT_3D ( 'NONE', #1635, #655, #570 ) ;
#2256 = VECTOR ( 'NONE', #1346, 39.37007874015747433 ) ;
#2257 = AXIS2_PLACEMENT_3D ( 'NONE', #1516, #1552, #2176 ) ;
#2258 = ORIENTED_EDGE ( 'NONE', *, *, #1197, .T. ) ;
#2259 = CARTESIAN_POINT ( 'NONE',  ( 0.2599999999999998979, 0.3499999999999999778, 6.749559786947459495E-17 ) ) ;
#2260 = CYLINDRICAL_SURFACE ( 'NONE', #55, 0.01000000000000002970 ) ;
#2261 = CARTESIAN_POINT ( 'NONE',  ( 0.08193556617256798902, -0.1421454397499619382, -0.2817841322521499881 ) ) ;
#2262 = CIRCLE ( 'NONE', #2625, 0.1622640653041068082 ) ;
#2263 = VECTOR ( 'NONE', #642, 39.37007874015748143 ) ;
#2264 = DIRECTION ( 'NONE',  ( 0.000000000000000000, 0.5735764363510466035, 0.8191520442889913545 ) ) ;
#2265 = DIRECTION ( 'NONE',  ( 0.000000000000000000, -1.000000000000000000, -0.000000000000000000 ) ) ;
#2266 = CARTESIAN_POINT ( 'NONE',  ( -0.2499999999999998612, -0.1428124999999999811, -1.372493369525490991E-17 ) ) ;
#2267 = ORIENTED_EDGE ( 'NONE', *, *, #189, .F. ) ;
#2268 = EDGE_CURVE ( 'NONE', #1426, #1824, #144, .T. ) ;
#2269 = VERTEX_POINT ( 'NONE', #178 ) ;
#2270 = DIRECTION ( 'NONE',  ( -1.000000000000000000, -0.000000000000000000, -2.163886977247685745E-16 ) ) ;
#2271 = CARTESIAN_POINT ( 'NONE',  ( 0.08500000000000006162, -0.1228125000000001021, -0.2800148805569682708 ) ) ;
#2272 = LINE ( 'NONE', #350, #721 ) ;
#2273 = ORIENTED_EDGE ( 'NONE', *, *, #2695, .F. ) ;
#2274 = DIRECTION ( 'NONE',  ( -0.000000000000000000, -1.000000000000000000, -0.000000000000000000 ) ) ;
#2275 = DIRECTION ( 'NONE',  ( 0.5000000000000000000, 0.000000000000000000, 0.8660254037844387076 ) ) ;
#2276 = ADVANCED_FACE ( 'NONE', ( #2321, #1465 ), #1031, .F. ) ;
#2277 = ORIENTED_EDGE ( 'NONE', *, *, #2409, .F. ) ;
#2278 = CARTESIAN_POINT ( 'NONE',  ( -0.6599999999999999201, 0.3499999999999999778, -0.2000000000000001221 ) ) ;
#2279 = DIRECTION ( 'NONE',  ( 0.000000000000000000, 0.000000000000000000, -1.000000000000000000 ) ) ;
#2280 = CARTESIAN_POINT ( 'NONE',  ( 0.01000000000000004705, -0.1228125000000001021, -0.2367136103677463244 ) ) ;
#2281 = ADVANCED_FACE ( 'NONE', ( #2764 ), #422, .T. ) ;
#2282 =( CONVERSION_BASED_UNIT ( 'INCH', #975 ) LENGTH_UNIT ( ) NAMED_UNIT ( #1347 ) );
#2283 = CARTESIAN_POINT ( 'NONE',  ( -0.2499999999999996114, 0.6576613620344213818, 0.3215976894552124987 ) ) ;
#2284 =( BOUNDED_SURFACE ( )  B_SPLINE_SURFACE ( 3, 2, ( 
 ( #2454, #523, #2244 ),
 ( #327, #1178, #842 ),
 ( #2552, #1919, #1008 ),
 ( #1434, #1867, #1464 ),
 ( #1016, #2776, #1878 ),
 ( #1705, #1239, #2320 ),
 ( #2568, #432, #1891 ),
 ( #2097, #614, #2306 ),
 ( #830, #2522, #2740 ),
 ( #2507, #376, #630 ),
 ( #1642, #1498, #1224 ),
 ( #2083, #1654, #1693 ),
 ( #2760, #815, #1677 ),
 ( #2540, #403, #2111 ) ),
 .UNSPECIFIED., .F., .F., .T. ) 
 B_SPLINE_SURFACE_WITH_KNOTS ( ( 4, 2, 2, 2, 2, 2, 4 ),
 ( 3, 3 ),
 ( 4.712388980384689674, 5.105088062083414258, 5.497787143782137953, 5.694136684631500245, 5.890486225480861648, 6.086835766330223940, 6.283185307179586232 ),
 ( 0.000000000000000000, 1.000000000000000000 ),
 .UNSPECIFIED. ) 
 GEOMETRIC_REPRESENTATION_ITEM ( )  RATIONAL_B_SPLINE_SURFACE ( (
 ( 1.000000000000000000, 0.7071067811865475727, 1.000000000000000000),
 ( 1.000000000000000000, 0.6839851889165884380, 1.000000000000000000),
 ( 1.000000000000000000, 0.6596424902697218817, 1.000000000000000000),
 ( 1.000000000000000000, 0.6120951271792988146, 1.000000000000000000),
 ( 1.000000000000000000, 0.5888781489331443852, 1.000000000000000000),
 ( 1.000000000000000000, 0.5583518938149688582, 1.000000000000000000),
 ( 1.000000000000000000, 0.5489023695691527260, 1.000000000000000000),
 ( 1.000000000000000000, 0.5320834710862447636, 1.000000000000000000),
 ( 1.000000000000000000, 0.5247172511790842986, 1.000000000000000000),
 ( 1.000000000000000000, 0.5126450131667485977, 1.000000000000000000),
 ( 1.000000000000000000, 0.5079427478039112431, 1.000000000000000000),
 ( 1.000000000000000000, 0.5016188994454132688, 1.000000000000000000),
 ( 1.000000000000000000, 0.4999953516107917273, 1.000000000000000000),
 ( 1.000000000000000000, 0.5000000000000003331, 1.000000000000000000) ) ) 
 REPRESENTATION_ITEM ( '' )  SURFACE ( )  );
#2285 = ORIENTED_EDGE ( 'NONE', *, *, #1489, .F. ) ;
#2286 = CARTESIAN_POINT ( 'NONE',  ( -0.05962909234629471672, 0.3608809746752784653, -0.08022204926509921008 ) ) ;
#2287 = CARTESIAN_POINT ( 'NONE',  ( -0.2499999999999996669, 0.2428124999999999034, -4.439252989704427977E-16 ) ) ;
#2288 = AXIS2_PLACEMENT_3D ( 'NONE', #387, #2494, #1638 ) ;
#2289 = LINE ( 'NONE', #2159, #2263 ) ;
#2290 = AXIS2_PLACEMENT_3D ( 'NONE', #540, #2265, #344 ) ;
#2291 = ORIENTED_EDGE ( 'NONE', *, *, #1665, .F. ) ;
#2292 = CARTESIAN_POINT ( 'NONE',  ( -0.2499999999999998335, -0.2328125000000000056, -0.1622640653041068082 ) ) ;
#2293 = TOROIDAL_SURFACE ( 'NONE', #2622, 0.1637611984268849685, 0.02999999999999999889 ) ;
#2294 = FACE_OUTER_BOUND ( 'NONE', #1098, .T. ) ;
#2295 = AXIS2_PLACEMENT_3D ( 'NONE', #1772, #478, #467 ) ;
#2296 = VECTOR ( 'NONE', #388, 39.37007874015748143 ) ;
#2297 = ORIENTED_EDGE ( 'NONE', *, *, #2362, .F. ) ;
#2298 = LINE ( 'NONE', #640, #566 ) ;
#2299 = CARTESIAN_POINT ( 'NONE',  ( -0.4767229221482009449, 0.4249108739865396500, -0.03833832094430226350 ) ) ;
#2300 = CARTESIAN_POINT ( 'NONE',  ( 0.2299999999999999267, 0.3499999999999999778, 6.100393693773153697E-17 ) ) ;
#2301 = LINE ( 'NONE', #145, #1039 ) ;
#2302 = ORIENTED_EDGE ( 'NONE', *, *, #2584, .T. ) ;
#2303 = CARTESIAN_POINT ( 'NONE',  ( -0.3499999999999997002, 0.2528124999999999400, -0.1732050807568881468 ) ) ;
#2304 = CARTESIAN_POINT ( 'NONE',  ( -0.6599999999999999201, 0.3499999999999999778, 0.2274899352205227432 ) ) ;
#2305 = CARTESIAN_POINT ( 'NONE',  ( 0.08308099897544078682, -0.1383694538376267213, -0.2811228163150727433 ) ) ;
#2306 = CARTESIAN_POINT ( 'NONE',  ( 0.008678315966576631915, 0.1378240067769178623, -0.2412920581626314676 ) ) ;
#2307 = CARTESIAN_POINT ( 'NONE',  ( -0.05961656105054193022, 0.2972064652447406474, -0.06134863051326991390 ) ) ;
#2308 = ORIENTED_EDGE ( 'NONE', *, *, #2545, .T. ) ;
#2309 = DIRECTION ( 'NONE',  ( 0.000000000000000000, 0.000000000000000000, 1.000000000000000000 ) ) ;
#2310 = DIRECTION ( 'NONE',  ( -0.5000000000000004441, 0.000000000000000000, 0.8660254037844384856 ) ) ;
#2311 = ADVANCED_FACE ( 'NONE', ( #1908 ), #1086, .F. ) ;
#2312 = DIRECTION ( 'NONE',  ( -0.000000000000000000, -0.000000000000000000, 1.000000000000000000 ) ) ;
#2313 = CARTESIAN_POINT ( 'NONE',  ( 0.1600000000000000033, -0.1828124999999994615, -0.2367136103677463521 ) ) ;
#2314 = ADVANCED_FACE ( 'NONE', ( #209 ), #1573, .F. ) ;
#2315 = ORIENTED_EDGE ( 'NONE', *, *, #1489, .T. ) ;
#2316 = CARTESIAN_POINT ( 'NONE',  ( -0.6499999999999999112, 0.6576613620344213818, 0.2367136103677462411 ) ) ;
#2317 = CARTESIAN_POINT ( 'NONE',  ( -0.5099999999999998979, -0.1228125000000001021, -0.2367136103677466852 ) ) ;
#2318 = CARTESIAN_POINT ( 'NONE',  ( -0.6873853277175702159, 0.3499999999999999778, -4.286263797015734746E-17 ) ) ;
#2319 = DIRECTION ( 'NONE',  ( -0.8660254037844385966, -0.000000000000000000, 0.5000000000000000000 ) ) ;
#2320 = CARTESIAN_POINT ( 'NONE',  ( 0.007533868089457348635, 0.1394207675342736541, -0.2452565419021994764 ) ) ;
#2321 = FACE_BOUND ( 'NONE', #1625, .T. ) ;
#2322 = ORIENTED_EDGE ( 'NONE', *, *, #870, .T. ) ;
#2323 = PLANE ( 'NONE',  #1690 ) ;
#2324 = CARTESIAN_POINT ( 'NONE',  ( -0.4380736402820197273, 0.3554768798349519088, -0.08058395938710917472 ) ) ;
#2325 = CARTESIAN_POINT ( 'NONE',  ( -0.2499999999999997224, 0.1328125000000005274, 0.3002221399786054179 ) ) ;
#2326 = ADVANCED_FACE ( 'NONE', ( #843 ), #1261, .F. ) ;
#2327 = EDGE_CURVE ( 'NONE', #866, #888, #2353, .T. ) ;
#2328 = EDGE_CURVE ( 'NONE', #623, #1590, #1968, .T. ) ;
#2329 = AXIS2_PLACEMENT_3D ( 'NONE', #1825, #1165, #1399 ) ;
#2330 = ORIENTED_EDGE ( 'NONE', *, *, #2168, .F. ) ;
#2331 = DIRECTION ( 'NONE',  ( -0.5000000000000001110, 0.000000000000000000, -0.8660254037844385966 ) ) ;
#2332 = DIRECTION ( 'NONE',  ( 0.000000000000000000, 0.000000000000000000, -1.000000000000000000 ) ) ;
#2333 = AXIS2_PLACEMENT_3D ( 'NONE', #402, #2109, #589 ) ;
#2334 = CARTESIAN_POINT ( 'NONE',  ( 0.1899999999999999467, 0.3499999999999999778, 5.234838902874079917E-17 ) ) ;
#2335 = CONICAL_SURFACE ( 'NONE', #452, 0.3215976894552129983, 0.9599310885968806994 ) ;
#2336 = VECTOR ( 'NONE', #259, 39.37007874015748143 ) ;
#2337 = CIRCLE ( 'NONE', #1036, 0.02999999999999998848 ) ;
#2338 = DIRECTION ( 'NONE',  ( 0.000000000000000000, 0.000000000000000000, 1.000000000000000000 ) ) ;
#2339 = EDGE_LOOP ( 'NONE', ( #896, #275, #550, #252 ) ) ;
#2340 = CARTESIAN_POINT ( 'NONE',  ( -0.2499999999999996114, 0.6510815634676780927, -4.579724529770264347E-16 ) ) ;
#2341 = DIRECTION ( 'NONE',  ( -1.174949609190442701E-15, 0.6546536707079757544, 0.7559289460184556164 ) ) ;
#2342 = VECTOR ( 'NONE', #712, 39.37007874015748143 ) ;
#2343 = VECTOR ( 'NONE', #1651, 39.37007874015748143 ) ;
#2344 = TOROIDAL_SURFACE ( 'NONE', #146, 0.2274899352205227432, 0.02999999999999999889 ) ;
#2345 = CIRCLE ( 'NONE', #2123, 0.1622640653041068082 ) ;
#2346 = CARTESIAN_POINT ( 'NONE',  ( -0.2424999999999999101, -0.2328125000000000056, -0.4200223208354527116 ) ) ;
#2347 = EDGE_LOOP ( 'NONE', ( #603, #1754 ) ) ;
#2348 = DIRECTION ( 'NONE',  ( 8.659560562354947649E-17, -0.7071067811865462405, 0.7071067811865486830 ) ) ;
#2349 = CARTESIAN_POINT ( 'NONE',  ( -0.2499999999999996114, 0.6576613620344213818, 0.3215976894552124987 ) ) ;
#2350 = DIRECTION ( 'NONE',  ( 0.000000000000000000, 1.000000000000000000, 0.000000000000000000 ) ) ;
#2351 = DIRECTION ( 'NONE',  ( 0.000000000000000000, 0.000000000000000000, 1.000000000000000000 ) ) ;
#2352 = ADVANCED_FACE ( 'NONE', ( #2612 ), #2434, .F. ) ;
#2353 = LINE ( 'NONE', #435, #1986 ) ;
#2354 = ORIENTED_EDGE ( 'NONE', *, *, #2192, .T. ) ;
#2355 = ORIENTED_EDGE ( 'NONE', *, *, #364, .T. ) ;
#2356 = CARTESIAN_POINT ( 'NONE',  ( -0.5849999999999998535, 0.1328125000000000000, -0.2800148805569686039 ) ) ;
#2357 = FACE_OUTER_BOUND ( 'NONE', #2393, .T. ) ;
#2358 = CARTESIAN_POINT ( 'NONE',  ( -0.2500000000000001110, 0.6576613620344213818, -0.4618802153517005959 ) ) ;
#2359 = DIRECTION ( 'NONE',  ( 0.5000000000000000000, 0.000000000000000000, 0.8660254037844385966 ) ) ;
#2360 = CARTESIAN_POINT ( 'NONE',  ( 0.002617478911154090017, -0.1325522267386984587, -0.2622874135954084140 ) ) ;
#2361 = FACE_OUTER_BOUND ( 'NONE', #617, .T. ) ;
#2362 = EDGE_CURVE ( 'NONE', #1887, #498, #2197, .T. ) ;
#2363 = ORIENTED_EDGE ( 'NONE', *, *, #816, .F. ) ;
#2364 = CARTESIAN_POINT ( 'NONE',  ( -0.7326146722824298241, 0.3499999999999999778, -0.1936470393696374248 ) ) ;
#2365 = ADVANCED_FACE ( 'NONE', ( #2218 ), #1107, .T. ) ;
#2366 = CARTESIAN_POINT ( 'NONE',  ( 4.055086865595390561E-17, -0.1228125000000001021, -2.251025402519530072E-33 ) ) ;
#2367 = CARTESIAN_POINT ( 'NONE',  ( 0.01000000000000002623, 0.1328125000000000000, -0.2367136103677463244 ) ) ;
#2368 = VERTEX_POINT ( 'NONE', #1962 ) ;
#2369 = VERTEX_POINT ( 'NONE', #1546 ) ;
#2370 = ORIENTED_EDGE ( 'NONE', *, *, #1955, .F. ) ;
#2371 = ADVANCED_FACE ( 'NONE', ( #80 ), #1804, .T. ) ;
#2372 = CARTESIAN_POINT ( 'NONE',  ( -0.7299999999999999822, 0.3499999999999999778, -0.1362388015731152979 ) ) ;
#2373 = CARTESIAN_POINT ( 'NONE',  ( -0.5789299777287860715, -0.1494015721338491642, -0.2835194095492408750 ) ) ;
#2374 = ORIENTED_EDGE ( 'NONE', *, *, #2328, .F. ) ;
#2375 = DIRECTION ( 'NONE',  ( -0.000000000000000000, 1.000000000000000000, -0.000000000000000000 ) ) ;
#2376 = CARTESIAN_POINT ( 'NONE',  ( 0.03054824590392179323, -0.1167789301358150844, -0.3114526154421856097 ) ) ;
#2377 = CARTESIAN_POINT ( 'NONE',  ( -0.6873853277175702159, 0.3499999999999999778, -0.1976040942777704534 ) ) ;
#2378 = ORIENTED_EDGE ( 'NONE', *, *, #854, .F. ) ;
#2379 = DIRECTION ( 'NONE',  ( 3.329491765587158386E-17, 1.000000000000000000, 5.766848901379164457E-17 ) ) ;
#2380 = CARTESIAN_POINT ( 'NONE',  ( 0.2299999999999999267, 0.3499999999999999778, 6.100393693773153697E-17 ) ) ;
#2381 = ORIENTED_EDGE ( 'NONE', *, *, #1758, .F. ) ;
#2382 = VERTEX_POINT ( 'NONE', #51 ) ;
#2383 = CARTESIAN_POINT ( 'NONE',  ( -0.05488806007213372501, 0.3711903584915334786, 0.07856425728279879672 ) ) ;
#2384 = EDGE_CURVE ( 'NONE', #1287, #2369, #57, .T. ) ;
#2385 = AXIS2_PLACEMENT_3D ( 'NONE', #1222, #2550, #611 ) ;
#2386 = EDGE_LOOP ( 'NONE', ( #1507, #1296, #2446, #1788 ) ) ;
#2387 = CARTESIAN_POINT ( 'NONE',  ( -0.7599999999999998979, 0.3499999999999999778, 0.1637611984268849408 ) ) ;
#2388 = AXIS2_PLACEMENT_3D ( 'NONE', #305, #979, #1843 ) ;
#2389 = DIRECTION ( 'NONE',  ( 0.8660254037844387076, 0.000000000000000000, -0.4999999999999999445 ) ) ;
#2390 = CIRCLE ( 'NONE', #1182, 0.03000000000000000583 ) ;
#2391 = CIRCLE ( 'NONE', #809, 0.1063529606303628694 ) ;
#2392 =( BOUNDED_SURFACE ( )  B_SPLINE_SURFACE ( 3, 2, ( 
 ( #2674, #119, #75 ),
 ( #492, #2700, #109 ),
 ( #2044, #756, #2438 ),
 ( #519, #1801, #2029 ),
 ( #1149, #1368, #1608 ),
 ( #507, #2212, #2225 ),
 ( #1584, #962, #310 ),
 ( #271, #1130, #1163 ),
 ( #2240, #2006, #931 ),
 ( #1595, #62, #918 ),
 ( #2017, #294, #2656 ),
 ( #2465, #2254, #95 ),
 ( #1822, #2640, #1780 ),
 ( #1556, #2687, #1382 ) ),
 .UNSPECIFIED., .F., .F., .F. ) 
 B_SPLINE_SURFACE_WITH_KNOTS ( ( 4, 2, 2, 2, 2, 2, 4 ),
 ( 3, 3 ),
 ( 3.141592653589793116, 3.337942194439155408, 3.534291735288517255, 3.730641276137879103, 3.926990816987241395, 4.319689898685965090, 4.712388980384689674 ),
 ( 0.000000000000000000, 1.000000000000000000 ),
 .UNSPECIFIED. ) 
 GEOMETRIC_REPRESENTATION_ITEM ( )  RATIONAL_B_SPLINE_SURFACE ( (
 ( 1.000000000000000000, 0.4999999999999995004, 1.000000000000000000),
 ( 1.000000000000000000, 0.4999953516107518703, 1.000000000000000000),
 ( 1.000000000000000000, 0.5016188994454667816, 1.000000000000000000),
 ( 1.000000000000000000, 0.5079427478038577304, 1.000000000000000000),
 ( 1.000000000000000000, 0.5126450131667386056, 1.000000000000000000),
 ( 1.000000000000000000, 0.5247172511790938465, 1.000000000000000000),
 ( 1.000000000000000000, 0.5320834710862331063, 1.000000000000000000),
 ( 1.000000000000000000, 0.5489023695691640503, 1.000000000000000000),
 ( 1.000000000000000000, 0.5583518938149804045, 1.000000000000000000),
 ( 1.000000000000000000, 0.5888781489331199603, 1.000000000000000000),
 ( 1.000000000000000000, 0.6120951271792479664, 1.000000000000000000),
 ( 1.000000000000000000, 0.6596424902697713977, 1.000000000000000000),
 ( 1.000000000000000000, 0.6839851889165500243, 1.000000000000000000),
 ( 1.000000000000000000, 0.7071067811865477948, 1.000000000000000000) ) ) 
 REPRESENTATION_ITEM ( '' )  SURFACE ( )  );
#2393 = EDGE_LOOP ( 'NONE', ( #643, #1974, #969, #1880 ) ) ;
#2394 = DIRECTION ( 'NONE',  ( 0.8660254037844384856, -0.000000000000000000, 0.5000000000000002220 ) ) ;
#2395 = CARTESIAN_POINT ( 'NONE',  ( -0.4383998443473126061, 0.3051920666050026432, 0.06719352491765295810 ) ) ;
#2396 = CARTESIAN_POINT ( 'NONE',  ( -0.5599999999999999423, -0.1228125000000001021, -0.2367136103677466852 ) ) ;
#2397 = VERTEX_POINT ( 'NONE', #1337 ) ;
#2398 = CARTESIAN_POINT ( 'NONE',  ( -0.4359810639095852425, 0.3499999999999983680, -0.08040088267696270108 ) ) ;
#2399 = CARTESIAN_POINT ( 'NONE',  ( -0.5305482459039188026, -0.1167789301358257426, -0.3114526154421858872 ) ) ;
#2400 = EDGE_LOOP ( 'NONE', ( #1519, #2322 ) ) ;
#2401 = ORIENTED_EDGE ( 'NONE', *, *, #177, .F. ) ;
#2402 = ORIENTED_EDGE ( 'NONE', *, *, #120, .F. ) ;
#2403 = CARTESIAN_POINT ( 'NONE',  ( -0.02960738841118342249, 0.4153821103535923487, 0.05207857272914596936 ) ) ;
#2404 = LINE ( 'NONE', #1327, #2163 ) ;
#2405 = ORIENTED_EDGE ( 'NONE', *, *, #131, .T. ) ;
#2406 = DIRECTION ( 'NONE',  ( 0.000000000000000000, 0.000000000000000000, -1.000000000000000000 ) ) ;
#2407 = ADVANCED_FACE ( 'NONE', ( #1139 ), #502, .F. ) ;
#2408 = CARTESIAN_POINT ( 'NONE',  ( 0.1899999999999999745, 0.3499999999999999778, -0.2274899352205226599 ) ) ;
#2409 = EDGE_CURVE ( 'NONE', #498, #1590, #856, .T. ) ;
#2410 = EDGE_CURVE ( 'NONE', #2419, #1550, #2444, .T. ) ;
#2411 = DIRECTION ( 'NONE',  ( 3.329491765587158386E-17, 1.000000000000000000, 5.766848901379164457E-17 ) ) ;
#2412 = CARTESIAN_POINT ( 'NONE',  ( -0.06492631033890579328, 0.3476251381838090793, 0.08032149771663196769 ) ) ;
#2413 = CONICAL_SURFACE ( 'NONE', #126, 0.2000000000000000944, 0.08726646259971666819 ) ;
#2414 = ORIENTED_EDGE ( 'NONE', *, *, #1842, .T. ) ;
#2415 = DIRECTION ( 'NONE',  ( 0.000000000000000000, 0.000000000000000000, -1.000000000000000000 ) ) ;
#2416 = DIRECTION ( 'NONE',  ( 0.000000000000000000, -1.000000000000000000, -0.000000000000000000 ) ) ;
#2417 = VERTEX_POINT ( 'NONE', #2398 ) ;
#2418 = VERTEX_POINT ( 'NONE', #2020 ) ;
#2419 = VERTEX_POINT ( 'NONE', #2186 ) ;
#2420 = CARTESIAN_POINT ( 'NONE',  ( 0.1599999999999999756, 0.3499999999999999778, 4.585672809699774736E-17 ) ) ;
#2421 = EDGE_CURVE ( 'NONE', #799, #2179, #99, .T. ) ;
#2422 = EDGE_LOOP ( 'NONE', ( #2435, #960, #94, #1410 ) ) ;
#2423 = CARTESIAN_POINT ( 'NONE',  ( -0.4553811003859182804, 0.3909954251736055819, 0.07188503250936643940 ) ) ;
#2424 = ORIENTED_EDGE ( 'NONE', *, *, #1266, .T. ) ;
#2425 = LINE ( 'NONE', #323, #1917 ) ;
#2426 = DIRECTION ( 'NONE',  ( 0.000000000000000000, 0.000000000000000000, -1.000000000000000000 ) ) ;
#2427 = CARTESIAN_POINT ( 'NONE',  ( -0.5328553973810270517, -0.1828124999996460498, -0.3101205809158186777 ) ) ;
#2428 = VERTEX_POINT ( 'NONE', #664 ) ;
#2429 = VERTEX_POINT ( 'NONE', #1119 ) ;
#2430 = ORIENTED_EDGE ( 'NONE', *, *, #1453, .F. ) ;
#2431 = DIRECTION ( 'NONE',  ( 0.000000000000000000, 1.000000000000000000, 0.000000000000000000 ) ) ;
#2432 = CIRCLE ( 'NONE', #1481, 0.02999999999999998848 ) ;
#2433 = CARTESIAN_POINT ( 'NONE',  ( -0.6599999999999999201, 0.3499999999999999778, -4.286263797015734746E-17 ) ) ;
#2434 = CONICAL_SURFACE ( 'NONE', #2206, 0.1000000000000000888, 0.08726646259971666819 ) ;
#2435 = ORIENTED_EDGE ( 'NONE', *, *, #854, .T. ) ;
#2436 = AXIS2_PLACEMENT_3D ( 'NONE', #2420, #883, #1793 ) ;
#2437 = VECTOR ( 'NONE', #360, 39.37007874015748143 ) ;
#2438 = CARTESIAN_POINT ( 'NONE',  ( -0.5099355391121578318, 0.1341214808007173964, -0.2369369094334336234 ) ) ;
#2439 = CARTESIAN_POINT ( 'NONE',  ( -0.06663135923118140846, 0.3428124999999999645, 0.07984949331458522648 ) ) ;
#2440 = MANIFOLD_SOLID_BREP ( 'Fillet8', #2786 ) ;
#2441 = EDGE_CURVE ( 'NONE', #1729, #1249, #1128, .T. ) ;
#2442 = ORIENTED_EDGE ( 'NONE', *, *, #977, .F. ) ;
#2443 = CARTESIAN_POINT ( 'NONE',  ( 0.2326146722824295465, 0.3499999999999999778, -0.1936470393696373138 ) ) ;
#2444 = LINE ( 'NONE', #251, #1215 ) ;
#2445 = CARTESIAN_POINT ( 'NONE',  ( 0.1121428571428569887, -0.2306696428571428370, 0.2090832760565287940 ) ) ;
#2446 = ORIENTED_EDGE ( 'NONE', *, *, #1655, .F. ) ;
#2447 = EDGE_CURVE ( 'NONE', #1550, #888, #759, .T. ) ;
#2448 = CARTESIAN_POINT ( 'NONE',  ( -0.2499999999999996114, 0.6576613620344213818, -4.585101083551346975E-16 ) ) ;
#2449 = VERTEX_POINT ( 'NONE', #1190 ) ;
#2450 = CARTESIAN_POINT ( 'NONE',  ( -0.5727064576768445825, -0.1594118873008438519, -0.2871125605265363312 ) ) ;
#2451 = ORIENTED_EDGE ( 'NONE', *, *, #1050, .T. ) ;
#2452 = CARTESIAN_POINT ( 'NONE',  ( 0.2299999999999999822, 0.3499999999999999778, -0.1362388015731151591 ) ) ;
#2453 = FILL_AREA_STYLE_COLOUR ( '', #2160 ) ;
#2454 = CARTESIAN_POINT ( 'NONE',  ( 0.02500000000000002914, 0.1928125000000000255, -0.3146558967083458169 ) ) ;
#2455 = ORIENTED_EDGE ( 'NONE', *, *, #1956, .T. ) ;
#2456 = EDGE_CURVE ( 'NONE', #2463, #1840, #823, .T. ) ;
#2457 = EDGE_CURVE ( 'NONE', #480, #531, #2432, .T. ) ;
#2458 = ADVANCED_FACE ( 'NONE', ( #2294 ), #2050, .T. ) ;
#2459 = ORIENTED_EDGE ( 'NONE', *, *, #462, .F. ) ;
#2460 = DIRECTION ( 'NONE',  ( -0.6546536707079753103, 0.6546536707079783080, 0.3779644730092283633 ) ) ;
#2461 = CARTESIAN_POINT ( 'NONE',  ( 4.055086865595390561E-17, 0.1328125000000000000, -2.251025402519530072E-33 ) ) ;
#2462 = PLANE ( 'NONE',  #677 ) ;
#2463 = VERTEX_POINT ( 'NONE', #2692 ) ;
#2464 = LINE ( 'NONE', #1396, #2213 ) ;
#2465 = CARTESIAN_POINT ( 'NONE',  ( -0.5407048734669209766, 0.1912508604321927208, -0.3055886837846302218 ) ) ;
#2466 = ORIENTED_EDGE ( 'NONE', *, *, #2074, .T. ) ;
#2467 = CARTESIAN_POINT ( 'NONE',  ( 0.009999999999999726122, 0.1386703643762693394, 0.1501110699893027089 ) ) ;
#2468 = PRESENTATION_STYLE_ASSIGNMENT (( #1587 ) ) ;
#2469 = LINE ( 'NONE', #2051, #215 ) ;
#2470 = ORIENTED_EDGE ( 'NONE', *, *, #2235, .F. ) ;
#2471 = B_SPLINE_CURVE_WITH_KNOTS ( 'NONE', 3,
 ( #2439, #2194, #2412, #295 ),
 .UNSPECIFIED., .F., .F.,
 ( 4, 4 ),
 ( 2.096323695373812557E-07, 0.0001932922861153392035 ),
 .UNSPECIFIED. ) ;
#2472 = DIRECTION ( 'NONE',  ( 3.329491765587158386E-17, 1.000000000000000000, 5.766848901379164457E-17 ) ) ;
#2473 = CARTESIAN_POINT ( 'NONE',  ( -0.6599999999999999201, 0.6476613620344215949, 0.2367136103677464354 ) ) ;
#2474 = EDGE_CURVE ( 'NONE', #1649, #1932, #375, .T. ) ;
#2475 = ORIENTED_EDGE ( 'NONE', *, *, #409, .T. ) ;
#2476 = AXIS2_PLACEMENT_3D ( 'NONE', #205, #2738, #2730 ) ;
#2477 = ORIENTED_EDGE ( 'NONE', *, *, #515, .F. ) ;
#2478 = AXIS2_PLACEMENT_3D ( 'NONE', #709, #278, #2415 ) ;
#2479 = AXIS2_PLACEMENT_3D ( 'NONE', #2182, #508, #1992 ) ;
#2480 = VECTOR ( 'NONE', #1219, 39.37007874015748143 ) ;
#2481 = VECTOR ( 'NONE', #1619, 39.37007874015748143 ) ;
#2482 = VERTEX_POINT ( 'NONE', #555 ) ;
#2483 = DIRECTION ( 'NONE',  ( 0.000000000000000000, 0.000000000000000000, 1.000000000000000000 ) ) ;
#2484 = VECTOR ( 'NONE', #607, 39.37007874015748854 ) ;
#2485 = DIRECTION ( 'NONE',  ( -0.8660254037844385966, 0.000000000000000000, 0.5000000000000000000 ) ) ;
#2486 = ORIENTED_EDGE ( 'NONE', *, *, #1941, .F. ) ;
#2487 = CARTESIAN_POINT ( 'NONE',  ( -0.2499999999999998612, -0.2328125000000000056, -0.1922640653041067516 ) ) ;
#2488 = DIRECTION ( 'NONE',  ( -0.000000000000000000, -1.000000000000000000, -0.000000000000000000 ) ) ;
#2489 = EDGE_CURVE ( 'NONE', #1374, #1840, #2272, .T. ) ;
#2490 = CARTESIAN_POINT ( 'NONE',  ( -0.2499999999999996114, 0.6510815634676780927, 0.3122007632473535743 ) ) ;
#2491 = EDGE_CURVE ( 'NONE', #2449, #2463, #2059, .T. ) ;
#2492 = EDGE_CURVE ( 'NONE', #1274, #866, #990, .T. ) ;
#2493 = VERTEX_POINT ( 'NONE', #563 ) ;
#2494 = DIRECTION ( 'NONE',  ( -0.000000000000000000, 1.000000000000000000, -0.000000000000000000 ) ) ;
#2495 = FACE_OUTER_BOUND ( 'NONE', #2339, .T. ) ;
#2496 = DIRECTION ( 'NONE',  ( -0.8660254037844385966, 0.000000000000000000, 0.4999999999999998335 ) ) ;
#2497 = EDGE_LOOP ( 'NONE', ( #1043, #1154 ) ) ;
#2498 = ORIENTED_EDGE ( 'NONE', *, *, #2232, .F. ) ;
#2499 =( BOUNDED_SURFACE ( )  B_SPLINE_SURFACE ( 3, 2, ( 
 ( #2271, #1007, #2280 ),
 ( #1876, #1446, #1865 ),
 ( #2731, #1400, #1199 ),
 ( #2305, #1237, #2058 ),
 ( #2261, #134, #1252 ),
 ( #1091, #1944, #1071 ),
 ( #1270, #1059, #658 ),
 ( #1703, #1928, #4 ),
 ( #1475, #417, #874 ),
 ( #442, #599, #1047 ),
 ( #2565, #2376, #859 ),
 ( #2774, #2755, #2360 ),
 ( #2167, #247, #2108 ),
 ( #813, #1675, #1461 ) ),
 .UNSPECIFIED., .F., .F., .T. ) 
 B_SPLINE_SURFACE_WITH_KNOTS ( ( 4, 2, 2, 2, 2, 2, 4 ),
 ( 3, 3 ),
 ( 3.141592653589793116, 3.337942194439155408, 3.534291735288517255, 3.730641276137879103, 3.926990816987241395, 4.319689898685965090, 4.712388980384689674 ),
 ( 0.000000000000000000, 1.000000000000000000 ),
 .UNSPECIFIED. ) 
 GEOMETRIC_REPRESENTATION_ITEM ( )  RATIONAL_B_SPLINE_SURFACE ( (
 ( 1.000000000000000000, 0.5000000000000003331, 1.000000000000000000),
 ( 1.000000000000000000, 0.4999953516107807916, 1.000000000000000000),
 ( 1.000000000000000000, 0.5016188994454278127, 1.000000000000000000),
 ( 1.000000000000000000, 0.5079427478038966992, 1.000000000000000000),
 ( 1.000000000000000000, 0.5126450131666935306, 1.000000000000000000),
 ( 1.000000000000000000, 0.5247172511791395877, 1.000000000000000000),
 ( 1.000000000000000000, 0.5320834710862152317, 1.000000000000000000),
 ( 1.000000000000000000, 0.5489023695691810367, 1.000000000000000000),
 ( 1.000000000000000000, 0.5583518938149744093, 1.000000000000000000),
 ( 1.000000000000000000, 0.5888781489331319507, 1.000000000000000000),
 ( 1.000000000000000000, 0.6120951271792480775, 1.000000000000000000),
 ( 1.000000000000000000, 0.6596424902697715087, 1.000000000000000000),
 ( 1.000000000000000000, 0.6839851889165496912, 1.000000000000000000),
 ( 1.000000000000000000, 0.7071067811865477948, 1.000000000000000000) ) ) 
 REPRESENTATION_ITEM ( '' )  SURFACE ( )  );
#2500 = TOROIDAL_SURFACE ( 'NONE', #701, 0.1362388015731152147, 0.02999999999999999889 ) ;
#2501 = CARTESIAN_POINT ( 'NONE',  ( -0.6899999999999998357, 0.3499999999999999778, -4.286263797015734746E-17 ) ) ;
#2502 = FACE_OUTER_BOUND ( 'NONE', #2787, .T. ) ;
#2503 = CARTESIAN_POINT ( 'NONE',  ( -0.5100000000045833426, -0.1201912814865791629, -0.3233161507435169946 ) ) ;
#2504 = ORIENTED_EDGE ( 'NONE', *, *, #1200, .T. ) ;
#2505 = CARTESIAN_POINT ( 'NONE',  ( -0.2499999999999996669, 0.3428124999999999645, -4.439252989704427977E-16 ) ) ;
#2506 = DIRECTION ( 'NONE',  ( -0.5000000000000017764, 0.000000000000000000, 0.8660254037844377084 ) ) ;
#2507 = CARTESIAN_POINT ( 'NONE',  ( 0.08193556617256753105, 0.1521454397499627520, -0.2817841322521502101 ) ) ;
#2508 = ORIENTED_EDGE ( 'NONE', *, *, #1776, .F. ) ;
#2509 = DIRECTION ( 'NONE',  ( 0.000000000000000000, 0.000000000000000000, -1.000000000000000000 ) ) ;
#2510 = FACE_OUTER_BOUND ( 'NONE', #682, .T. ) ;
#2511 = CARTESIAN_POINT ( 'NONE',  ( -0.4834008926633238667, 0.4345651758214895688, -0.005645656898410347617 ) ) ;
#2512 = CYLINDRICAL_SURFACE ( 'NONE', #2208, 0.2000000000000000111 ) ;
#2513 = CARTESIAN_POINT ( 'NONE',  ( -0.4680741761085494002, 0.4117922324011193957, 0.05597111159680923792 ) ) ;
#2514 = AXIS2_PLACEMENT_3D ( 'NONE', #558, #2472, #2040 ) ;
#2515 = PRODUCT_DEFINITION_FORMATION_WITH_SPECIFIED_SOURCE ( 'ANY', '', #353, .NOT_KNOWN. ) ;
#2516 = ORIENTED_EDGE ( 'NONE', *, *, #2110, .F. ) ;
#2517 = PLANE ( 'NONE',  #56 ) ;
#2518 = DIRECTION ( 'NONE',  ( 0.000000000000000000, 0.000000000000000000, 1.000000000000000000 ) ) ;
#2519 = CIRCLE ( 'NONE', #1487, 0.009999999999999995004 ) ;
#2520 = LINE ( 'NONE', #1462, #1217 ) ;
#2521 = MECHANICAL_DESIGN_GEOMETRIC_PRESENTATION_REPRESENTATION (  '', ( #1940 ), #186 ) ;
#2522 = CARTESIAN_POINT ( 'NONE',  ( 0.01776462054147240691, 0.1190621960500469617, -0.3188332449864174634 ) ) ;
#2523 = EDGE_CURVE ( 'NONE', #2043, #2428, #1015, .T. ) ;
#2524 = AXIS2_PLACEMENT_3D ( 'NONE', #641, #2089, #182 ) ;
#2525 = EDGE_CURVE ( 'NONE', #345, #2429, #2679, .T. ) ;
#2526 = ORIENTED_EDGE ( 'NONE', *, *, #300, .T. ) ;
#2527 = CARTESIAN_POINT ( 'NONE',  ( 0.1099999999999997785, -0.2328125000000000056, 0.2078460969082652765 ) ) ;
#2528 = DIRECTION ( 'NONE',  ( -0.8660254037844385966, 0.000000000000000000, -0.5000000000000003331 ) ) ;
#2529 = EDGE_CURVE ( 'NONE', #1543, #1837, #1857, .T. ) ;
#2530 = DIRECTION ( 'NONE',  ( -0.8660254037844385966, 0.000000000000000000, 0.4999999999999998335 ) ) ;
#2531 = FACE_OUTER_BOUND ( 'NONE', #428, .T. ) ;
#2532 = EDGE_CURVE ( 'NONE', #2143, #1017, #2578, .T. ) ;
#2533 = CYLINDRICAL_SURFACE ( 'NONE', #1136, 0.2000000000000000111 ) ;
#2534 = ORIENTED_EDGE ( 'NONE', *, *, #1138, .T. ) ;
#2535 = CARTESIAN_POINT ( 'NONE',  ( -0.4999999999999998335, -0.1828125000000000999, -0.2713546265191242313 ) ) ;
#2536 = LINE ( 'NONE', #597, #2481 ) ;
#2537 = DIRECTION ( 'NONE',  ( 0.000000000000000000, 0.000000000000000000, -1.000000000000000000 ) ) ;
#2538 = DIRECTION ( 'NONE',  ( 2.649997260403019975E-32, 1.000000000000000000, -1.224646799147353207E-16 ) ) ;
#2539 =( BOUNDED_CURVE ( )  B_SPLINE_CURVE ( 3, ( #1691, #194, #2551, #2096 ),
 .UNSPECIFIED., .F., .T. ) 
 B_SPLINE_CURVE_WITH_KNOTS ( ( 4, 4 ),
 ( 1.092739197465704972E-14, 1.570796326794897890 ),
 .UNSPECIFIED. ) 
 CURVE ( )  GEOMETRIC_REPRESENTATION_ITEM ( )  RATIONAL_B_SPLINE_CURVE ( ( 1.000000000000000000, 0.8047378541243672689, 0.8047378541243672689, 1.000000000000000000 ) ) 
 REPRESENTATION_ITEM ( '' )  );
#2540 = CARTESIAN_POINT ( 'NONE',  ( 0.08500000000000006162, 0.1328124999999998890, -0.2800148805569682708 ) ) ;
#2541 = CARTESIAN_POINT ( 'NONE',  ( -0.2499999999999998612, 0.6576613620344213818, 0.4618802153517007070 ) ) ;
#2542 = DIRECTION ( 'NONE',  ( 1.003171929053524254E-16, 0.5735764363510464925, -0.8191520442889914655 ) ) ;
#2543 = ORIENTED_EDGE ( 'NONE', *, *, #2409, .T. ) ;
#2544 = EDGE_CURVE ( 'NONE', #2187, #2770, #2203, .T. ) ;
#2545 = EDGE_CURVE ( 'NONE', #560, #500, #2588, .T. ) ;
#2546 = EDGE_CURVE ( 'NONE', #2429, #2397, #1929, .T. ) ;
#2547 = LINE ( 'NONE', #1456, #2577 ) ;
#2548 = DIRECTION ( 'NONE',  ( 0.000000000000000000, 0.000000000000000000, 1.000000000000000000 ) ) ;
#2549 = ORIENTED_EDGE ( 'NONE', *, *, #1314, .T. ) ;
#2550 = DIRECTION ( 'NONE',  ( -1.000000000000000000, 0.000000000000000000, 0.000000000000000000 ) ) ;
#2551 = CARTESIAN_POINT ( 'NONE',  ( -0.2500000000000002220, -0.1328124999999999445, -0.4495125895616827738 ) ) ;
#2552 = CARTESIAN_POINT ( 'NONE',  ( 0.04070487346692021335, 0.1912508604321889183, -0.3055886837846304438 ) ) ;
#2553 = LINE ( 'NONE', #1931, #1133 ) ;
#2554 = VERTEX_POINT ( 'NONE', #600 ) ;
#2555 = ORIENTED_EDGE ( 'NONE', *, *, #1796, .F. ) ;
#2556 = CARTESIAN_POINT ( 'NONE',  ( -0.02521672183640331216, 0.4220419744883741053, -0.04314031995758246113 ) ) ;
#2557 = DIRECTION ( 'NONE',  ( 1.000000000000000000, -0.000000000000000000, 2.163886977247685745E-16 ) ) ;
#2558 = EDGE_CURVE ( 'NONE', #1155, #1449, #2709, .T. ) ;
#2559 = ADVANCED_FACE ( 'NONE', ( #2775 ), #5, .F. ) ;
#2560 = AXIS2_PLACEMENT_3D ( 'NONE', #2380, #1948, #1320 ) ;
#2561 = EDGE_CURVE ( 'NONE', #2179, #469, #1918, .T. ) ;
#2562 = CONICAL_SURFACE ( 'NONE', #1348, 0.2000000000000000944, 0.08726646259971666819 ) ;
#2563 = ORIENTED_EDGE ( 'NONE', *, *, #120, .T. ) ;
#2564 = CARTESIAN_POINT ( 'NONE',  ( -0.4403834389494574175, 0.2972064652447406474, -0.06134863051326994859 ) ) ;
#2565 = CARTESIAN_POINT ( 'NONE',  ( 0.05521713841689135371, -0.1752396834691655747, -0.2972100237092134556 ) ) ;
#2566 = CIRCLE ( 'NONE', #1350, 0.009999999999999995004 ) ;
#2567 = DIRECTION ( 'NONE',  ( 1.000000000000000000, 0.000000000000000000, 2.163886977247685745E-16 ) ) ;
#2568 = CARTESIAN_POINT ( 'NONE',  ( 0.07270645767684817684, 0.1694118873008437498, -0.2871125605265340552 ) ) ;
#2569 = AXIS2_PLACEMENT_3D ( 'NONE', #255, #1312, #1112 ) ;
#2570 = VECTOR ( 'NONE', #2379, 39.37007874015748143 ) ;
#2571 = DIRECTION ( 'NONE',  ( -5.687138850458655231E-17, 0.000000000000000000, -1.000000000000000000 ) ) ;
#2572 = DIRECTION ( 'NONE',  ( 0.4999999999999996114, 0.000000000000000000, -0.8660254037844388186 ) ) ;
#2573 = ORIENTED_EDGE ( 'NONE', *, *, #1375, .F. ) ;
#2574 = ORIENTED_EDGE ( 'NONE', *, *, #2421, .F. ) ;
#2575 = CARTESIAN_POINT ( 'NONE',  ( 2.511855426866783031E-17, -0.1328125000000000000, -0.2713546265191238982 ) ) ;
#2576 = DIRECTION ( 'NONE',  ( 3.329491765587158386E-17, 1.000000000000000000, 5.766848901379164457E-17 ) ) ;
#2577 = VECTOR ( 'NONE', #1244, 39.37007874015748143 ) ;
#2578 = CIRCLE ( 'NONE', #1991, 0.02999999999999998848 ) ;
#2579 = CARTESIAN_POINT ( 'NONE',  ( -0.6599999999999999201, -0.1828124999999994615, -0.2367136103677465464 ) ) ;
#2580 = CIRCLE ( 'NONE', #1042, 0.009999999999999995004 ) ;
#2581 = CARTESIAN_POINT ( 'NONE',  ( -0.2499999999999998335, 0.1428124999999999811, 0.2886751345948130321 ) ) ;
#2582 = CARTESIAN_POINT ( 'NONE',  ( -0.04456561331425078210, 0.3910937112256736015, -0.07184365590479378783 ) ) ;
#2583 = CARTESIAN_POINT ( 'NONE',  ( -0.2499999999999998612, -0.1328125000000000000, -1.372493369525490991E-17 ) ) ;
#2584 = EDGE_CURVE ( 'NONE', #1449, #1155, #1568, .T. ) ;
#2585 = EDGE_CURVE ( 'NONE', #1095, #1374, #2520, .T. ) ;
#2586 = ORIENTED_EDGE ( 'NONE', *, *, #1539, .T. ) ;
#2587 = DIRECTION ( 'NONE',  ( 1.000000000000000000, -0.000000000000000000, -0.000000000000000000 ) ) ;
#2588 = LINE ( 'NONE', #647, #2211 ) ;
#2589 = LINE ( 'NONE', #661, #1551 ) ;
#2590 = DIRECTION ( 'NONE',  ( 2.163886977247685745E-16, 0.000000000000000000, -1.000000000000000000 ) ) ;
#2591 = CARTESIAN_POINT ( 'NONE',  ( 0.2326146722824294633, 0.3499999999999999778, 0.1936470393696374526 ) ) ;
#2592 = ORIENTED_EDGE ( 'NONE', *, *, #941, .T. ) ;
#2593 = ADVANCED_FACE ( 'NONE', ( #1704 ), #46, .T. ) ;
#2594 = DIRECTION ( 'NONE',  ( -5.687138850458655231E-17, 0.000000000000000000, -1.000000000000000000 ) ) ;
#2595 = FACE_OUTER_BOUND ( 'NONE', #903, .T. ) ;
#2596 = EDGE_LOOP ( 'NONE', ( #2592, #2067, #2164, #2075 ) ) ;
#2597 = PLANE ( 'NONE',  #229 ) ;
#2598 = ADVANCED_FACE ( 'NONE', ( #1238 ), #1049, .F. ) ;
#2599 = VECTOR ( 'NONE', #556, 39.37007874015748143 ) ;
#2600 = VERTEX_POINT ( 'NONE', #6 ) ;
#2601 = FACE_OUTER_BOUND ( 'NONE', #744, .T. ) ;
#2602 = LINE ( 'NONE', #2153, #1485 ) ;
#2603 = EDGE_LOOP ( 'NONE', ( #1069, #1902, #1813, #2677, #1339 ) ) ;
#2604 = ORIENTED_EDGE ( 'NONE', *, *, #1605, .F. ) ;
#2605 = PLANE ( 'NONE',  #14 ) ;
#2606 = CARTESIAN_POINT ( 'NONE',  ( 0.1599999999999998923, 0.3499999999999999778, 0.2000000000000001221 ) ) ;
#2607 = ORIENTED_EDGE ( 'NONE', *, *, #2104, .T. ) ;
#2608 = CARTESIAN_POINT ( 'NONE',  ( -0.4462916617916137807, 0.2782577756456859897, 0.03857361707383805127 ) ) ;
#2609 = DIRECTION ( 'NONE',  ( 0.000000000000000000, 0.000000000000000000, 1.000000000000000000 ) ) ;
#2610 = ORIENTED_EDGE ( 'NONE', *, *, #171, .F. ) ;
#2611 = CARTESIAN_POINT ( 'NONE',  ( -0.4333686407688182585, 0.3428124999999999645, -0.07984949331458530974 ) ) ;
#2612 = FACE_OUTER_BOUND ( 'NONE', #1549, .T. ) ;
#2613 = EDGE_CURVE ( 'NONE', #2482, #2179, #2539, .T. ) ;
#2614 = DIRECTION ( 'NONE',  ( 0.8660254037844389297, 0.000000000000000000, 0.4999999999999997780 ) ) ;
#2615 = ORIENTED_EDGE ( 'NONE', *, *, #1904, .F. ) ;
#2616 = CARTESIAN_POINT ( 'NONE',  ( -0.02016434287141333215, 0.4294622984903390117, 0.02850963763859183306 ) ) ;
#2617 = VECTOR ( 'NONE', #2394, 39.37007874015748854 ) ;
#2618 = ADVANCED_FACE ( 'NONE', ( #613 ), #2344, .F. ) ;
#2619 = VECTOR ( 'NONE', #224, 39.37007874015747433 ) ;
#2620 = ORIENTED_EDGE ( 'NONE', *, *, #2799, .T. ) ;
#2621 = DIRECTION ( 'NONE',  ( -1.000000000000000000, 0.000000000000000000, 0.000000000000000000 ) ) ;
#2622 = AXIS2_PLACEMENT_3D ( 'NONE', #2300, #382, #1885 ) ;
#2623 = DIRECTION ( 'NONE',  ( 2.506488572015003080E-16, 0.000000000000000000, -1.000000000000000000 ) ) ;
#2624 = AXIS2_PLACEMENT_3D ( 'NONE', #2102, #15, #1054 ) ;
#2625 = AXIS2_PLACEMENT_3D ( 'NONE', #368, #1428, #1624 ) ;
#2626 = AXIS2_PLACEMENT_3D ( 'NONE', #1716, #1298, #1205 ) ;
#2627 =( LENGTH_UNIT ( ) NAMED_UNIT ( * ) SI_UNIT ( $, .METRE. ) );
#2628 = ORIENTED_EDGE ( 'NONE', *, *, #2585, .F. ) ;
#2629 = CARTESIAN_POINT ( 'NONE',  ( -0.4350695247284322997, 0.3476142373459705226, -0.08032113333224810692 ) ) ;
#2630 = CARTESIAN_POINT ( 'NONE',  ( -0.05079945281364345311, 0.2703481672145557901, 0.02017241073884345690 ) ) ;
#2631 = ORIENTED_EDGE ( 'NONE', *, *, #1375, .T. ) ;
#2632 = CARTESIAN_POINT ( 'NONE',  ( -0.05969266960893278989, 0.3607362748104104289, 0.08023726367493812239 ) ) ;
#2633 = VERTEX_POINT ( 'NONE', #1497 ) ;
#2634 = ADVANCED_FACE ( 'NONE', ( #431 ), #366, .F. ) ;
#2635 = ORIENTED_EDGE ( 'NONE', *, *, #2410, .F. ) ;
#2636 = DIRECTION ( 'NONE',  ( 0.000000000000000000, 0.000000000000000000, -1.000000000000000000 ) ) ;
#2637 = ADVANCED_FACE ( 'NONE', ( #2361 ), #443, .F. ) ;
#2638 = DIRECTION ( 'NONE',  ( -0.000000000000000000, -1.000000000000000000, -0.000000000000000000 ) ) ;
#2639 = ORIENTED_EDGE ( 'NONE', *, *, #2181, .F. ) ;
#2640 = CARTESIAN_POINT ( 'NONE',  ( -0.5280410881217223462, 0.1394335135603576858, -0.3129001236626112736 ) ) ;
#2641 = DIRECTION ( 'NONE',  ( -0.000000000000000000, -1.000000000000000000, -0.000000000000000000 ) ) ;
#2642 = TOROIDAL_SURFACE ( 'NONE', #473, 0.1722640653041067893, 0.01000000000000000021 ) ;
#2643 = LINE ( 'NONE', #277, #352 ) ;
#2644 = CARTESIAN_POINT ( 'NONE',  ( -0.06505981639541039141, 0.3229615875193667107, 0.07628201549430257966 ) ) ;
#2645 = CARTESIAN_POINT ( 'NONE',  ( 0.005857864376269074878, 0.1428125000000000089, -0.2510623890720323770 ) ) ;
#2646 = DIRECTION ( 'NONE',  ( 0.000000000000000000, 0.000000000000000000, -1.000000000000000000 ) ) ;
#2647 = EDGE_LOOP ( 'NONE', ( #111, #1275, #2155, #2508 ) ) ;
#2648 = ORIENTED_EDGE ( 'NONE', *, *, #1081, .F. ) ;
#2649 = AXIS2_PLACEMENT_3D ( 'NONE', #315, #137, #1373 ) ;
#2650 = CARTESIAN_POINT ( 'NONE',  ( -0.03923208550278164258, 0.4001021259032282451, 0.06646009333408563202 ) ) ;
#2651 = EDGE_LOOP ( 'NONE', ( #22, #1480, #1341, #1106 ) ) ;
#2652 = PLANE ( 'NONE',  #731 ) ;
#2653 = CARTESIAN_POINT ( 'NONE',  ( -0.2500000000000000555, 0.1635231781186547440, -0.4734272207354931483 ) ) ;
#2654 = EDGE_CURVE ( 'NONE', #2397, #1649, #228, .T. ) ;
#2655 = ORIENTED_EDGE ( 'NONE', *, *, #18, .T. ) ;
#2656 = CARTESIAN_POINT ( 'NONE',  ( -0.5050361897361517194, 0.1415503639115256451, -0.2539087535199922030 ) ) ;
#2657 = FACE_OUTER_BOUND ( 'NONE', #427, .T. ) ;
#2658 = DIRECTION ( 'NONE',  ( 0.000000000000000000, 0.000000000000000000, 1.000000000000000000 ) ) ;
#2659 = DIRECTION ( 'NONE',  ( 3.329491765587158386E-17, 1.000000000000000000, 5.766848901379164457E-17 ) ) ;
#2660 = LINE ( 'NONE', #1211, #1742 ) ;
#2661 = ORIENTED_EDGE ( 'NONE', *, *, #472, .F. ) ;
#2662 = VERTEX_POINT ( 'NONE', #2377 ) ;
#2663 = AXIS2_PLACEMENT_3D ( 'NONE', #2068, #1916, #1005 ) ;
#2664 = CIRCLE ( 'NONE', #183, 0.1362388015731152147 ) ;
#2665 = DIRECTION ( 'NONE',  ( 0.000000000000000000, 0.000000000000000000, 1.000000000000000000 ) ) ;
#2666 = DIRECTION ( 'NONE',  ( 0.000000000000000000, 0.000000000000000000, -1.000000000000000000 ) ) ;
#2667 = AXIS2_PLACEMENT_3D ( 'NONE', #1344, #59, #927 ) ;
#2668 = AXIS2_PLACEMENT_3D ( 'NONE', #451, #2641, #1557 ) ;
#2669 = CARTESIAN_POINT ( 'NONE',  ( 0.08500000000000003386, -0.1228125000000001021, -0.2800148805569682708 ) ) ;
#2670 = CIRCLE ( 'NONE', #1437, 0.05000000000000002359 ) ;
#2671 = ORIENTED_EDGE ( 'NONE', *, *, #1186, .T. ) ;
#2672 = AXIS2_PLACEMENT_3D ( 'NONE', #1971, #1735, #1058 ) ;
#2673 = CARTESIAN_POINT ( 'NONE',  ( -0.5099999999999998979, -0.1228124999999995470, 0.1501110699893025702 ) ) ;
#2674 = CARTESIAN_POINT ( 'NONE',  ( -0.5849999999999998535, 0.1328125000000000000, -0.2800148805569685484 ) ) ;
#2675 = ADVANCED_FACE ( 'NONE', ( #2657 ), #761, .T. ) ;
#2676 = EDGE_CURVE ( 'NONE', #1017, #2493, #276, .T. ) ;
#2677 = ORIENTED_EDGE ( 'NONE', *, *, #685, .F. ) ;
#2678 = FACE_OUTER_BOUND ( 'NONE', #880, .T. ) ;
#2679 = LINE ( 'NONE', #2070, #1490 ) ;
#2680 = ORIENTED_EDGE ( 'NONE', *, *, #1503, .F. ) ;
#2681 = ORIENTED_EDGE ( 'NONE', *, *, #1655, .T. ) ;
#2682 = CARTESIAN_POINT ( 'NONE',  ( -0.7326146722824296020, 0.3499999999999999778, -4.286263797015734746E-17 ) ) ;
#2683 = DIRECTION ( 'NONE',  ( 0.000000000000000000, -1.000000000000000000, 0.000000000000000000 ) ) ;
#2684 = CARTESIAN_POINT ( 'NONE',  ( -0.2499999999999998612, 0.2428124999999999589, 0.1722640653041067893 ) ) ;
#2685 = CARTESIAN_POINT ( 'NONE',  ( -0.06401893609041413302, 0.3499999999999984790, -0.08040088267696268720 ) ) ;
#2686 = ORIENTED_EDGE ( 'NONE', *, *, #1700, .F. ) ;
#2687 = CARTESIAN_POINT ( 'NONE',  ( -0.5249999999999999112, 0.1428125000000000366, -0.3146558967083462055 ) ) ;
#2688 = DIRECTION ( 'NONE',  ( 0.000000000000000000, -1.000000000000000000, 0.000000000000000000 ) ) ;
#2689 = VERTEX_POINT ( 'NONE', #1747 ) ;
#2690 = DIRECTION ( 'NONE',  ( -0.8660254037844388186, -5.687138850458348068E-16, -0.5000000000000001110 ) ) ;
#2691 = DIRECTION ( 'NONE',  ( 0.000000000000000000, 0.000000000000000000, -1.000000000000000000 ) ) ;
#2692 = CARTESIAN_POINT ( 'NONE',  ( -0.5099999999999998979, 0.1328125000000005274, 0.1501110699893025702 ) ) ;
#2693 = ORIENTED_EDGE ( 'NONE', *, *, #2252, .T. ) ;
#2694 = ORIENTED_EDGE ( 'NONE', *, *, #576, .F. ) ;
#2695 = EDGE_CURVE ( 'NONE', #1774, #1294, #620, .T. ) ;
#2696 =( BOUNDED_CURVE ( )  B_SPLINE_CURVE ( 3, ( #847, #1711, #1018, #2575 ),
 .UNSPECIFIED., .F., .T. ) 
 B_SPLINE_CURVE_WITH_KNOTS ( ( 4, 4 ),
 ( 3.141592653589793116, 4.712388980384688786 ),
 .UNSPECIFIED. ) 
 CURVE ( )  GEOMETRIC_REPRESENTATION_ITEM ( )  RATIONAL_B_SPLINE_CURVE ( ( 1.000000000000000000, 0.8047378541243652705, 0.8047378541243652705, 1.000000000000000000 ) ) 
 REPRESENTATION_ITEM ( '' )  );
#2697 = DIRECTION ( 'NONE',  ( 0.8660254037844384856, 0.000000000000000000, 0.5000000000000002220 ) ) ;
#2698 = CARTESIAN_POINT ( 'NONE',  ( -0.6599999999999998090, 0.6476613620344213729, 0.2367136103677464631 ) ) ;
#2699 = ORIENTED_EDGE ( 'NONE', *, *, #433, .T. ) ;
#2700 = CARTESIAN_POINT ( 'NONE',  ( -0.5100000000045834536, 0.1301912814865799350, -0.3233161507435169946 ) ) ;
#2701 = ORIENTED_EDGE ( 'NONE', *, *, #256, .T. ) ;
#2702 = LINE ( 'NONE', #988, #798 ) ;
#2703 = SURFACE_STYLE_FILL_AREA ( #1853 ) ;
#2704 = ORIENTED_EDGE ( 'NONE', *, *, #1872, .T. ) ;
#2705 = EDGE_CURVE ( 'NONE', #1590, #187, #2471, .T. ) ;
#2706 = CARTESIAN_POINT ( 'NONE',  ( -0.4999999999999998335, 0.1428124999999999811, -0.1501110699893026812 ) ) ;
#2707 = DIRECTION ( 'NONE',  ( -0.8660254037844383745, 0.000000000000000000, -0.5000000000000002220 ) ) ;
#2708 = EDGE_CURVE ( 'NONE', #1998, #1824, #2566, .T. ) ;
#2709 = CIRCLE ( 'NONE', #1934, 0.1637611984268849685 ) ;
#2711 = CIRCLE ( 'NONE', #1658, 0.2274899352205227432 ) ;
#2710 = CARTESIAN_POINT ( 'NONE',  ( -0.2499999999999996669, 0.2428124999999999034, -4.439252989704427977E-16 ) ) ;
#2712 = ORIENTED_EDGE ( 'NONE', *, *, #1246, .T. ) ;
#2713 = AXIS2_PLACEMENT_3D ( 'NONE', #9, #831, #1255 ) ;
#2714 =( GEOMETRIC_REPRESENTATION_CONTEXT ( 3 ) GLOBAL_UNCERTAINTY_ASSIGNED_CONTEXT ( ( #243 ) ) GLOBAL_UNIT_ASSIGNED_CONTEXT ( ( #2169, #2214, #1094 ) ) REPRESENTATION_CONTEXT ( 'NONE', 'WORKASPACE' ) );
#2715 = CIRCLE ( 'NONE', #232, 0.1976040942777703979 ) ;
#2716 = VECTOR ( 'NONE', #1351, 39.37007874015748854 ) ;
#2717 = VECTOR ( 'NONE', #841, 39.37007874015748854 ) ;
#2718 = VERTEX_POINT ( 'NONE', #273 ) ;
#2719 = CARTESIAN_POINT ( 'NONE',  ( -0.06401893609041413302, 0.3499999999999984790, -0.08040088267696268720 ) ) ;
#2720 = DIRECTION ( 'NONE',  ( -0.8660254037844385966, 0.000000000000000000, -0.5000000000000003331 ) ) ;
#2721 = AXIS2_PLACEMENT_3D ( 'NONE', #162, #2576, #198 ) ;
#2722 = CARTESIAN_POINT ( 'NONE',  ( 0.1899999999999999190, 0.3499999999999999778, 0.2274899352205227987 ) ) ;
#2723 = ORIENTED_EDGE ( 'NONE', *, *, #189, .T. ) ;
#2724 = TOROIDAL_SURFACE ( 'NONE', #639, 0.1722640653041067893, 0.01000000000000000021 ) ;
#2725 = EDGE_CURVE ( 'NONE', #2105, #1611, #141, .T. ) ;
#2726 = DIRECTION ( 'NONE',  ( 3.329491765587158386E-17, 1.000000000000000000, 5.766848901379164457E-17 ) ) ;
#2727 = CARTESIAN_POINT ( 'NONE',  ( -0.5127459204268403070, -0.1131835476919679645, -0.3217307928485886315 ) ) ;
#2728 = ORIENTED_EDGE ( 'NONE', *, *, #2410, .T. ) ;
#2729 = DIRECTION ( 'NONE',  ( 0.9961946980917454342, -1.067350013832299517E-17, -0.08715574274765836016 ) ) ;
#2730 = DIRECTION ( 'NONE',  ( 0.5000000000000004441, 0.000000000000000000, -0.8660254037844384856 ) ) ;
#2731 = CARTESIAN_POINT ( 'NONE',  ( 0.08461323467294704082, -0.1306663848043087828, -0.2802381796226555699 ) ) ;
#2732 = CARTESIAN_POINT ( 'NONE',  ( -0.4999999999999998335, 0.1428124999999999811, 0.1443375672974064050 ) ) ;
#2733 = DIRECTION ( 'NONE',  ( 1.000000000000000000, 0.000000000000000000, 2.163886977247685745E-16 ) ) ;
#2734 = CARTESIAN_POINT ( 'NONE',  ( -0.2499999999999997224, 0.1328125000000005274, 0.3002221399786054179 ) ) ;
#2735 = DIRECTION ( 'NONE',  ( 0.000000000000000000, -1.000000000000000000, 0.000000000000000000 ) ) ;
#2736 = ORIENTED_EDGE ( 'NONE', *, *, #663, .T. ) ;
#2737 = DIRECTION ( 'NONE',  ( 0.8660254037844385966, -0.000000000000000000, -0.5000000000000000000 ) ) ;
#2738 = DIRECTION ( 'NONE',  ( 0.8660254037844385966, 0.000000000000000000, 0.5000000000000003331 ) ) ;
#2739 = CARTESIAN_POINT ( 'NONE',  ( 0.2299999999999998990, 0.3499999999999999778, 0.1637611984268850518 ) ) ;
#2740 = CARTESIAN_POINT ( 'NONE',  ( 0.008988329621464325944, 0.1372440120223086257, -0.2402181393600179571 ) ) ;
#2741 = ORIENTED_EDGE ( 'NONE', *, *, #379, .T. ) ;
#2742 = DIRECTION ( 'NONE',  ( -0.7071067811865475727, 0.7071067811865475727, 0.000000000000000000 ) ) ;
#2743 = ORIENTED_EDGE ( 'NONE', *, *, #993, .F. ) ;
#2744 = DIRECTION ( 'NONE',  ( -0.000000000000000000, 1.000000000000000000, -8.171304526338934795E-17 ) ) ;
#2745 = FACE_OUTER_BOUND ( 'NONE', #1278, .T. ) ;
#2746 = CARTESIAN_POINT ( 'NONE',  ( -0.2499999999999998890, 1.405383189954596324, 0.4734272207354930928 ) ) ;
#2747 = CARTESIAN_POINT ( 'NONE',  ( -0.4403709076537046796, 0.3608809746752785208, -0.08022204926509922396 ) ) ;
#2748 = VECTOR ( 'NONE', #1152, 39.37007874015748143 ) ;
#2749 = CARTESIAN_POINT ( 'NONE',  ( -0.2499999999999998335, 0.1428124999999999811, -0.1722640653041067893 ) ) ;
#2750 = CARTESIAN_POINT ( 'NONE',  ( -0.5099999999999998979, -0.1234670058598324599, -0.2367136103679101378 ) ) ;
#2751 = TOROIDAL_SURFACE ( 'NONE', #1892, 0.2274899352205227709, 0.02999999999999999889 ) ;
#2752 = EDGE_LOOP ( 'NONE', ( #2151, #524, #2704, #358, #2543, #2374, #1600 ) ) ;
#2753 = CYLINDRICAL_SURFACE ( 'NONE', #2288, 0.1622640653041068082 ) ;
#2754 = CARTESIAN_POINT ( 'NONE',  ( 0.06000000000000001860, 1.405383189954596324, -0.2367136103677463521 ) ) ;
#2755 = CARTESIAN_POINT ( 'NONE',  ( 0.02990535978617592586, -0.1251501844852268008, -0.3118237859153259461 ) ) ;
#2756 = ADVANCED_FACE ( 'NONE', ( #465 ), #1972, .F. ) ;
#2757 = VECTOR ( 'NONE', #2646, 39.37007874015748143 ) ;
#2758 = AXIS2_PLACEMENT_3D ( 'NONE', #2340, #800, #2309 ) ;
#2759 = DIRECTION ( 'NONE',  ( -1.000000000000000000, 0.000000000000000000, 0.000000000000000000 ) ) ;
#2760 = CARTESIAN_POINT ( 'NONE',  ( 0.08499999999972042419, 0.1367395351589965613, -0.2800148805571296973 ) ) ;
#2761 = EDGE_CURVE ( 'NONE', #397, #1543, #1038, .T. ) ;
#2762 = EDGE_CURVE ( 'NONE', #1543, #397, #997, .T. ) ;
#2763 = CIRCLE ( 'NONE', #1532, 0.1622640653041068082 ) ;
#2764 = FACE_OUTER_BOUND ( 'NONE', #348, .T. ) ;
#2765 = EDGE_LOOP ( 'NONE', ( #1323, #308, #672, #267 ) ) ;
#2766 = CARTESIAN_POINT ( 'NONE',  ( -0.2499999999999998612, -0.1428124999999999811, -1.372493369525490991E-17 ) ) ;
#2767 = DIRECTION ( 'NONE',  ( 0.000000000000000000, 0.000000000000000000, 1.000000000000000000 ) ) ;
#2768 = LINE ( 'NONE', #1684, #1405 ) ;
#2769 = CARTESIAN_POINT ( 'NONE',  ( -0.2499999999999996669, 0.2528124999999999400, -4.433486140803048361E-16 ) ) ;
#2770 = VERTEX_POINT ( 'NONE', #706 ) ;
#2771 = LINE ( 'NONE', #1250, #1206 ) ;
#2772 = CARTESIAN_POINT ( 'NONE',  ( 0.1599999999999999756, 1.405383189954596324, 3.462219163596295121E-17 ) ) ;
#2773 = CARTESIAN_POINT ( 'NONE',  ( -0.7299999999999999822, 0.3499999999999999778, 0.1362388015731151869 ) ) ;
#2774 = CARTESIAN_POINT ( 'NONE',  ( 0.04070487346691966518, -0.1812508604321889649, -0.3055886837846307769 ) ) ;
#2775 = FACE_OUTER_BOUND ( 'NONE', #101, .T. ) ;
#2776 = CARTESIAN_POINT ( 'NONE',  ( 0.02906477774924423260, 0.1227771880617439804, -0.3123090961806217480 ) ) ;
#2777 = ADVANCED_FACE ( 'NONE', ( #21 ), #2597, .F. ) ;
#2778 = CARTESIAN_POINT ( 'NONE',  ( 0.1599999999999998923, 0.3499999999999999778, 0.1000000000000001443 ) ) ;
#2779 = ORIENTED_EDGE ( 'NONE', *, *, #1062, .F. ) ;
#2780 = EDGE_LOOP ( 'NONE', ( #839, #1993, #2442, #1361 ) ) ;
#2781 = DIRECTION ( 'NONE',  ( 0.000000000000000000, 0.000000000000000000, -1.000000000000000000 ) ) ;
#2782 = FACE_OUTER_BOUND ( 'NONE', #1286, .T. ) ;
#2783 = CARTESIAN_POINT ( 'NONE',  ( 0.1599999999999999201, 0.3499999999999999778, 4.585672809699774120E-17 ) ) ;
#2784 =( BOUNDED_CURVE ( )  B_SPLINE_CURVE ( 3, ( #142, #1846, #1002, #408 ),
 .UNSPECIFIED., .F., .F. ) 
 B_SPLINE_CURVE_WITH_KNOTS ( ( 4, 4 ),
 ( 4.712388980384687898, 6.283185307179586232 ),
 .UNSPECIFIED. ) 
 CURVE ( )  GEOMETRIC_REPRESENTATION_ITEM ( )  RATIONAL_B_SPLINE_CURVE ( ( 1.000000000000000000, 0.8047378541243646044, 0.8047378541243646044, 1.000000000000000000 ) ) 
 REPRESENTATION_ITEM ( '' )  );
#2785 = VECTOR ( 'NONE', #2057, 39.37007874015748854 ) ;
#2786 = CLOSED_SHELL ( 'NONE', ( #1871, #208, #2618, #1973, #1750, #612, #242, #1268, #347, #2311, #1601, #1102, #2326, #123, #138, #702, #2001, #1313, #54, #1229, #1870, #1827, #947, #1419, #491, #2407, #461, #2756, #909, #2777, #1923, #1282, #965, #2598, #2458, #169, #1604, #48, #1965, #882, #1438, #1751, #127, #752, #1554, #995, #1114, #2637, #92, #411, #2593, #2239, #1698, #1912, #1907, #2276, #2675, #621, #2559, #602, #1656, #1248, #89, #2365, #1159, #700, #90, #778, #1078, #928, #2281, #1527, #2178, #2161, #2371, #1435, #2634, #153, #1572, #2352, #1332, #525, #1048, #2797, #590, #2314, #1652, #699 ) ) ;
#2787 = EDGE_LOOP ( 'NONE', ( #1756, #1012, #881, #1501 ) ) ;
#2788 = DIRECTION ( 'NONE',  ( 0.000000000000000000, 0.000000000000000000, 1.000000000000000000 ) ) ;
#2789 = LINE ( 'NONE', #2148, #807 ) ;
#2790 = CARTESIAN_POINT ( 'NONE',  ( -0.3499999999999995892, 0.3428124999999999645, -0.1732050807568881190 ) ) ;
#2791 = DIRECTION ( 'NONE',  ( 0.7071067811865465735, 0.7071067811865484609, 0.000000000000000000 ) ) ;
#2792 = DIRECTION ( 'NONE',  ( 0.000000000000000000, 1.000000000000000000, 0.000000000000000000 ) ) ;
#2793 = EDGE_LOOP ( 'NONE', ( #910, #1185 ) ) ;
#2794 = VERTEX_POINT ( 'NONE', #1150 ) ;
#2795 = FACE_OUTER_BOUND ( 'NONE', #1606, .T. ) ;
#2796 = CARTESIAN_POINT ( 'NONE',  ( -0.2499999999999998335, -0.2306696428571429480, 0.4181665521130571994 ) ) ;
#2797 = ADVANCED_FACE ( 'NONE', ( #1369 ), #58, .T. ) ;
#2798 = CARTESIAN_POINT ( 'NONE',  ( -0.4359810639095852425, 0.3499999999999983680, -0.08040088267696270108 ) ) ;
#2799 = EDGE_CURVE ( 'NONE', #660, #1998, #768, .T. ) ;
ENDSEC;
END-ISO-10303-21;
